2026-06-25 20:21:20.707   Log opened. (Time zone: UTC+03:30)
2026-06-25 20:21:20.707   Setup version: Inno Setup version 6.7.3
2026-06-25 20:21:20.707   Original Setup EXE: D:\duc\samahesab-src\installer\Output\SamaHesab_Setup_v2.6.4.exe
2026-06-25 20:21:20.707   Setup command line: /SL5="$60678,112612040,867840,D:\duc\samahesab-src\installer\Output\SamaHesab_Setup_v2.6.4.exe" /VERYSILENT /SUPPRESSMSGBOXES /NORESTART /LOG=D:\duc\samahesab-src\install_264b.log 
2026-06-25 20:21:20.707   Compatibility mode: Yes (Installer)
2026-06-25 20:21:20.707   Windows version: 10.0.26200
2026-06-25 20:21:20.707   Windows architecture: x64 (64-bit)
2026-06-25 20:21:20.707   Machine types supported by system: x86 x64
2026-06-25 20:21:20.707   User privileges: Administrative
2026-06-25 20:21:20.713   Administrative install mode: Yes
2026-06-25 20:21:20.713   Install mode root key: HKEY_LOCAL_MACHINE
2026-06-25 20:21:20.713   64-bit install mode: Yes
2026-06-25 20:21:20.713   RedirectionGuard status for current process: Enabled in enforcing mode
2026-06-25 20:21:20.715   Created protected temporary directory: C:\Users\Mohammad\AppData\Local\Temp\is-DDBOXOSGCO.tmp
2026-06-25 20:21:20.841   Found 983 files to register with RestartManager.
2026-06-25 20:21:20.841   Calling RestartManager's RmGetList.
2026-06-25 20:21:30.303   RmGetList finished successfully.
2026-06-25 20:21:30.303   RestartManager found no applications using one of our files.
2026-06-25 20:21:30.306   Starting the installation process.
2026-06-25 20:21:30.307   Setting permissions on directory: C:\Program Files\SamaHesab\logs
2026-06-25 20:21:30.309   Setting permissions on directory: C:\Program Files\SamaHesab\backup
2026-06-25 20:21:30.309   Setting permissions on directory: C:\Program Files\SamaHesab\reports
2026-06-25 20:21:30.309   Setting permissions on directory: C:\Program Files\SamaHesab\temp
2026-06-25 20:21:30.309   Directory for uninstall files: C:\Program Files\SamaHesab
2026-06-25 20:21:30.316   Will append to existing uninstall log: C:\Program Files\SamaHesab\unins000.dat
2026-06-25 20:21:30.327   -- File entry --
2026-06-25 20:21:30.327   Dest filename: C:\Program Files\SamaHesab\unins000.exe
2026-06-25 20:21:30.327   Non-default bitness: 32-bit
2026-06-25 20:21:30.328   Time stamp of our file: 2026-06-25 20:21:20.531
2026-06-25 20:21:30.328   Dest file exists.
2026-06-25 20:21:30.328   Time stamp of existing file: 2026-06-25 16:43:18.730
2026-06-25 20:21:30.329   Version of our file: 51.1054.0.0
2026-06-25 20:21:30.389   Version of existing file: 51.1054.0.0
2026-06-25 20:21:30.389   Installing the file.
2026-06-25 20:21:30.393   Leaving temporary file in place for now.
2026-06-25 20:21:30.393   -- File entry --
2026-06-25 20:21:30.393   Dest filename: C:\Program Files\SamaHesab\Accessibility.dll
2026-06-25 20:21:30.394   Time stamp of our file: 2026-04-30 10:59:06.000
2026-06-25 20:21:30.394   Dest file exists.
2026-06-25 20:21:30.394   Time stamp of existing file: 2026-04-30 10:59:06.000
2026-06-25 20:21:30.394   Installing the file.
2026-06-25 20:21:30.395   Successfully installed the file.
2026-06-25 20:21:30.395   -- File entry --
2026-06-25 20:21:30.395   Dest filename: C:\Program Files\SamaHesab\appsettings.json
2026-06-25 20:21:30.396   Time stamp of our file: 2026-06-20 12:30:40.000
2026-06-25 20:21:30.396   Dest file exists.
2026-06-25 20:21:30.396   Time stamp of existing file: 2026-06-20 12:30:40.000
2026-06-25 20:21:30.396   Installing the file.
2026-06-25 20:21:30.396   Successfully installed the file.
2026-06-25 20:21:30.396   -- File entry --
2026-06-25 20:21:30.396   Dest filename: C:\Program Files\SamaHesab\Azure.Core.dll
2026-06-25 20:21:30.396   Time stamp of our file: 2024-02-26 18:54:40.000
2026-06-25 20:21:30.396   Dest file exists.
2026-06-25 20:21:30.396   Time stamp of existing file: 2024-02-26 18:54:40.000
2026-06-25 20:21:30.396   Installing the file.
2026-06-25 20:21:30.405   Successfully installed the file.
2026-06-25 20:21:30.405   -- File entry --
2026-06-25 20:21:30.405   Dest filename: C:\Program Files\SamaHesab\Azure.Identity.dll
2026-06-25 20:21:30.405   Time stamp of our file: 2024-06-10 20:13:48.000
2026-06-25 20:21:30.405   Dest file exists.
2026-06-25 20:21:30.405   Time stamp of existing file: 2024-06-10 20:13:48.000
2026-06-25 20:21:30.405   Installing the file.
2026-06-25 20:21:30.412   Successfully installed the file.
2026-06-25 20:21:30.412   -- File entry --
2026-06-25 20:21:30.412   Dest filename: C:\Program Files\SamaHesab\ClosedXML.dll
2026-06-25 20:21:30.413   Time stamp of our file: 2024-11-15 03:56:30.000
2026-06-25 20:21:30.413   Dest file exists.
2026-06-25 20:21:30.413   Time stamp of existing file: 2024-11-15 03:56:30.000
2026-06-25 20:21:30.413   Installing the file.
2026-06-25 20:21:30.442   Successfully installed the file.
2026-06-25 20:21:30.443   -- File entry --
2026-06-25 20:21:30.443   Dest filename: C:\Program Files\SamaHesab\ClosedXML.Parser.dll
2026-06-25 20:21:30.443   Time stamp of our file: 2024-01-17 23:21:36.000
2026-06-25 20:21:30.443   Dest file exists.
2026-06-25 20:21:30.443   Time stamp of existing file: 2024-01-17 23:21:36.000
2026-06-25 20:21:30.443   Installing the file.
2026-06-25 20:21:30.447   Successfully installed the file.
2026-06-25 20:21:30.447   -- File entry --
2026-06-25 20:21:30.447   Dest filename: C:\Program Files\SamaHesab\clretwrc.dll
2026-06-25 20:21:30.447   Time stamp of our file: 2026-04-30 02:48:30.000
2026-06-25 20:21:30.447   Dest file exists.
2026-06-25 20:21:30.447   Time stamp of existing file: 2026-04-30 02:48:30.000
2026-06-25 20:21:30.447   Installing the file.
2026-06-25 20:21:30.451   Successfully installed the file.
2026-06-25 20:21:30.452   -- File entry --
2026-06-25 20:21:30.452   Dest filename: C:\Program Files\SamaHesab\clrgc.dll
2026-06-25 20:21:30.452   Time stamp of our file: 2026-04-30 02:46:10.000
2026-06-25 20:21:30.452   Dest file exists.
2026-06-25 20:21:30.452   Time stamp of existing file: 2026-04-30 02:46:10.000
2026-06-25 20:21:30.452   Installing the file.
2026-06-25 20:21:30.467   Successfully installed the file.
2026-06-25 20:21:30.467   -- File entry --
2026-06-25 20:21:30.467   Dest filename: C:\Program Files\SamaHesab\clrgcexp.dll
2026-06-25 20:21:30.467   Time stamp of our file: 2026-04-30 02:46:10.000
2026-06-25 20:21:30.467   Dest file exists.
2026-06-25 20:21:30.467   Time stamp of existing file: 2026-04-30 02:46:10.000
2026-06-25 20:21:30.467   Installing the file.
2026-06-25 20:21:30.480   Successfully installed the file.
2026-06-25 20:21:30.480   -- File entry --
2026-06-25 20:21:30.480   Dest filename: C:\Program Files\SamaHesab\clrjit.dll
2026-06-25 20:21:30.480   Time stamp of our file: 2026-04-30 02:45:20.000
2026-06-25 20:21:30.480   Dest file exists.
2026-06-25 20:21:30.480   Time stamp of existing file: 2026-04-30 02:45:20.000
2026-06-25 20:21:30.480   Installing the file.
2026-06-25 20:21:30.527   Successfully installed the file.
2026-06-25 20:21:30.527   -- File entry --
2026-06-25 20:21:30.527   Dest filename: C:\Program Files\SamaHesab\CommunityToolkit.Mvvm.dll
2026-06-25 20:21:30.527   Time stamp of our file: 2024-09-18 15:22:00.000
2026-06-25 20:21:30.527   Dest file exists.
2026-06-25 20:21:30.527   Time stamp of existing file: 2024-09-18 15:22:00.000
2026-06-25 20:21:30.527   Installing the file.
2026-06-25 20:21:30.530   Successfully installed the file.
2026-06-25 20:21:30.530   -- File entry --
2026-06-25 20:21:30.530   Dest filename: C:\Program Files\SamaHesab\ControlzEx.dll
2026-06-25 20:21:30.530   Time stamp of our file: 2020-11-01 01:39:54.000
2026-06-25 20:21:30.531   Dest file exists.
2026-06-25 20:21:30.531   Time stamp of existing file: 2020-11-01 01:39:54.000
2026-06-25 20:21:30.531   Installing the file.
2026-06-25 20:21:30.537   Successfully installed the file.
2026-06-25 20:21:30.537   -- File entry --
2026-06-25 20:21:30.537   Dest filename: C:\Program Files\SamaHesab\coreclr.dll
2026-06-25 20:21:30.537   Time stamp of our file: 2026-04-30 02:42:54.000
2026-06-25 20:21:30.537   Dest file exists.
2026-06-25 20:21:30.537   Time stamp of existing file: 2026-04-30 02:42:54.000
2026-06-25 20:21:30.537   Installing the file.
2026-06-25 20:21:30.638   Successfully installed the file.
2026-06-25 20:21:30.638   -- File entry --
2026-06-25 20:21:30.638   Dest filename: C:\Program Files\SamaHesab\createdump.exe
2026-06-25 20:21:30.638   Time stamp of our file: 2026-04-30 02:48:30.000
2026-06-25 20:21:30.638   Dest file exists.
2026-06-25 20:21:30.638   Time stamp of existing file: 2026-04-30 02:48:30.000
2026-06-25 20:21:30.638   Installing the file.
2026-06-25 20:21:30.640   Successfully installed the file.
2026-06-25 20:21:30.640   -- File entry --
2026-06-25 20:21:30.640   Dest filename: C:\Program Files\SamaHesab\D3DCompiler_47_cor3.dll
2026-06-25 20:21:30.640   Time stamp of our file: 2026-01-27 09:48:40.000
2026-06-25 20:21:30.640   Dest file exists.
2026-06-25 20:21:30.640   Time stamp of existing file: 2026-01-27 09:48:40.000
2026-06-25 20:21:30.640   Installing the file.
2026-06-25 20:21:30.738   Successfully installed the file.
2026-06-25 20:21:30.738   -- File entry --
2026-06-25 20:21:30.738   Dest filename: C:\Program Files\SamaHesab\DirectWriteForwarder.dll
2026-06-25 20:21:30.738   Time stamp of our file: 2026-04-30 16:08:44.000
2026-06-25 20:21:30.738   Dest file exists.
2026-06-25 20:21:30.738   Time stamp of existing file: 2026-04-30 16:08:44.000
2026-06-25 20:21:30.738   Installing the file.
2026-06-25 20:21:30.752   Successfully installed the file.
2026-06-25 20:21:30.752   -- File entry --
2026-06-25 20:21:30.752   Dest filename: C:\Program Files\SamaHesab\DocumentFormat.OpenXml.dll
2026-06-25 20:21:30.752   Time stamp of our file: 2024-10-15 22:48:56.000
2026-06-25 20:21:30.752   Dest file exists.
2026-06-25 20:21:30.752   Time stamp of existing file: 2024-10-15 22:48:56.000
2026-06-25 20:21:30.752   Installing the file.
2026-06-25 20:21:30.836   Successfully installed the file.
2026-06-25 20:21:30.836   -- File entry --
2026-06-25 20:21:30.836   Dest filename: C:\Program Files\SamaHesab\DocumentFormat.OpenXml.Framework.dll
2026-06-25 20:21:30.836   Time stamp of our file: 2024-10-15 22:48:56.000
2026-06-25 20:21:30.836   Dest file exists.
2026-06-25 20:21:30.836   Time stamp of existing file: 2024-10-15 22:48:56.000
2026-06-25 20:21:30.836   Installing the file.
2026-06-25 20:21:30.846   Successfully installed the file.
2026-06-25 20:21:30.846   -- File entry --
2026-06-25 20:21:30.846   Dest filename: C:\Program Files\SamaHesab\ExcelNumberFormat.dll
2026-06-25 20:21:30.846   Time stamp of our file: 2020-10-02 12:12:28.000
2026-06-25 20:21:30.846   Dest file exists.
2026-06-25 20:21:30.846   Time stamp of existing file: 2020-10-02 12:12:28.000
2026-06-25 20:21:30.846   Installing the file.
2026-06-25 20:21:30.847   Successfully installed the file.
2026-06-25 20:21:30.847   -- File entry --
2026-06-25 20:21:30.847   Dest filename: C:\Program Files\SamaHesab\FluentValidation.DependencyInjectionExtensions.dll
2026-06-25 20:21:30.847   Time stamp of our file: 2024-11-16 23:13:22.000
2026-06-25 20:21:30.847   Dest file exists.
2026-06-25 20:21:30.847   Time stamp of existing file: 2024-11-16 23:13:22.000
2026-06-25 20:21:30.847   Installing the file.
2026-06-25 20:21:30.849   Successfully installed the file.
2026-06-25 20:21:30.849   -- File entry --
2026-06-25 20:21:30.849   Dest filename: C:\Program Files\SamaHesab\FluentValidation.dll
2026-06-25 20:21:30.849   Time stamp of our file: 2024-11-16 23:13:24.000
2026-06-25 20:21:30.849   Dest file exists.
2026-06-25 20:21:30.849   Time stamp of existing file: 2024-11-16 23:13:24.000
2026-06-25 20:21:30.849   Installing the file.
2026-06-25 20:21:30.857   Successfully installed the file.
2026-06-25 20:21:30.857   -- File entry --
2026-06-25 20:21:30.857   Dest filename: C:\Program Files\SamaHesab\FluentWPF.dll
2026-06-25 20:21:30.858   Time stamp of our file: 2021-10-10 03:41:58.000
2026-06-25 20:21:30.858   Dest file exists.
2026-06-25 20:21:30.858   Time stamp of existing file: 2021-10-10 03:41:58.000
2026-06-25 20:21:30.858   Installing the file.
2026-06-25 20:21:30.862   Successfully installed the file.
2026-06-25 20:21:30.862   -- File entry --
2026-06-25 20:21:30.862   Dest filename: C:\Program Files\SamaHesab\hostfxr.dll
2026-06-25 20:21:30.863   Time stamp of our file: 2026-04-30 02:58:16.000
2026-06-25 20:21:30.863   Dest file exists.
2026-06-25 20:21:30.863   Time stamp of existing file: 2026-04-30 02:58:16.000
2026-06-25 20:21:30.863   Installing the file.
2026-06-25 20:21:30.870   Successfully installed the file.
2026-06-25 20:21:30.870   -- File entry --
2026-06-25 20:21:30.870   Dest filename: C:\Program Files\SamaHesab\hostpolicy.dll
2026-06-25 20:21:30.870   Time stamp of our file: 2026-04-30 02:58:18.000
2026-06-25 20:21:30.870   Dest file exists.
2026-06-25 20:21:30.870   Time stamp of existing file: 2026-04-30 02:58:18.000
2026-06-25 20:21:30.870   Installing the file.
2026-06-25 20:21:30.877   Successfully installed the file.
2026-06-25 20:21:30.877   -- File entry --
2026-06-25 20:21:30.877   Dest filename: C:\Program Files\SamaHesab\hozur.deps.json
2026-06-25 20:21:30.877   Time stamp of our file: 2026-06-25 20:18:38.000
2026-06-25 20:21:30.877   Dest file exists.
2026-06-25 20:21:30.877   Time stamp of existing file: 2026-06-25 16:40:16.000
2026-06-25 20:21:30.877   Installing the file.
2026-06-25 20:21:30.878   Successfully installed the file.
2026-06-25 20:21:30.879   -- File entry --
2026-06-25 20:21:30.879   Dest filename: C:\Program Files\SamaHesab\hozur.dll
2026-06-25 20:21:30.879   Time stamp of our file: 2026-06-25 20:18:38.000
2026-06-25 20:21:30.879   Dest file exists.
2026-06-25 20:21:30.879   Time stamp of existing file: 2026-06-25 16:40:16.000
2026-06-25 20:21:30.879   Installing the file.
2026-06-25 20:21:30.880   Successfully installed the file.
2026-06-25 20:21:30.880   -- File entry --
2026-06-25 20:21:30.880   Dest filename: C:\Program Files\SamaHesab\hozur.exe
2026-06-25 20:21:30.880   Time stamp of our file: 2026-06-25 20:18:38.000
2026-06-25 20:21:30.880   Dest file exists.
2026-06-25 20:21:30.880   Time stamp of existing file: 2026-06-25 16:40:16.000
2026-06-25 20:21:30.880   Installing the file.
2026-06-25 20:21:30.883   Successfully installed the file.
2026-06-25 20:21:30.883   -- File entry --
2026-06-25 20:21:30.883   Dest filename: C:\Program Files\SamaHesab\hozur.runtimeconfig.json
2026-06-25 20:21:30.883   Time stamp of our file: 2026-06-25 20:18:38.000
2026-06-25 20:21:30.883   Dest file exists.
2026-06-25 20:21:30.883   Time stamp of existing file: 2026-06-25 16:40:16.000
2026-06-25 20:21:30.883   Installing the file.
2026-06-25 20:21:30.884   Successfully installed the file.
2026-06-25 20:21:30.884   -- File entry --
2026-06-25 20:21:30.884   Dest filename: C:\Program Files\SamaHesab\ICSharpCode.SharpZipLib.dll
2026-06-25 20:21:30.884   Time stamp of our file: 2023-01-29 18:29:10.000
2026-06-25 20:21:30.884   Dest file exists.
2026-06-25 20:21:30.884   Time stamp of existing file: 2023-01-29 18:29:10.000
2026-06-25 20:21:30.884   Installing the file.
2026-06-25 20:21:30.890   Successfully installed the file.
2026-06-25 20:21:30.890   -- File entry --
2026-06-25 20:21:30.890   Dest filename: C:\Program Files\SamaHesab\kitchen.deps.json
2026-06-25 20:21:30.890   Time stamp of our file: 2026-06-25 20:18:34.000
2026-06-25 20:21:30.890   Dest file exists.
2026-06-25 20:21:30.890   Time stamp of existing file: 2026-06-25 16:40:12.000
2026-06-25 20:21:30.890   Installing the file.
2026-06-25 20:21:30.891   Successfully installed the file.
2026-06-25 20:21:30.891   -- File entry --
2026-06-25 20:21:30.891   Dest filename: C:\Program Files\SamaHesab\kitchen.dll
2026-06-25 20:21:30.891   Time stamp of our file: 2026-06-25 20:18:34.000
2026-06-25 20:21:30.891   Dest file exists.
2026-06-25 20:21:30.891   Time stamp of existing file: 2026-06-25 16:40:12.000
2026-06-25 20:21:30.891   Installing the file.
2026-06-25 20:21:30.892   Successfully installed the file.
2026-06-25 20:21:30.892   -- File entry --
2026-06-25 20:21:30.892   Dest filename: C:\Program Files\SamaHesab\kitchen.exe
2026-06-25 20:21:30.892   Time stamp of our file: 2026-06-25 20:18:34.000
2026-06-25 20:21:30.892   Dest file exists.
2026-06-25 20:21:30.892   Time stamp of existing file: 2026-06-25 16:40:12.000
2026-06-25 20:21:30.892   Installing the file.
2026-06-25 20:21:30.894   Successfully installed the file.
2026-06-25 20:21:30.894   -- File entry --
2026-06-25 20:21:30.894   Dest filename: C:\Program Files\SamaHesab\kitchen.runtimeconfig.json
2026-06-25 20:21:30.896   Time stamp of our file: 2026-06-25 20:18:34.000
2026-06-25 20:21:30.896   Dest file exists.
2026-06-25 20:21:30.896   Time stamp of existing file: 2026-06-25 16:40:12.000
2026-06-25 20:21:30.896   Installing the file.
2026-06-25 20:21:30.896   Successfully installed the file.
2026-06-25 20:21:30.896   -- File entry --
2026-06-25 20:21:30.896   Dest filename: C:\Program Files\SamaHesab\MahApps.Metro.dll
2026-06-25 20:21:30.896   Time stamp of our file: 2023-07-06 13:56:22.000
2026-06-25 20:21:30.896   Dest file exists.
2026-06-25 20:21:30.896   Time stamp of existing file: 2023-07-06 13:56:22.000
2026-06-25 20:21:30.896   Installing the file.
2026-06-25 20:21:30.935   Successfully installed the file.
2026-06-25 20:21:30.935   -- File entry --
2026-06-25 20:21:30.935   Dest filename: C:\Program Files\SamaHesab\MaterialDesignColors.dll
2026-06-25 20:21:30.935   Time stamp of our file: 2024-06-22 23:58:28.000
2026-06-25 20:21:30.935   Dest file exists.
2026-06-25 20:21:30.935   Time stamp of existing file: 2024-06-22 23:58:28.000
2026-06-25 20:21:30.935   Installing the file.
2026-06-25 20:21:30.939   Successfully installed the file.
2026-06-25 20:21:30.939   -- File entry --
2026-06-25 20:21:30.939   Dest filename: C:\Program Files\SamaHesab\MaterialDesignThemes.MahApps.dll
2026-06-25 20:21:30.939   Time stamp of our file: 2024-06-22 23:59:02.000
2026-06-25 20:21:30.939   Dest file exists.
2026-06-25 20:21:30.939   Time stamp of existing file: 2024-06-22 23:59:02.000
2026-06-25 20:21:30.939   Installing the file.
2026-06-25 20:21:30.941   Successfully installed the file.
2026-06-25 20:21:30.941   -- File entry --
2026-06-25 20:21:30.941   Dest filename: C:\Program Files\SamaHesab\MaterialDesignThemes.Wpf.dll
2026-06-25 20:21:30.941   Time stamp of our file: 2024-06-22 23:58:52.000
2026-06-25 20:21:30.941   Dest file exists.
2026-06-25 20:21:30.941   Time stamp of existing file: 2024-06-22 23:58:52.000
2026-06-25 20:21:30.941   Installing the file.
2026-06-25 20:21:31.077   Successfully installed the file.
2026-06-25 20:21:31.077   -- File entry --
2026-06-25 20:21:31.077   Dest filename: C:\Program Files\SamaHesab\MediatR.Contracts.dll
2026-06-25 20:21:31.078   Time stamp of our file: 2023-02-22 22:18:20.000
2026-06-25 20:21:31.078   Dest file exists.
2026-06-25 20:21:31.078   Time stamp of existing file: 2023-02-22 22:18:20.000
2026-06-25 20:21:31.078   Installing the file.
2026-06-25 20:21:31.079   Successfully installed the file.
2026-06-25 20:21:31.079   -- File entry --
2026-06-25 20:21:31.079   Dest filename: C:\Program Files\SamaHesab\MediatR.dll
2026-06-25 20:21:31.079   Time stamp of our file: 2024-09-09 17:38:14.000
2026-06-25 20:21:31.079   Dest file exists.
2026-06-25 20:21:31.079   Time stamp of existing file: 2024-09-09 17:38:14.000
2026-06-25 20:21:31.079   Installing the file.
2026-06-25 20:21:31.081   Successfully installed the file.
2026-06-25 20:21:31.081   -- File entry --
2026-06-25 20:21:31.081   Dest filename: C:\Program Files\SamaHesab\Microsoft.Bcl.AsyncInterfaces.dll
2026-06-25 20:21:31.082   Time stamp of our file: 2020-04-15 02:09:12.000
2026-06-25 20:21:31.082   Dest file exists.
2026-06-25 20:21:31.082   Time stamp of existing file: 2020-04-15 02:09:12.000
2026-06-25 20:21:31.082   Installing the file.
2026-06-25 20:21:31.082   Successfully installed the file.
2026-06-25 20:21:31.083   -- File entry --
2026-06-25 20:21:31.083   Dest filename: C:\Program Files\SamaHesab\Microsoft.CSharp.dll
2026-06-25 20:21:31.083   Time stamp of our file: 2026-04-30 03:06:42.000
2026-06-25 20:21:31.083   Dest file exists.
2026-06-25 20:21:31.083   Time stamp of existing file: 2026-04-30 03:06:42.000
2026-06-25 20:21:31.083   Installing the file.
2026-06-25 20:21:31.108   Successfully installed the file.
2026-06-25 20:21:31.108   -- File entry --
2026-06-25 20:21:31.108   Dest filename: C:\Program Files\SamaHesab\Microsoft.Data.SqlClient.dll
2026-06-25 20:21:31.108   Time stamp of our file: 2024-08-27 22:16:52.000
2026-06-25 20:21:31.108   Dest file exists.
2026-06-25 20:21:31.108   Time stamp of existing file: 2024-08-27 22:16:52.000
2026-06-25 20:21:31.108   Installing the file.
2026-06-25 20:21:31.146   Successfully installed the file.
2026-06-25 20:21:31.146   -- File entry --
2026-06-25 20:21:31.146   Dest filename: C:\Program Files\SamaHesab\Microsoft.Data.SqlClient.SNI.dll
2026-06-25 20:21:31.146   Time stamp of our file: 2024-02-21 02:00:22.000
2026-06-25 20:21:31.146   Dest file exists.
2026-06-25 20:21:31.146   Time stamp of existing file: 2024-02-21 02:00:22.000
2026-06-25 20:21:31.146   Installing the file.
2026-06-25 20:21:31.156   Successfully installed the file.
2026-06-25 20:21:31.156   -- File entry --
2026-06-25 20:21:31.156   Dest filename: C:\Program Files\SamaHesab\Microsoft.DiaSymReader.Native.amd64.dll
2026-06-25 20:21:31.157   Time stamp of our file: 2024-11-27 07:48:14.000
2026-06-25 20:21:31.157   Dest file exists.
2026-06-25 20:21:31.157   Time stamp of existing file: 2024-11-27 07:48:14.000
2026-06-25 20:21:31.157   Installing the file.
2026-06-25 20:21:31.197   Successfully installed the file.
2026-06-25 20:21:31.197   -- File entry --
2026-06-25 20:21:31.197   Dest filename: C:\Program Files\SamaHesab\Microsoft.EntityFrameworkCore.Abstractions.dll
2026-06-25 20:21:31.197   Time stamp of our file: 2024-10-29 13:27:06.000
2026-06-25 20:21:31.197   Dest file exists.
2026-06-25 20:21:31.197   Time stamp of existing file: 2024-10-29 13:27:06.000
2026-06-25 20:21:31.197   Installing the file.
2026-06-25 20:21:31.199   Successfully installed the file.
2026-06-25 20:21:31.199   -- File entry --
2026-06-25 20:21:31.199   Dest filename: C:\Program Files\SamaHesab\Microsoft.EntityFrameworkCore.dll
2026-06-25 20:21:31.199   Time stamp of our file: 2024-10-29 13:27:48.000
2026-06-25 20:21:31.199   Dest file exists.
2026-06-25 20:21:31.199   Time stamp of existing file: 2024-10-29 13:27:48.000
2026-06-25 20:21:31.199   Installing the file.
2026-06-25 20:21:31.244   Successfully installed the file.
2026-06-25 20:21:31.244   -- File entry --
2026-06-25 20:21:31.244   Dest filename: C:\Program Files\SamaHesab\Microsoft.EntityFrameworkCore.Relational.dll
2026-06-25 20:21:31.244   Time stamp of our file: 2024-10-29 13:28:16.000
2026-06-25 20:21:31.244   Dest file exists.
2026-06-25 20:21:31.245   Time stamp of existing file: 2024-10-29 13:28:16.000
2026-06-25 20:21:31.245   Installing the file.
2026-06-25 20:21:31.280   Successfully installed the file.
2026-06-25 20:21:31.280   -- File entry --
2026-06-25 20:21:31.280   Dest filename: C:\Program Files\SamaHesab\Microsoft.EntityFrameworkCore.SqlServer.dll
2026-06-25 20:21:31.280   Time stamp of our file: 2024-10-29 13:29:26.000
2026-06-25 20:21:31.280   Dest file exists.
2026-06-25 20:21:31.280   Time stamp of existing file: 2024-10-29 13:29:26.000
2026-06-25 20:21:31.280   Installing the file.
2026-06-25 20:21:31.292   Successfully installed the file.
2026-06-25 20:21:31.292   -- File entry --
2026-06-25 20:21:31.292   Dest filename: C:\Program Files\SamaHesab\Microsoft.Extensions.Caching.Abstractions.dll
2026-06-25 20:21:31.292   Time stamp of our file: 2024-10-29 06:08:18.000
2026-06-25 20:21:31.292   Dest file exists.
2026-06-25 20:21:31.292   Time stamp of existing file: 2024-10-29 06:08:18.000
2026-06-25 20:21:31.292   Installing the file.
2026-06-25 20:21:31.294   Successfully installed the file.
2026-06-25 20:21:31.294   -- File entry --
2026-06-25 20:21:31.294   Dest filename: C:\Program Files\SamaHesab\Microsoft.Extensions.Caching.Memory.dll
2026-06-25 20:21:31.294   Time stamp of our file: 2024-10-29 06:08:48.000
2026-06-25 20:21:31.294   Dest file exists.
2026-06-25 20:21:31.294   Time stamp of existing file: 2024-10-29 06:08:48.000
2026-06-25 20:21:31.294   Installing the file.
2026-06-25 20:21:31.296   Successfully installed the file.
2026-06-25 20:21:31.296   -- File entry --
2026-06-25 20:21:31.296   Dest filename: C:\Program Files\SamaHesab\Microsoft.Extensions.Configuration.Abstractions.dll
2026-06-25 20:21:31.296   Time stamp of our file: 2024-10-29 06:08:02.000
2026-06-25 20:21:31.296   Dest file exists.
2026-06-25 20:21:31.296   Time stamp of existing file: 2024-10-29 06:08:02.000
2026-06-25 20:21:31.296   Installing the file.
2026-06-25 20:21:31.297   Successfully installed the file.
2026-06-25 20:21:31.297   -- File entry --
2026-06-25 20:21:31.297   Dest filename: C:\Program Files\SamaHesab\Microsoft.Extensions.Configuration.Binder.dll
2026-06-25 20:21:31.297   Time stamp of our file: 2024-10-29 06:08:24.000
2026-06-25 20:21:31.297   Dest file exists.
2026-06-25 20:21:31.297   Time stamp of existing file: 2024-10-29 06:08:24.000
2026-06-25 20:21:31.297   Installing the file.
2026-06-25 20:21:31.299   Successfully installed the file.
2026-06-25 20:21:31.299   -- File entry --
2026-06-25 20:21:31.299   Dest filename: C:\Program Files\SamaHesab\Microsoft.Extensions.Configuration.CommandLine.dll
2026-06-25 20:21:31.299   Time stamp of our file: 2024-10-29 06:08:44.000
2026-06-25 20:21:31.299   Dest file exists.
2026-06-25 20:21:31.299   Time stamp of existing file: 2024-10-29 06:08:44.000
2026-06-25 20:21:31.299   Installing the file.
2026-06-25 20:21:31.300   Successfully installed the file.
2026-06-25 20:21:31.300   -- File entry --
2026-06-25 20:21:31.300   Dest filename: C:\Program Files\SamaHesab\Microsoft.Extensions.Configuration.dll
2026-06-25 20:21:31.300   Time stamp of our file: 2024-10-29 06:08:26.000
2026-06-25 20:21:31.300   Dest file exists.
2026-06-25 20:21:31.300   Time stamp of existing file: 2024-10-29 06:08:26.000
2026-06-25 20:21:31.300   Installing the file.
2026-06-25 20:21:31.301   Successfully installed the file.
2026-06-25 20:21:31.301   -- File entry --
2026-06-25 20:21:31.302   Dest filename: C:\Program Files\SamaHesab\Microsoft.Extensions.Configuration.EnvironmentVariables.dll
2026-06-25 20:21:31.302   Time stamp of our file: 2024-10-29 06:08:46.000
2026-06-25 20:21:31.302   Dest file exists.
2026-06-25 20:21:31.302   Time stamp of existing file: 2024-10-29 06:08:46.000
2026-06-25 20:21:31.302   Installing the file.
2026-06-25 20:21:31.303   Successfully installed the file.
2026-06-25 20:21:31.303   -- File entry --
2026-06-25 20:21:31.303   Dest filename: C:\Program Files\SamaHesab\Microsoft.Extensions.Configuration.FileExtensions.dll
2026-06-25 20:21:31.303   Time stamp of our file: 2024-10-29 06:08:50.000
2026-06-25 20:21:31.303   Dest file exists.
2026-06-25 20:21:31.303   Time stamp of existing file: 2024-10-29 06:08:50.000
2026-06-25 20:21:31.303   Installing the file.
2026-06-25 20:21:31.304   Successfully installed the file.
2026-06-25 20:21:31.304   -- File entry --
2026-06-25 20:21:31.304   Dest filename: C:\Program Files\SamaHesab\Microsoft.Extensions.Configuration.Json.dll
2026-06-25 20:21:31.304   Time stamp of our file: 2024-10-29 06:08:54.000
2026-06-25 20:21:31.304   Dest file exists.
2026-06-25 20:21:31.304   Time stamp of existing file: 2024-10-29 06:08:54.000
2026-06-25 20:21:31.304   Installing the file.
2026-06-25 20:21:31.305   Successfully installed the file.
2026-06-25 20:21:31.305   -- File entry --
2026-06-25 20:21:31.305   Dest filename: C:\Program Files\SamaHesab\Microsoft.Extensions.Configuration.UserSecrets.dll
2026-06-25 20:21:31.305   Time stamp of our file: 2024-10-29 06:08:58.000
2026-06-25 20:21:31.305   Dest file exists.
2026-06-25 20:21:31.305   Time stamp of existing file: 2024-10-29 06:08:58.000
2026-06-25 20:21:31.305   Installing the file.
2026-06-25 20:21:31.306   Successfully installed the file.
2026-06-25 20:21:31.306   -- File entry --
2026-06-25 20:21:31.306   Dest filename: C:\Program Files\SamaHesab\Microsoft.Extensions.DependencyInjection.Abstractions.dll
2026-06-25 20:21:31.306   Time stamp of our file: 2024-10-29 06:08:16.000
2026-06-25 20:21:31.306   Dest file exists.
2026-06-25 20:21:31.306   Time stamp of existing file: 2024-10-29 06:08:16.000
2026-06-25 20:21:31.306   Installing the file.
2026-06-25 20:21:31.308   Successfully installed the file.
2026-06-25 20:21:31.308   -- File entry --
2026-06-25 20:21:31.308   Dest filename: C:\Program Files\SamaHesab\Microsoft.Extensions.DependencyInjection.dll
2026-06-25 20:21:31.308   Time stamp of our file: 2024-10-29 06:08:42.000
2026-06-25 20:21:31.308   Dest file exists.
2026-06-25 20:21:31.308   Time stamp of existing file: 2024-10-29 06:08:42.000
2026-06-25 20:21:31.308   Installing the file.
2026-06-25 20:21:31.312   Successfully installed the file.
2026-06-25 20:21:31.312   -- File entry --
2026-06-25 20:21:31.312   Dest filename: C:\Program Files\SamaHesab\Microsoft.Extensions.Diagnostics.Abstractions.dll
2026-06-25 20:21:31.312   Time stamp of our file: 2024-10-29 06:08:40.000
2026-06-25 20:21:31.312   Dest file exists.
2026-06-25 20:21:31.312   Time stamp of existing file: 2024-10-29 06:08:40.000
2026-06-25 20:21:31.312   Installing the file.
2026-06-25 20:21:31.314   Successfully installed the file.
2026-06-25 20:21:31.314   -- File entry --
2026-06-25 20:21:31.314   Dest filename: C:\Program Files\SamaHesab\Microsoft.Extensions.Diagnostics.dll
2026-06-25 20:21:31.314   Time stamp of our file: 2024-10-29 06:08:46.000
2026-06-25 20:21:31.314   Dest file exists.
2026-06-25 20:21:31.314   Time stamp of existing file: 2024-10-29 06:08:46.000
2026-06-25 20:21:31.314   Installing the file.
2026-06-25 20:21:31.315   Successfully installed the file.
2026-06-25 20:21:31.315   -- File entry --
2026-06-25 20:21:31.315   Dest filename: C:\Program Files\SamaHesab\Microsoft.Extensions.FileProviders.Abstractions.dll
2026-06-25 20:21:31.315   Time stamp of our file: 2024-10-29 06:08:14.000
2026-06-25 20:21:31.315   Dest file exists.
2026-06-25 20:21:31.315   Time stamp of existing file: 2024-10-29 06:08:14.000
2026-06-25 20:21:31.315   Installing the file.
2026-06-25 20:21:31.316   Successfully installed the file.
2026-06-25 20:21:31.316   -- File entry --
2026-06-25 20:21:31.316   Dest filename: C:\Program Files\SamaHesab\Microsoft.Extensions.FileProviders.Physical.dll
2026-06-25 20:21:31.317   Time stamp of our file: 2024-10-29 06:08:42.000
2026-06-25 20:21:31.317   Dest file exists.
2026-06-25 20:21:31.317   Time stamp of existing file: 2024-10-29 06:08:42.000
2026-06-25 20:21:31.317   Installing the file.
2026-06-25 20:21:31.318   Successfully installed the file.
2026-06-25 20:21:31.318   -- File entry --
2026-06-25 20:21:31.318   Dest filename: C:\Program Files\SamaHesab\Microsoft.Extensions.FileSystemGlobbing.dll
2026-06-25 20:21:31.318   Time stamp of our file: 2024-10-29 06:08:06.000
2026-06-25 20:21:31.318   Dest file exists.
2026-06-25 20:21:31.318   Time stamp of existing file: 2024-10-29 06:08:06.000
2026-06-25 20:21:31.318   Installing the file.
2026-06-25 20:21:31.320   Successfully installed the file.
2026-06-25 20:21:31.320   -- File entry --
2026-06-25 20:21:31.320   Dest filename: C:\Program Files\SamaHesab\Microsoft.Extensions.Hosting.Abstractions.dll
2026-06-25 20:21:31.320   Time stamp of our file: 2024-10-29 06:08:50.000
2026-06-25 20:21:31.320   Dest file exists.
2026-06-25 20:21:31.320   Time stamp of existing file: 2024-10-29 06:08:50.000
2026-06-25 20:21:31.320   Installing the file.
2026-06-25 20:21:31.321   Successfully installed the file.
2026-06-25 20:21:31.321   -- File entry --
2026-06-25 20:21:31.321   Dest filename: C:\Program Files\SamaHesab\Microsoft.Extensions.Hosting.dll
2026-06-25 20:21:31.321   Time stamp of our file: 2024-10-29 06:09:00.000
2026-06-25 20:21:31.321   Dest file exists.
2026-06-25 20:21:31.321   Time stamp of existing file: 2024-10-29 06:09:00.000
2026-06-25 20:21:31.321   Installing the file.
2026-06-25 20:21:31.324   Successfully installed the file.
2026-06-25 20:21:31.324   -- File entry --
2026-06-25 20:21:31.324   Dest filename: C:\Program Files\SamaHesab\Microsoft.Extensions.Http.dll
2026-06-25 20:21:31.324   Time stamp of our file: 2024-10-29 06:08:54.000
2026-06-25 20:21:31.324   Dest file exists.
2026-06-25 20:21:31.324   Time stamp of existing file: 2024-10-29 06:08:54.000
2026-06-25 20:21:31.324   Installing the file.
2026-06-25 20:21:31.327   Successfully installed the file.
2026-06-25 20:21:31.327   -- File entry --
2026-06-25 20:21:31.327   Dest filename: C:\Program Files\SamaHesab\Microsoft.Extensions.Logging.Abstractions.dll
2026-06-25 20:21:31.327   Time stamp of our file: 2024-10-29 06:08:44.000
2026-06-25 20:21:31.327   Dest file exists.
2026-06-25 20:21:31.327   Time stamp of existing file: 2024-10-29 06:08:44.000
2026-06-25 20:21:31.327   Installing the file.
2026-06-25 20:21:31.329   Successfully installed the file.
2026-06-25 20:21:31.329   -- File entry --
2026-06-25 20:21:31.329   Dest filename: C:\Program Files\SamaHesab\Microsoft.Extensions.Logging.Configuration.dll
2026-06-25 20:21:31.329   Time stamp of our file: 2024-10-29 06:08:56.000
2026-06-25 20:21:31.329   Dest file exists.
2026-06-25 20:21:31.329   Time stamp of existing file: 2024-10-29 06:08:56.000
2026-06-25 20:21:31.329   Installing the file.
2026-06-25 20:21:31.330   Successfully installed the file.
2026-06-25 20:21:31.330   -- File entry --
2026-06-25 20:21:31.330   Dest filename: C:\Program Files\SamaHesab\Microsoft.Extensions.Logging.Console.dll
2026-06-25 20:21:31.330   Time stamp of our file: 2024-10-29 06:08:58.000
2026-06-25 20:21:31.330   Dest file exists.
2026-06-25 20:21:31.330   Time stamp of existing file: 2024-10-29 06:08:58.000
2026-06-25 20:21:31.330   Installing the file.
2026-06-25 20:21:31.333   Successfully installed the file.
2026-06-25 20:21:31.333   -- File entry --
2026-06-25 20:21:31.333   Dest filename: C:\Program Files\SamaHesab\Microsoft.Extensions.Logging.Debug.dll
2026-06-25 20:21:31.333   Time stamp of our file: 2024-10-29 06:08:56.000
2026-06-25 20:21:31.333   Dest file exists.
2026-06-25 20:21:31.333   Time stamp of existing file: 2024-10-29 06:08:56.000
2026-06-25 20:21:31.333   Installing the file.
2026-06-25 20:21:31.334   Successfully installed the file.
2026-06-25 20:21:31.334   -- File entry --
2026-06-25 20:21:31.334   Dest filename: C:\Program Files\SamaHesab\Microsoft.Extensions.Logging.dll
2026-06-25 20:21:31.334   Time stamp of our file: 2024-10-29 06:08:50.000
2026-06-25 20:21:31.334   Dest file exists.
2026-06-25 20:21:31.334   Time stamp of existing file: 2024-10-29 06:08:50.000
2026-06-25 20:21:31.334   Installing the file.
2026-06-25 20:21:31.336   Successfully installed the file.
2026-06-25 20:21:31.336   -- File entry --
2026-06-25 20:21:31.336   Dest filename: C:\Program Files\SamaHesab\Microsoft.Extensions.Logging.EventLog.dll
2026-06-25 20:21:31.336   Time stamp of our file: 2024-10-29 06:08:52.000
2026-06-25 20:21:31.336   Dest file exists.
2026-06-25 20:21:31.336   Time stamp of existing file: 2024-10-29 06:08:52.000
2026-06-25 20:21:31.336   Installing the file.
2026-06-25 20:21:31.337   Successfully installed the file.
2026-06-25 20:21:31.337   -- File entry --
2026-06-25 20:21:31.337   Dest filename: C:\Program Files\SamaHesab\Microsoft.Extensions.Logging.EventSource.dll
2026-06-25 20:21:31.337   Time stamp of our file: 2024-10-29 06:08:52.000
2026-06-25 20:21:31.337   Dest file exists.
2026-06-25 20:21:31.337   Time stamp of existing file: 2024-10-29 06:08:52.000
2026-06-25 20:21:31.337   Installing the file.
2026-06-25 20:21:31.339   Successfully installed the file.
2026-06-25 20:21:31.339   -- File entry --
2026-06-25 20:21:31.339   Dest filename: C:\Program Files\SamaHesab\Microsoft.Extensions.Options.ConfigurationExtensions.dll
2026-06-25 20:21:31.339   Time stamp of our file: 2024-10-29 06:08:28.000
2026-06-25 20:21:31.339   Dest file exists.
2026-06-25 20:21:31.339   Time stamp of existing file: 2024-10-29 06:08:28.000
2026-06-25 20:21:31.339   Installing the file.
2026-06-25 20:21:31.340   Successfully installed the file.
2026-06-25 20:21:31.340   -- File entry --
2026-06-25 20:21:31.340   Dest filename: C:\Program Files\SamaHesab\Microsoft.Extensions.Options.dll
2026-06-25 20:21:31.340   Time stamp of our file: 2024-10-29 06:08:24.000
2026-06-25 20:21:31.340   Dest file exists.
2026-06-25 20:21:31.340   Time stamp of existing file: 2024-10-29 06:08:24.000
2026-06-25 20:21:31.340   Installing the file.
2026-06-25 20:21:31.342   Successfully installed the file.
2026-06-25 20:21:31.342   -- File entry --
2026-06-25 20:21:31.342   Dest filename: C:\Program Files\SamaHesab\Microsoft.Extensions.Primitives.dll
2026-06-25 20:21:31.342   Time stamp of our file: 2024-10-29 06:08:00.000
2026-06-25 20:21:31.342   Dest file exists.
2026-06-25 20:21:31.342   Time stamp of existing file: 2024-10-29 06:08:00.000
2026-06-25 20:21:31.342   Installing the file.
2026-06-25 20:21:31.344   Successfully installed the file.
2026-06-25 20:21:31.344   -- File entry --
2026-06-25 20:21:31.344   Dest filename: C:\Program Files\SamaHesab\Microsoft.Identity.Client.dll
2026-06-25 20:21:31.344   Time stamp of our file: 2024-06-07 01:39:28.000
2026-06-25 20:21:31.344   Dest file exists.
2026-06-25 20:21:31.344   Time stamp of existing file: 2024-06-07 01:39:28.000
2026-06-25 20:21:31.344   Installing the file.
2026-06-25 20:21:31.362   Successfully installed the file.
2026-06-25 20:21:31.362   -- File entry --
2026-06-25 20:21:31.362   Dest filename: C:\Program Files\SamaHesab\Microsoft.Identity.Client.Extensions.Msal.dll
2026-06-25 20:21:31.362   Time stamp of our file: 2024-06-07 01:44:52.000
2026-06-25 20:21:31.362   Dest file exists.
2026-06-25 20:21:31.362   Time stamp of existing file: 2024-06-07 01:44:52.000
2026-06-25 20:21:31.362   Installing the file.
2026-06-25 20:21:31.364   Successfully installed the file.
2026-06-25 20:21:31.364   -- File entry --
2026-06-25 20:21:31.364   Dest filename: C:\Program Files\SamaHesab\Microsoft.IdentityModel.Abstractions.dll
2026-06-25 20:21:31.365   Time stamp of our file: 2023-12-01 08:26:56.000
2026-06-25 20:21:31.365   Dest file exists.
2026-06-25 20:21:31.365   Time stamp of existing file: 2023-12-01 08:26:56.000
2026-06-25 20:21:31.365   Installing the file.
2026-06-25 20:21:31.366   Successfully installed the file.
2026-06-25 20:21:31.366   -- File entry --
2026-06-25 20:21:31.366   Dest filename: C:\Program Files\SamaHesab\Microsoft.IdentityModel.JsonWebTokens.dll
2026-06-25 20:21:31.366   Time stamp of our file: 2023-12-01 08:04:00.000
2026-06-25 20:21:31.366   Dest file exists.
2026-06-25 20:21:31.366   Time stamp of existing file: 2023-12-01 08:04:00.000
2026-06-25 20:21:31.366   Installing the file.
2026-06-25 20:21:31.369   Successfully installed the file.
2026-06-25 20:21:31.369   -- File entry --
2026-06-25 20:21:31.369   Dest filename: C:\Program Files\SamaHesab\Microsoft.IdentityModel.Logging.dll
2026-06-25 20:21:31.369   Time stamp of our file: 2023-12-01 08:05:22.000
2026-06-25 20:21:31.369   Dest file exists.
2026-06-25 20:21:31.369   Time stamp of existing file: 2023-12-01 08:05:22.000
2026-06-25 20:21:31.369   Installing the file.
2026-06-25 20:21:31.370   Successfully installed the file.
2026-06-25 20:21:31.370   -- File entry --
2026-06-25 20:21:31.370   Dest filename: C:\Program Files\SamaHesab\Microsoft.IdentityModel.Protocols.dll
2026-06-25 20:21:31.370   Time stamp of our file: 2023-12-01 08:07:28.000
2026-06-25 20:21:31.370   Dest file exists.
2026-06-25 20:21:31.370   Time stamp of existing file: 2023-12-01 08:07:28.000
2026-06-25 20:21:31.370   Installing the file.
2026-06-25 20:21:31.371   Successfully installed the file.
2026-06-25 20:21:31.371   -- File entry --
2026-06-25 20:21:31.371   Dest filename: C:\Program Files\SamaHesab\Microsoft.IdentityModel.Protocols.OpenIdConnect.dll
2026-06-25 20:21:31.372   Time stamp of our file: 2023-12-01 08:18:08.000
2026-06-25 20:21:31.372   Dest file exists.
2026-06-25 20:21:31.372   Time stamp of existing file: 2023-12-01 08:18:08.000
2026-06-25 20:21:31.372   Installing the file.
2026-06-25 20:21:31.374   Successfully installed the file.
2026-06-25 20:21:31.374   -- File entry --
2026-06-25 20:21:31.374   Dest filename: C:\Program Files\SamaHesab\Microsoft.IdentityModel.Tokens.dll
2026-06-25 20:21:31.374   Time stamp of our file: 2023-12-01 08:11:50.000
2026-06-25 20:21:31.374   Dest file exists.
2026-06-25 20:21:31.374   Time stamp of existing file: 2023-12-01 08:11:50.000
2026-06-25 20:21:31.374   Installing the file.
2026-06-25 20:21:31.392   Successfully installed the file.
2026-06-25 20:21:31.393   -- File entry --
2026-06-25 20:21:31.393   Dest filename: C:\Program Files\SamaHesab\Microsoft.SqlServer.Server.dll
2026-06-25 20:21:31.393   Time stamp of our file: 2022-01-27 20:49:08.000
2026-06-25 20:21:31.393   Dest file exists.
2026-06-25 20:21:31.393   Time stamp of existing file: 2022-01-27 20:49:08.000
2026-06-25 20:21:31.393   Installing the file.
2026-06-25 20:21:31.394   Successfully installed the file.
2026-06-25 20:21:31.394   -- File entry --
2026-06-25 20:21:31.394   Dest filename: C:\Program Files\SamaHesab\Microsoft.VisualBasic.Core.dll
2026-06-25 20:21:31.394   Time stamp of our file: 2026-04-30 03:06:44.000
2026-06-25 20:21:31.394   Dest file exists.
2026-06-25 20:21:31.394   Time stamp of existing file: 2026-04-30 03:06:44.000
2026-06-25 20:21:31.394   Installing the file.
2026-06-25 20:21:31.423   Successfully installed the file.
2026-06-25 20:21:31.424   -- File entry --
2026-06-25 20:21:31.424   Dest filename: C:\Program Files\SamaHesab\Microsoft.VisualBasic.dll
2026-06-25 20:21:31.424   Time stamp of our file: 2026-04-30 11:01:24.000
2026-06-25 20:21:31.424   Dest file exists.
2026-06-25 20:21:31.424   Time stamp of existing file: 2026-04-30 11:01:24.000
2026-06-25 20:21:31.424   Installing the file.
2026-06-25 20:21:31.425   Successfully installed the file.
2026-06-25 20:21:31.425   -- File entry --
2026-06-25 20:21:31.425   Dest filename: C:\Program Files\SamaHesab\Microsoft.VisualBasic.Forms.dll
2026-06-25 20:21:31.425   Time stamp of our file: 2026-04-30 16:08:36.000
2026-06-25 20:21:31.425   Dest file exists.
2026-06-25 20:21:31.425   Time stamp of existing file: 2026-04-30 16:08:36.000
2026-06-25 20:21:31.425   Installing the file.
2026-06-25 20:21:31.431   Successfully installed the file.
2026-06-25 20:21:31.431   -- File entry --
2026-06-25 20:21:31.431   Dest filename: C:\Program Files\SamaHesab\Microsoft.Win32.Primitives.dll
2026-06-25 20:21:31.431   Time stamp of our file: 2026-04-30 03:01:32.000
2026-06-25 20:21:31.431   Dest file exists.
2026-06-25 20:21:31.431   Time stamp of existing file: 2026-04-30 03:01:32.000
2026-06-25 20:21:31.431   Installing the file.
2026-06-25 20:21:31.432   Successfully installed the file.
2026-06-25 20:21:31.432   -- File entry --
2026-06-25 20:21:31.432   Dest filename: C:\Program Files\SamaHesab\Microsoft.Win32.Registry.AccessControl.dll
2026-06-25 20:21:31.432   Time stamp of our file: 2026-04-30 16:08:30.000
2026-06-25 20:21:31.432   Dest file exists.
2026-06-25 20:21:31.432   Time stamp of existing file: 2026-04-30 16:08:30.000
2026-06-25 20:21:31.432   Installing the file.
2026-06-25 20:21:31.433   Successfully installed the file.
2026-06-25 20:21:31.433   -- File entry --
2026-06-25 20:21:31.433   Dest filename: C:\Program Files\SamaHesab\Microsoft.Win32.Registry.dll
2026-06-25 20:21:31.433   Time stamp of our file: 2026-04-30 03:06:44.000
2026-06-25 20:21:31.433   Dest file exists.
2026-06-25 20:21:31.433   Time stamp of existing file: 2026-04-30 03:06:44.000
2026-06-25 20:21:31.433   Installing the file.
2026-06-25 20:21:31.436   Successfully installed the file.
2026-06-25 20:21:31.436   -- File entry --
2026-06-25 20:21:31.436   Dest filename: C:\Program Files\SamaHesab\Microsoft.Win32.SystemEvents.dll
2026-06-25 20:21:31.436   Time stamp of our file: 2026-04-30 16:08:32.000
2026-06-25 20:21:31.436   Dest file exists.
2026-06-25 20:21:31.436   Time stamp of existing file: 2026-04-30 16:08:32.000
2026-06-25 20:21:31.436   Installing the file.
2026-06-25 20:21:31.439   Successfully installed the file.
2026-06-25 20:21:31.439   -- File entry --
2026-06-25 20:21:31.439   Dest filename: C:\Program Files\SamaHesab\Microsoft.Xaml.Behaviors.dll
2026-06-25 20:21:31.439   Time stamp of our file: 2021-11-18 10:01:02.000
2026-06-25 20:21:31.439   Dest file exists.
2026-06-25 20:21:31.439   Time stamp of existing file: 2021-11-18 10:01:02.000
2026-06-25 20:21:31.439   Installing the file.
2026-06-25 20:21:31.442   Successfully installed the file.
2026-06-25 20:21:31.442   -- File entry --
2026-06-25 20:21:31.442   Dest filename: C:\Program Files\SamaHesab\mohajerat.deps.json
2026-06-25 20:21:31.443   Time stamp of our file: 2026-06-25 16:40:14.000
2026-06-25 20:21:31.443   Dest file exists.
2026-06-25 20:21:31.443   Time stamp of existing file: 2026-06-25 16:40:14.000
2026-06-25 20:21:31.443   Installing the file.
2026-06-25 20:21:31.443   Successfully installed the file.
2026-06-25 20:21:31.443   -- File entry --
2026-06-25 20:21:31.443   Dest filename: C:\Program Files\SamaHesab\mohajerat.dll
2026-06-25 20:21:31.443   Time stamp of our file: 2026-06-25 20:18:36.000
2026-06-25 20:21:31.443   Dest file exists.
2026-06-25 20:21:31.443   Time stamp of existing file: 2026-06-25 16:40:14.000
2026-06-25 20:21:31.444   Installing the file.
2026-06-25 20:21:31.444   Successfully installed the file.
2026-06-25 20:21:31.444   -- File entry --
2026-06-25 20:21:31.445   Dest filename: C:\Program Files\SamaHesab\mohajerat.exe
2026-06-25 20:21:31.445   Time stamp of our file: 2026-06-25 20:18:36.000
2026-06-25 20:21:31.445   Dest file exists.
2026-06-25 20:21:31.445   Time stamp of existing file: 2026-06-25 16:40:14.000
2026-06-25 20:21:31.445   Installing the file.
2026-06-25 20:21:31.447   Successfully installed the file.
2026-06-25 20:21:31.447   -- File entry --
2026-06-25 20:21:31.447   Dest filename: C:\Program Files\SamaHesab\mohajerat.runtimeconfig.json
2026-06-25 20:21:31.447   Time stamp of our file: 2026-06-25 16:40:14.000
2026-06-25 20:21:31.447   Dest file exists.
2026-06-25 20:21:31.447   Time stamp of existing file: 2026-06-25 16:40:14.000
2026-06-25 20:21:31.447   Installing the file.
2026-06-25 20:21:31.448   Successfully installed the file.
2026-06-25 20:21:31.448   -- File entry --
2026-06-25 20:21:31.448   Dest filename: C:\Program Files\SamaHesab\mscordaccore.dll
2026-06-25 20:21:31.448   Time stamp of our file: 2026-04-30 02:51:10.000
2026-06-25 20:21:31.448   Dest file exists.
2026-06-25 20:21:31.448   Time stamp of existing file: 2026-04-30 02:51:10.000
2026-06-25 20:21:31.448   Installing the file.
2026-06-25 20:21:31.474   Successfully installed the file.
2026-06-25 20:21:31.474   -- File entry --
2026-06-25 20:21:31.474   Dest filename: C:\Program Files\SamaHesab\mscordaccore_amd64_amd64_9.0.1626.22923.dll
2026-06-25 20:21:31.474   Time stamp of our file: 2026-04-30 02:51:10.000
2026-06-25 20:21:31.474   Dest file exists.
2026-06-25 20:21:31.474   Time stamp of existing file: 2026-04-30 02:51:10.000
2026-06-25 20:21:31.474   Installing the file.
2026-06-25 20:21:31.484   Successfully installed the file.
2026-06-25 20:21:31.484   -- File entry --
2026-06-25 20:21:31.484   Dest filename: C:\Program Files\SamaHesab\mscordbi.dll
2026-06-25 20:21:31.484   Time stamp of our file: 2026-04-30 02:51:10.000
2026-06-25 20:21:31.484   Dest file exists.
2026-06-25 20:21:31.484   Time stamp of existing file: 2026-04-30 02:51:10.000
2026-06-25 20:21:31.485   Installing the file.
2026-06-25 20:21:31.505   Successfully installed the file.
2026-06-25 20:21:31.506   -- File entry --
2026-06-25 20:21:31.506   Dest filename: C:\Program Files\SamaHesab\mscorlib.dll
2026-06-25 20:21:31.506   Time stamp of our file: 2026-04-30 03:03:44.000
2026-06-25 20:21:31.506   Dest file exists.
2026-06-25 20:21:31.506   Time stamp of existing file: 2026-04-30 03:03:44.000
2026-06-25 20:21:31.506   Installing the file.
2026-06-25 20:21:31.507   Successfully installed the file.
2026-06-25 20:21:31.507   -- File entry --
2026-06-25 20:21:31.507   Dest filename: C:\Program Files\SamaHesab\mscorrc.dll
2026-06-25 20:21:31.507   Time stamp of our file: 2026-04-30 02:48:30.000
2026-06-25 20:21:31.508   Dest file exists.
2026-06-25 20:21:31.508   Time stamp of existing file: 2026-04-30 02:48:30.000
2026-06-25 20:21:31.508   Installing the file.
2026-06-25 20:21:31.510   Successfully installed the file.
2026-06-25 20:21:31.510   -- File entry --
2026-06-25 20:21:31.510   Dest filename: C:\Program Files\SamaHesab\msquic.dll
2026-06-25 20:21:31.510   Time stamp of our file: 2026-04-15 01:35:00.000
2026-06-25 20:21:31.510   Dest file exists.
2026-06-25 20:21:31.510   Time stamp of existing file: 2026-04-15 01:35:00.000
2026-06-25 20:21:31.510   Installing the file.
2026-06-25 20:21:31.523   Successfully installed the file.
2026-06-25 20:21:31.523   -- File entry --
2026-06-25 20:21:31.523   Dest filename: C:\Program Files\SamaHesab\netstandard.dll
2026-06-25 20:21:31.523   Time stamp of our file: 2026-04-30 03:03:42.000
2026-06-25 20:21:31.523   Dest file exists.
2026-06-25 20:21:31.523   Time stamp of existing file: 2026-04-30 03:03:42.000
2026-06-25 20:21:31.523   Installing the file.
2026-06-25 20:21:31.525   Successfully installed the file.
2026-06-25 20:21:31.525   -- File entry --
2026-06-25 20:21:31.525   Dest filename: C:\Program Files\SamaHesab\PdfSharpCore.dll
2026-06-25 20:21:31.525   Time stamp of our file: 2024-07-13 19:34:32.000
2026-06-25 20:21:31.525   Dest file exists.
2026-06-25 20:21:31.525   Time stamp of existing file: 2024-07-13 19:34:32.000
2026-06-25 20:21:31.525   Installing the file.
2026-06-25 20:21:31.537   Successfully installed the file.
2026-06-25 20:21:31.537   -- File entry --
2026-06-25 20:21:31.537   Dest filename: C:\Program Files\SamaHesab\PenImc_cor3.dll
2026-06-25 20:21:31.538   Time stamp of our file: 2026-04-30 13:27:56.000
2026-06-25 20:21:31.538   Dest file exists.
2026-06-25 20:21:31.538   Time stamp of existing file: 2026-04-30 13:27:56.000
2026-06-25 20:21:31.538   Installing the file.
2026-06-25 20:21:31.541   Successfully installed the file.
2026-06-25 20:21:31.541   -- File entry --
2026-06-25 20:21:31.541   Dest filename: C:\Program Files\SamaHesab\pos.deps.json
2026-06-25 20:21:31.541   Time stamp of our file: 2026-06-25 20:18:30.000
2026-06-25 20:21:31.541   Dest file exists.
2026-06-25 20:21:31.541   Time stamp of existing file: 2026-06-25 16:40:08.000
2026-06-25 20:21:31.541   Installing the file.
2026-06-25 20:21:31.542   Successfully installed the file.
2026-06-25 20:21:31.542   -- File entry --
2026-06-25 20:21:31.542   Dest filename: C:\Program Files\SamaHesab\pos.dll
2026-06-25 20:21:31.542   Time stamp of our file: 2026-06-25 20:18:28.000
2026-06-25 20:21:31.542   Dest file exists.
2026-06-25 20:21:31.542   Time stamp of existing file: 2026-06-25 16:40:08.000
2026-06-25 20:21:31.542   Installing the file.
2026-06-25 20:21:31.543   Successfully installed the file.
2026-06-25 20:21:31.543   -- File entry --
2026-06-25 20:21:31.543   Dest filename: C:\Program Files\SamaHesab\pos.exe
2026-06-25 20:21:31.543   Time stamp of our file: 2026-06-25 20:18:28.000
2026-06-25 20:21:31.543   Dest file exists.
2026-06-25 20:21:31.543   Time stamp of existing file: 2026-06-25 16:40:08.000
2026-06-25 20:21:31.543   Installing the file.
2026-06-25 20:21:31.545   Successfully installed the file.
2026-06-25 20:21:31.545   -- File entry --
2026-06-25 20:21:31.545   Dest filename: C:\Program Files\SamaHesab\pos.runtimeconfig.json
2026-06-25 20:21:31.546   Time stamp of our file: 2026-06-25 20:18:30.000
2026-06-25 20:21:31.546   Dest file exists.
2026-06-25 20:21:31.546   Time stamp of existing file: 2026-06-25 16:40:08.000
2026-06-25 20:21:31.546   Installing the file.
2026-06-25 20:21:31.546   Successfully installed the file.
2026-06-25 20:21:31.546   -- File entry --
2026-06-25 20:21:31.546   Dest filename: C:\Program Files\SamaHesab\PresentationCore.dll
2026-06-25 20:21:31.546   Time stamp of our file: 2026-04-30 16:08:46.000
2026-06-25 20:21:31.546   Dest file exists.
2026-06-25 20:21:31.546   Time stamp of existing file: 2026-04-30 16:08:46.000
2026-06-25 20:21:31.547   Installing the file.
2026-06-25 20:21:31.718   Successfully installed the file.
2026-06-25 20:21:31.718   -- File entry --
2026-06-25 20:21:31.718   Dest filename: C:\Program Files\SamaHesab\PresentationFramework-SystemCore.dll
2026-06-25 20:21:31.719   Time stamp of our file: 2026-04-30 16:08:46.000
2026-06-25 20:21:31.719   Dest file exists.
2026-06-25 20:21:31.719   Time stamp of existing file: 2026-04-30 16:08:46.000
2026-06-25 20:21:31.719   Installing the file.
2026-06-25 20:21:31.720   Successfully installed the file.
2026-06-25 20:21:31.720   -- File entry --
2026-06-25 20:21:31.720   Dest filename: C:\Program Files\SamaHesab\PresentationFramework-SystemData.dll
2026-06-25 20:21:31.720   Time stamp of our file: 2026-04-30 16:08:46.000
2026-06-25 20:21:31.720   Dest file exists.
2026-06-25 20:21:31.720   Time stamp of existing file: 2026-04-30 16:08:46.000
2026-06-25 20:21:31.720   Installing the file.
2026-06-25 20:21:31.721   Successfully installed the file.
2026-06-25 20:21:31.721   -- File entry --
2026-06-25 20:21:31.721   Dest filename: C:\Program Files\SamaHesab\PresentationFramework-SystemDrawing.dll
2026-06-25 20:21:31.721   Time stamp of our file: 2026-04-30 16:08:46.000
2026-06-25 20:21:31.721   Dest file exists.
2026-06-25 20:21:31.721   Time stamp of existing file: 2026-04-30 16:08:46.000
2026-06-25 20:21:31.721   Installing the file.
2026-06-25 20:21:31.723   Successfully installed the file.
2026-06-25 20:21:31.723   -- File entry --
2026-06-25 20:21:31.723   Dest filename: C:\Program Files\SamaHesab\PresentationFramework-SystemXml.dll
2026-06-25 20:21:31.723   Time stamp of our file: 2026-04-30 16:08:46.000
2026-06-25 20:21:31.723   Dest file exists.
2026-06-25 20:21:31.723   Time stamp of existing file: 2026-04-30 16:08:46.000
2026-06-25 20:21:31.723   Installing the file.
2026-06-25 20:21:31.724   Successfully installed the file.
2026-06-25 20:21:31.724   -- File entry --
2026-06-25 20:21:31.724   Dest filename: C:\Program Files\SamaHesab\PresentationFramework-SystemXmlLinq.dll
2026-06-25 20:21:31.724   Time stamp of our file: 2026-04-30 16:08:46.000
2026-06-25 20:21:31.724   Dest file exists.
2026-06-25 20:21:31.724   Time stamp of existing file: 2026-04-30 16:08:46.000
2026-06-25 20:21:31.724   Installing the file.
2026-06-25 20:21:31.725   Successfully installed the file.
2026-06-25 20:21:31.725   -- File entry --
2026-06-25 20:21:31.725   Dest filename: C:\Program Files\SamaHesab\PresentationFramework.Aero.dll
2026-06-25 20:21:31.725   Time stamp of our file: 2026-04-30 16:08:46.000
2026-06-25 20:21:31.725   Dest file exists.
2026-06-25 20:21:31.725   Time stamp of existing file: 2026-04-30 16:08:46.000
2026-06-25 20:21:31.725   Installing the file.
2026-06-25 20:21:31.733   Successfully installed the file.
2026-06-25 20:21:31.733   -- File entry --
2026-06-25 20:21:31.733   Dest filename: C:\Program Files\SamaHesab\PresentationFramework.Aero2.dll
2026-06-25 20:21:31.733   Time stamp of our file: 2026-04-30 16:08:48.000
2026-06-25 20:21:31.733   Dest file exists.
2026-06-25 20:21:31.733   Time stamp of existing file: 2026-04-30 16:08:48.000
2026-06-25 20:21:31.733   Installing the file.
2026-06-25 20:21:31.738   Successfully installed the file.
2026-06-25 20:21:31.738   -- File entry --
2026-06-25 20:21:31.738   Dest filename: C:\Program Files\SamaHesab\PresentationFramework.AeroLite.dll
2026-06-25 20:21:31.738   Time stamp of our file: 2026-04-30 16:08:48.000
2026-06-25 20:21:31.738   Dest file exists.
2026-06-25 20:21:31.738   Time stamp of existing file: 2026-04-30 16:08:48.000
2026-06-25 20:21:31.739   Installing the file.
2026-06-25 20:21:31.742   Successfully installed the file.
2026-06-25 20:21:31.742   -- File entry --
2026-06-25 20:21:31.742   Dest filename: C:\Program Files\SamaHesab\PresentationFramework.Classic.dll
2026-06-25 20:21:31.742   Time stamp of our file: 2026-04-30 16:08:48.000
2026-06-25 20:21:31.742   Dest file exists.
2026-06-25 20:21:31.742   Time stamp of existing file: 2026-04-30 16:08:48.000
2026-06-25 20:21:31.742   Installing the file.
2026-06-25 20:21:31.746   Successfully installed the file.
2026-06-25 20:21:31.747   -- File entry --
2026-06-25 20:21:31.747   Dest filename: C:\Program Files\SamaHesab\PresentationFramework.dll
2026-06-25 20:21:31.747   Time stamp of our file: 2026-04-30 16:08:54.000
2026-06-25 20:21:31.747   Dest file exists.
2026-06-25 20:21:31.747   Time stamp of existing file: 2026-04-30 16:08:54.000
2026-06-25 20:21:31.747   Installing the file.
2026-06-25 20:21:32.072   Successfully installed the file.
2026-06-25 20:21:32.073   -- File entry --
2026-06-25 20:21:32.073   Dest filename: C:\Program Files\SamaHesab\PresentationFramework.Fluent.dll
2026-06-25 20:21:32.073   Time stamp of our file: 2026-04-30 16:08:48.000
2026-06-25 20:21:32.073   Dest file exists.
2026-06-25 20:21:32.073   Time stamp of existing file: 2026-04-30 16:08:48.000
2026-06-25 20:21:32.073   Installing the file.
2026-06-25 20:21:32.081   Successfully installed the file.
2026-06-25 20:21:32.081   -- File entry --
2026-06-25 20:21:32.081   Dest filename: C:\Program Files\SamaHesab\PresentationFramework.Luna.dll
2026-06-25 20:21:32.081   Time stamp of our file: 2026-04-30 16:08:48.000
2026-06-25 20:21:32.081   Dest file exists.
2026-06-25 20:21:32.081   Time stamp of existing file: 2026-04-30 16:08:48.000
2026-06-25 20:21:32.081   Installing the file.
2026-06-25 20:21:32.089   Successfully installed the file.
2026-06-25 20:21:32.089   -- File entry --
2026-06-25 20:21:32.089   Dest filename: C:\Program Files\SamaHesab\PresentationFramework.Royale.dll
2026-06-25 20:21:32.089   Time stamp of our file: 2026-04-30 16:08:48.000
2026-06-25 20:21:32.089   Dest file exists.
2026-06-25 20:21:32.089   Time stamp of existing file: 2026-04-30 16:08:48.000
2026-06-25 20:21:32.089   Installing the file.
2026-06-25 20:21:32.094   Successfully installed the file.
2026-06-25 20:21:32.094   -- File entry --
2026-06-25 20:21:32.094   Dest filename: C:\Program Files\SamaHesab\PresentationNative_cor3.dll
2026-06-25 20:21:32.094   Time stamp of our file: 2026-04-02 11:20:56.000
2026-06-25 20:21:32.094   Dest file exists.
2026-06-25 20:21:32.094   Time stamp of existing file: 2026-04-02 11:20:56.000
2026-06-25 20:21:32.094   Installing the file.
2026-06-25 20:21:32.120   Successfully installed the file.
2026-06-25 20:21:32.120   -- File entry --
2026-06-25 20:21:32.120   Dest filename: C:\Program Files\SamaHesab\PresentationUI.dll
2026-06-25 20:21:32.121   Time stamp of our file: 2026-04-30 16:08:54.000
2026-06-25 20:21:32.121   Dest file exists.
2026-06-25 20:21:32.121   Time stamp of existing file: 2026-04-30 16:08:54.000
2026-06-25 20:21:32.121   Installing the file.
2026-06-25 20:21:32.147   Successfully installed the file.
2026-06-25 20:21:32.147   -- File entry --
2026-06-25 20:21:32.147   Dest filename: C:\Program Files\SamaHesab\qpdf.dll
2026-06-25 20:21:32.147   Time stamp of our file: 2026-06-10 18:30:48.000
2026-06-25 20:21:32.147   Dest file exists.
2026-06-25 20:21:32.147   Time stamp of existing file: 2026-06-10 18:30:48.000
2026-06-25 20:21:32.147   Installing the file.
2026-06-25 20:21:32.225   Successfully installed the file.
2026-06-25 20:21:32.225   -- File entry --
2026-06-25 20:21:32.225   Dest filename: C:\Program Files\SamaHesab\QRCoder.dll
2026-06-25 20:21:32.225   Time stamp of our file: 2026-04-04 19:17:34.000
2026-06-25 20:21:32.225   Dest file exists.
2026-06-25 20:21:32.225   Time stamp of existing file: 2026-04-04 19:17:34.000
2026-06-25 20:21:32.225   Installing the file.
2026-06-25 20:21:32.231   Successfully installed the file.
2026-06-25 20:21:32.231   -- File entry --
2026-06-25 20:21:32.231   Dest filename: C:\Program Files\SamaHesab\QuestPDF.dll
2026-06-25 20:21:32.231   Time stamp of our file: 2026-06-10 18:35:44.000
2026-06-25 20:21:32.231   Dest file exists.
2026-06-25 20:21:32.231   Time stamp of existing file: 2026-06-10 18:35:44.000
2026-06-25 20:21:32.231   Installing the file.
2026-06-25 20:21:32.241   Successfully installed the file.
2026-06-25 20:21:32.241   -- File entry --
2026-06-25 20:21:32.241   Dest filename: C:\Program Files\SamaHesab\QuestPdfSkia.dll
2026-06-25 20:21:32.241   Time stamp of our file: 2026-06-10 18:30:48.000
2026-06-25 20:21:32.241   Dest file exists.
2026-06-25 20:21:32.241   Time stamp of existing file: 2026-06-10 18:30:48.000
2026-06-25 20:21:32.241   Installing the file.
2026-06-25 20:21:32.366   Successfully installed the file.
2026-06-25 20:21:32.366   -- File entry --
2026-06-25 20:21:32.366   Dest filename: C:\Program Files\SamaHesab\RBush.dll
2026-06-25 20:21:32.366   Time stamp of our file: 2024-11-14 17:13:18.000
2026-06-25 20:21:32.366   Dest file exists.
2026-06-25 20:21:32.366   Time stamp of existing file: 2024-11-14 17:13:18.000
2026-06-25 20:21:32.366   Installing the file.
2026-06-25 20:21:32.369   Successfully installed the file.
2026-06-25 20:21:32.369   -- File entry --
2026-06-25 20:21:32.369   Dest filename: C:\Program Files\SamaHesab\ReachFramework.dll
2026-06-25 20:21:32.369   Time stamp of our file: 2026-04-30 16:08:56.000
2026-06-25 20:21:32.369   Dest file exists.
2026-06-25 20:21:32.369   Time stamp of existing file: 2026-04-30 16:08:56.000
2026-06-25 20:21:32.369   Installing the file.
2026-06-25 20:21:32.403   Successfully installed the file.
2026-06-25 20:21:32.403   -- File entry --
2026-06-25 20:21:32.403   Dest filename: C:\Program Files\SamaHesab\restoran.deps.json
2026-06-25 20:21:32.405   Time stamp of our file: 2026-06-25 20:18:30.000
2026-06-25 20:21:32.405   Dest file exists.
2026-06-25 20:21:32.405   Time stamp of existing file: 2026-06-25 16:40:08.000
2026-06-25 20:21:32.405   Installing the file.
2026-06-25 20:21:32.406   Successfully installed the file.
2026-06-25 20:21:32.406   -- File entry --
2026-06-25 20:21:32.406   Dest filename: C:\Program Files\SamaHesab\restoran.dll
2026-06-25 20:21:32.406   Time stamp of our file: 2026-06-25 20:18:30.000
2026-06-25 20:21:32.406   Dest file exists.
2026-06-25 20:21:32.406   Time stamp of existing file: 2026-06-25 16:40:08.000
2026-06-25 20:21:32.406   Installing the file.
2026-06-25 20:21:32.406   Successfully installed the file.
2026-06-25 20:21:32.406   -- File entry --
2026-06-25 20:21:32.406   Dest filename: C:\Program Files\SamaHesab\restoran.exe
2026-06-25 20:21:32.406   Time stamp of our file: 2026-06-25 20:18:30.000
2026-06-25 20:21:32.406   Dest file exists.
2026-06-25 20:21:32.406   Time stamp of existing file: 2026-06-25 16:40:08.000
2026-06-25 20:21:32.406   Installing the file.
2026-06-25 20:21:32.408   Successfully installed the file.
2026-06-25 20:21:32.408   -- File entry --
2026-06-25 20:21:32.408   Dest filename: C:\Program Files\SamaHesab\restoran.runtimeconfig.json
2026-06-25 20:21:32.409   Time stamp of our file: 2026-06-25 20:18:30.000
2026-06-25 20:21:32.409   Dest file exists.
2026-06-25 20:21:32.409   Time stamp of existing file: 2026-06-25 16:40:08.000
2026-06-25 20:21:32.409   Installing the file.
2026-06-25 20:21:32.409   Successfully installed the file.
2026-06-25 20:21:32.409   -- File entry --
2026-06-25 20:21:32.409   Dest filename: C:\Program Files\SamaHesab\SamaHesab.Application.dll
2026-06-25 20:21:32.409   Time stamp of our file: 2026-06-25 20:18:20.000
2026-06-25 20:21:32.409   Dest file exists.
2026-06-25 20:21:32.409   Time stamp of existing file: 2026-06-25 16:39:58.000
2026-06-25 20:21:32.409   Installing the file.
2026-06-25 20:21:32.434   Successfully installed the file.
2026-06-25 20:21:32.434   -- File entry --
2026-06-25 20:21:32.434   Dest filename: C:\Program Files\SamaHesab\SamaHesab.deps.json
2026-06-25 20:21:32.434   Time stamp of our file: 2026-06-25 20:18:28.000
2026-06-25 20:21:32.434   Dest file exists.
2026-06-25 20:21:32.434   Time stamp of existing file: 2026-06-25 16:40:06.000
2026-06-25 20:21:32.434   Installing the file.
2026-06-25 20:21:32.436   Successfully installed the file.
2026-06-25 20:21:32.436   -- File entry --
2026-06-25 20:21:32.436   Dest filename: C:\Program Files\SamaHesab\SamaHesab.dll
2026-06-25 20:21:32.436   Time stamp of our file: 2026-06-25 20:18:26.000
2026-06-25 20:21:32.436   Dest file exists.
2026-06-25 20:21:32.436   Time stamp of existing file: 2026-06-25 20:15:08.354
2026-06-25 20:21:32.436   Installing the file.
2026-06-25 20:21:32.492   Successfully installed the file.
2026-06-25 20:21:32.492   -- File entry --
2026-06-25 20:21:32.492   Dest filename: C:\Program Files\SamaHesab\SamaHesab.Domain.dll
2026-06-25 20:21:32.492   Time stamp of our file: 2026-06-25 20:18:20.000
2026-06-25 20:21:32.492   Dest file exists.
2026-06-25 20:21:32.492   Time stamp of existing file: 2026-06-25 16:39:58.000
2026-06-25 20:21:32.492   Installing the file.
2026-06-25 20:21:32.495   Successfully installed the file.
2026-06-25 20:21:32.495   -- File entry --
2026-06-25 20:21:32.495   Dest filename: C:\Program Files\SamaHesab\SamaHesab.exe
2026-06-25 20:21:32.495   Time stamp of our file: 2026-06-25 20:18:26.000
2026-06-25 20:21:32.495   Dest file exists.
2026-06-25 20:21:32.495   Time stamp of existing file: 2026-06-25 16:40:06.000
2026-06-25 20:21:32.495   Installing the file.
2026-06-25 20:21:32.497   Successfully installed the file.
2026-06-25 20:21:32.497   -- File entry --
2026-06-25 20:21:32.497   Dest filename: C:\Program Files\SamaHesab\SamaHesab.Infrastructure.dll
2026-06-25 20:21:32.497   Time stamp of our file: 2026-06-25 20:18:20.000
2026-06-25 20:21:32.497   Dest file exists.
2026-06-25 20:21:32.498   Time stamp of existing file: 2026-06-25 16:40:00.000
2026-06-25 20:21:32.498   Installing the file.
2026-06-25 20:21:32.505   Successfully installed the file.
2026-06-25 20:21:32.505   -- File entry --
2026-06-25 20:21:32.505   Dest filename: C:\Program Files\SamaHesab\SamaHesab.Modules.Abstractions.dll
2026-06-25 20:21:32.505   Time stamp of our file: 2026-06-25 20:18:20.000
2026-06-25 20:21:32.505   Dest file exists.
2026-06-25 20:21:32.505   Time stamp of existing file: 2026-06-25 16:39:58.000
2026-06-25 20:21:32.505   Installing the file.
2026-06-25 20:21:32.506   Successfully installed the file.
2026-06-25 20:21:32.506   -- File entry --
2026-06-25 20:21:32.506   Dest filename: C:\Program Files\SamaHesab\SamaHesab.Modules.Attendance.dll
2026-06-25 20:21:32.506   Time stamp of our file: 2026-06-25 20:18:20.000
2026-06-25 20:21:32.506   Dest file exists.
2026-06-25 20:21:32.506   Time stamp of existing file: 2026-06-25 16:40:00.000
2026-06-25 20:21:32.506   Installing the file.
2026-06-25 20:21:32.510   Successfully installed the file.
2026-06-25 20:21:32.510   -- File entry --
2026-06-25 20:21:32.510   Dest filename: C:\Program Files\SamaHesab\SamaHesab.Modules.Contracting.dll
2026-06-25 20:21:32.510   Time stamp of our file: 2026-06-25 20:18:20.000
2026-06-25 20:21:32.510   Dest file exists.
2026-06-25 20:21:32.510   Time stamp of existing file: 2026-06-25 16:39:58.000
2026-06-25 20:21:32.510   Installing the file.
2026-06-25 20:21:32.513   Successfully installed the file.
2026-06-25 20:21:32.513   -- File entry --
2026-06-25 20:21:32.513   Dest filename: C:\Program Files\SamaHesab\SamaHesab.Modules.CRM.dll
2026-06-25 20:21:32.513   Time stamp of our file: 2026-06-25 20:18:20.000
2026-06-25 20:21:32.513   Dest file exists.
2026-06-25 20:21:32.513   Time stamp of existing file: 2026-06-25 16:39:58.000
2026-06-25 20:21:32.513   Installing the file.
2026-06-25 20:21:32.514   Successfully installed the file.
2026-06-25 20:21:32.514   -- File entry --
2026-06-25 20:21:32.514   Dest filename: C:\Program Files\SamaHesab\SamaHesab.Modules.Hotel.dll
2026-06-25 20:21:32.515   Time stamp of our file: 2026-06-25 20:18:20.000
2026-06-25 20:21:32.515   Dest file exists.
2026-06-25 20:21:32.515   Time stamp of existing file: 2026-06-25 16:39:58.000
2026-06-25 20:21:32.515   Installing the file.
2026-06-25 20:21:32.516   Successfully installed the file.
2026-06-25 20:21:32.516   -- File entry --
2026-06-25 20:21:32.516   Dest filename: C:\Program Files\SamaHesab\SamaHesab.Modules.HR.dll
2026-06-25 20:21:32.516   Time stamp of our file: 2026-06-25 20:18:20.000
2026-06-25 20:21:32.516   Dest file exists.
2026-06-25 20:21:32.516   Time stamp of existing file: 2026-06-25 16:39:58.000
2026-06-25 20:21:32.516   Installing the file.
2026-06-25 20:21:32.519   Successfully installed the file.
2026-06-25 20:21:32.519   -- File entry --
2026-06-25 20:21:32.519   Dest filename: C:\Program Files\SamaHesab\SamaHesab.Modules.POS.dll
2026-06-25 20:21:32.519   Time stamp of our file: 2026-06-25 20:18:20.000
2026-06-25 20:21:32.519   Dest file exists.
2026-06-25 20:21:32.519   Time stamp of existing file: 2026-06-25 16:39:58.000
2026-06-25 20:21:32.519   Installing the file.
2026-06-25 20:21:32.520   Successfully installed the file.
2026-06-25 20:21:32.520   -- File entry --
2026-06-25 20:21:32.520   Dest filename: C:\Program Files\SamaHesab\SamaHesab.Modules.Restaurant.dll
2026-06-25 20:21:32.520   Time stamp of our file: 2026-06-25 20:18:20.000
2026-06-25 20:21:32.520   Dest file exists.
2026-06-25 20:21:32.520   Time stamp of existing file: 2026-06-25 16:40:00.000
2026-06-25 20:21:32.520   Installing the file.
2026-06-25 20:21:32.523   Successfully installed the file.
2026-06-25 20:21:32.523   -- File entry --
2026-06-25 20:21:32.523   Dest filename: C:\Program Files\SamaHesab\SamaHesab.Modules.Tourism.dll
2026-06-25 20:21:32.523   Time stamp of our file: 2026-06-25 20:18:20.000
2026-06-25 20:21:32.523   Dest file exists.
2026-06-25 20:21:32.523   Time stamp of existing file: 2026-06-25 20:15:02.615
2026-06-25 20:21:32.523   Installing the file.
2026-06-25 20:21:32.527   Successfully installed the file.
2026-06-25 20:21:32.527   -- File entry --
2026-06-25 20:21:32.527   Dest filename: C:\Program Files\SamaHesab\SamaHesab.runtimeconfig.json
2026-06-25 20:21:32.527   Time stamp of our file: 2026-06-25 20:18:28.000
2026-06-25 20:21:32.527   Dest file exists.
2026-06-25 20:21:32.527   Time stamp of existing file: 2026-06-25 16:40:06.000
2026-06-25 20:21:32.527   Installing the file.
2026-06-25 20:21:32.528   Successfully installed the file.
2026-06-25 20:21:32.528   -- File entry --
2026-06-25 20:21:32.528   Dest filename: C:\Program Files\SamaHesab\Serilog.dll
2026-06-25 20:21:32.528   Time stamp of our file: 2024-12-06 07:41:52.000
2026-06-25 20:21:32.528   Dest file exists.
2026-06-25 20:21:32.528   Time stamp of existing file: 2024-12-06 07:41:52.000
2026-06-25 20:21:32.528   Installing the file.
2026-06-25 20:21:32.532   Successfully installed the file.
2026-06-25 20:21:32.532   -- File entry --
2026-06-25 20:21:32.532   Dest filename: C:\Program Files\SamaHesab\Serilog.Extensions.Logging.dll
2026-06-25 20:21:32.532   Time stamp of our file: 2024-12-09 03:48:50.000
2026-06-25 20:21:32.532   Dest file exists.
2026-06-25 20:21:32.532   Time stamp of existing file: 2024-12-09 03:48:50.000
2026-06-25 20:21:32.532   Installing the file.
2026-06-25 20:21:32.534   Successfully installed the file.
2026-06-25 20:21:32.534   -- File entry --
2026-06-25 20:21:32.534   Dest filename: C:\Program Files\SamaHesab\Serilog.Sinks.File.dll
2026-06-25 20:21:32.534   Time stamp of our file: 2024-06-23 02:14:08.000
2026-06-25 20:21:32.534   Dest file exists.
2026-06-25 20:21:32.534   Time stamp of existing file: 2024-06-23 02:14:08.000
2026-06-25 20:21:32.534   Installing the file.
2026-06-25 20:21:32.535   Successfully installed the file.
2026-06-25 20:21:32.535   -- File entry --
2026-06-25 20:21:32.535   Dest filename: C:\Program Files\SamaHesab\SixLabors.Fonts.dll
2026-06-25 20:21:32.535   Time stamp of our file: 2023-08-11 15:34:44.000
2026-06-25 20:21:32.535   Dest file exists.
2026-06-25 20:21:32.535   Time stamp of existing file: 2023-08-11 15:34:44.000
2026-06-25 20:21:32.535   Installing the file.
2026-06-25 20:21:32.553   Successfully installed the file.
2026-06-25 20:21:32.553   -- File entry --
2026-06-25 20:21:32.553   Dest filename: C:\Program Files\SamaHesab\SixLabors.ImageSharp.dll
2026-06-25 20:21:32.553   Time stamp of our file: 2021-09-28 07:32:42.000
2026-06-25 20:21:32.553   Dest file exists.
2026-06-25 20:21:32.553   Time stamp of existing file: 2021-09-28 07:32:42.000
2026-06-25 20:21:32.553   Installing the file.
2026-06-25 20:21:32.575   Successfully installed the file.
2026-06-25 20:21:32.575   -- File entry --
2026-06-25 20:21:32.575   Dest filename: C:\Program Files\SamaHesab\System.AppContext.dll
2026-06-25 20:21:32.575   Time stamp of our file: 2026-04-30 03:02:38.000
2026-06-25 20:21:32.575   Dest file exists.
2026-06-25 20:21:32.575   Time stamp of existing file: 2026-04-30 03:02:38.000
2026-06-25 20:21:32.575   Installing the file.
2026-06-25 20:21:32.576   Successfully installed the file.
2026-06-25 20:21:32.576   -- File entry --
2026-06-25 20:21:32.576   Dest filename: C:\Program Files\SamaHesab\System.Buffers.dll
2026-06-25 20:21:32.576   Time stamp of our file: 2026-04-30 03:02:42.000
2026-06-25 20:21:32.576   Dest file exists.
2026-06-25 20:21:32.576   Time stamp of existing file: 2026-04-30 03:02:42.000
2026-06-25 20:21:32.576   Installing the file.
2026-06-25 20:21:32.577   Successfully installed the file.
2026-06-25 20:21:32.577   -- File entry --
2026-06-25 20:21:32.577   Dest filename: C:\Program Files\SamaHesab\System.ClientModel.dll
2026-06-25 20:21:32.577   Time stamp of our file: 2024-01-03 21:13:00.000
2026-06-25 20:21:32.577   Dest file exists.
2026-06-25 20:21:32.577   Time stamp of existing file: 2024-01-03 21:13:00.000
2026-06-25 20:21:32.577   Installing the file.
2026-06-25 20:21:32.579   Successfully installed the file.
2026-06-25 20:21:32.579   -- File entry --
2026-06-25 20:21:32.579   Dest filename: C:\Program Files\SamaHesab\System.CodeDom.dll
2026-06-25 20:21:32.579   Time stamp of our file: 2026-04-30 16:08:32.000
2026-06-25 20:21:32.579   Dest file exists.
2026-06-25 20:21:32.579   Time stamp of existing file: 2026-04-30 16:08:32.000
2026-06-25 20:21:32.579   Installing the file.
2026-06-25 20:21:32.590   Successfully installed the file.
2026-06-25 20:21:32.590   -- File entry --
2026-06-25 20:21:32.590   Dest filename: C:\Program Files\SamaHesab\System.Collections.Concurrent.dll
2026-06-25 20:21:32.590   Time stamp of our file: 2026-04-30 03:06:46.000
2026-06-25 20:21:32.590   Dest file exists.
2026-06-25 20:21:32.590   Time stamp of existing file: 2026-04-30 03:06:46.000
2026-06-25 20:21:32.590   Installing the file.
2026-06-25 20:21:32.597   Successfully installed the file.
2026-06-25 20:21:32.598   -- File entry --
2026-06-25 20:21:32.598   Dest filename: C:\Program Files\SamaHesab\System.Collections.dll
2026-06-25 20:21:32.598   Time stamp of our file: 2026-04-30 03:06:48.000
2026-06-25 20:21:32.598   Dest file exists.
2026-06-25 20:21:32.598   Time stamp of existing file: 2026-04-30 03:06:48.000
2026-06-25 20:21:32.598   Installing the file.
2026-06-25 20:21:32.605   Successfully installed the file.
2026-06-25 20:21:32.605   -- File entry --
2026-06-25 20:21:32.605   Dest filename: C:\Program Files\SamaHesab\System.Collections.Immutable.dll
2026-06-25 20:21:32.605   Time stamp of our file: 2026-04-30 03:06:50.000
2026-06-25 20:21:32.605   Dest file exists.
2026-06-25 20:21:32.605   Time stamp of existing file: 2026-04-30 03:06:50.000
2026-06-25 20:21:32.605   Installing the file.
2026-06-25 20:21:32.625   Successfully installed the file.
2026-06-25 20:21:32.625   -- File entry --
2026-06-25 20:21:32.625   Dest filename: C:\Program Files\SamaHesab\System.Collections.NonGeneric.dll
2026-06-25 20:21:32.625   Time stamp of our file: 2026-04-30 03:06:50.000
2026-06-25 20:21:32.625   Dest file exists.
2026-06-25 20:21:32.625   Time stamp of existing file: 2026-04-30 03:06:50.000
2026-06-25 20:21:32.625   Installing the file.
2026-06-25 20:21:32.627   Successfully installed the file.
2026-06-25 20:21:32.627   -- File entry --
2026-06-25 20:21:32.627   Dest filename: C:\Program Files\SamaHesab\System.Collections.Specialized.dll
2026-06-25 20:21:32.627   Time stamp of our file: 2026-04-30 03:06:52.000
2026-06-25 20:21:32.628   Dest file exists.
2026-06-25 20:21:32.628   Time stamp of existing file: 2026-04-30 03:06:52.000
2026-06-25 20:21:32.628   Installing the file.
2026-06-25 20:21:32.630   Successfully installed the file.
2026-06-25 20:21:32.630   -- File entry --
2026-06-25 20:21:32.630   Dest filename: C:\Program Files\SamaHesab\System.ComponentModel.Annotations.dll
2026-06-25 20:21:32.630   Time stamp of our file: 2026-04-30 03:06:54.000
2026-06-25 20:21:32.630   Dest file exists.
2026-06-25 20:21:32.630   Time stamp of existing file: 2026-04-30 03:06:54.000
2026-06-25 20:21:32.630   Installing the file.
2026-06-25 20:21:32.634   Successfully installed the file.
2026-06-25 20:21:32.634   -- File entry --
2026-06-25 20:21:32.634   Dest filename: C:\Program Files\SamaHesab\System.ComponentModel.DataAnnotations.dll
2026-06-25 20:21:32.634   Time stamp of our file: 2026-04-30 03:02:52.000
2026-06-25 20:21:32.634   Dest file exists.
2026-06-25 20:21:32.634   Time stamp of existing file: 2026-04-30 03:02:52.000
2026-06-25 20:21:32.634   Installing the file.
2026-06-25 20:21:32.636   Successfully installed the file.
2026-06-25 20:21:32.636   -- File entry --
2026-06-25 20:21:32.636   Dest filename: C:\Program Files\SamaHesab\System.ComponentModel.dll
2026-06-25 20:21:32.636   Time stamp of our file: 2026-04-30 03:06:54.000
2026-06-25 20:21:32.636   Dest file exists.
2026-06-25 20:21:32.636   Time stamp of existing file: 2026-04-30 03:06:54.000
2026-06-25 20:21:32.636   Installing the file.
2026-06-25 20:21:32.637   Successfully installed the file.
2026-06-25 20:21:32.637   -- File entry --
2026-06-25 20:21:32.637   Dest filename: C:\Program Files\SamaHesab\System.ComponentModel.EventBasedAsync.dll
2026-06-25 20:21:32.637   Time stamp of our file: 2026-04-30 03:06:56.000
2026-06-25 20:21:32.637   Dest file exists.
2026-06-25 20:21:32.637   Time stamp of existing file: 2026-04-30 03:06:56.000
2026-06-25 20:21:32.637   Installing the file.
2026-06-25 20:21:32.639   Successfully installed the file.
2026-06-25 20:21:32.639   -- File entry --
2026-06-25 20:21:32.639   Dest filename: C:\Program Files\SamaHesab\System.ComponentModel.Primitives.dll
2026-06-25 20:21:32.639   Time stamp of our file: 2026-04-30 03:06:56.000
2026-06-25 20:21:32.639   Dest file exists.
2026-06-25 20:21:32.639   Time stamp of existing file: 2026-04-30 03:06:56.000
2026-06-25 20:21:32.639   Installing the file.
2026-06-25 20:21:32.641   Successfully installed the file.
2026-06-25 20:21:32.641   -- File entry --
2026-06-25 20:21:32.641   Dest filename: C:\Program Files\SamaHesab\System.ComponentModel.TypeConverter.dll
2026-06-25 20:21:32.641   Time stamp of our file: 2026-04-30 03:06:58.000
2026-06-25 20:21:32.641   Dest file exists.
2026-06-25 20:21:32.641   Time stamp of existing file: 2026-04-30 03:06:58.000
2026-06-25 20:21:32.641   Installing the file.
2026-06-25 20:21:32.658   Successfully installed the file.
2026-06-25 20:21:32.658   -- File entry --
2026-06-25 20:21:32.658   Dest filename: C:\Program Files\SamaHesab\System.Configuration.ConfigurationManager.dll
2026-06-25 20:21:32.658   Time stamp of our file: 2026-04-30 16:08:32.000
2026-06-25 20:21:32.658   Dest file exists.
2026-06-25 20:21:32.658   Time stamp of existing file: 2026-04-30 16:08:32.000
2026-06-25 20:21:32.658   Installing the file.
2026-06-25 20:21:32.682   Successfully installed the file.
2026-06-25 20:21:32.682   -- File entry --
2026-06-25 20:21:32.682   Dest filename: C:\Program Files\SamaHesab\System.Configuration.dll
2026-06-25 20:21:32.682   Time stamp of our file: 2026-04-30 03:03:26.000
2026-06-25 20:21:32.682   Dest file exists.
2026-06-25 20:21:32.682   Time stamp of existing file: 2026-04-30 03:03:26.000
2026-06-25 20:21:32.682   Installing the file.
2026-06-25 20:21:32.683   Successfully installed the file.
2026-06-25 20:21:32.683   -- File entry --
2026-06-25 20:21:32.683   Dest filename: C:\Program Files\SamaHesab\System.Console.dll
2026-06-25 20:21:32.683   Time stamp of our file: 2026-04-30 03:07:00.000
2026-06-25 20:21:32.683   Dest file exists.
2026-06-25 20:21:32.683   Time stamp of existing file: 2026-04-30 03:07:00.000
2026-06-25 20:21:32.683   Installing the file.
2026-06-25 20:21:32.687   Successfully installed the file.
2026-06-25 20:21:32.687   -- File entry --
2026-06-25 20:21:32.687   Dest filename: C:\Program Files\SamaHesab\System.Core.dll
2026-06-25 20:21:32.687   Time stamp of our file: 2026-04-30 03:03:36.000
2026-06-25 20:21:32.687   Dest file exists.
2026-06-25 20:21:32.687   Time stamp of existing file: 2026-04-30 03:03:36.000
2026-06-25 20:21:32.687   Installing the file.
2026-06-25 20:21:32.689   Successfully installed the file.
2026-06-25 20:21:32.689   -- File entry --
2026-06-25 20:21:32.689   Dest filename: C:\Program Files\SamaHesab\System.Data.Common.dll
2026-06-25 20:21:32.689   Time stamp of our file: 2026-04-30 03:07:02.000
2026-06-25 20:21:32.689   Dest file exists.
2026-06-25 20:21:32.689   Time stamp of existing file: 2026-04-30 03:07:02.000
2026-06-25 20:21:32.689   Installing the file.
2026-06-25 20:21:32.752   Successfully installed the file.
2026-06-25 20:21:32.752   -- File entry --
2026-06-25 20:21:32.752   Dest filename: C:\Program Files\SamaHesab\System.Data.DataSetExtensions.dll
2026-06-25 20:21:32.752   Time stamp of our file: 2026-04-30 03:03:16.000
2026-06-25 20:21:32.752   Dest file exists.
2026-06-25 20:21:32.752   Time stamp of existing file: 2026-04-30 03:03:16.000
2026-06-25 20:21:32.752   Installing the file.
2026-06-25 20:21:32.753   Successfully installed the file.
2026-06-25 20:21:32.753   -- File entry --
2026-06-25 20:21:32.753   Dest filename: C:\Program Files\SamaHesab\System.Data.dll
2026-06-25 20:21:32.753   Time stamp of our file: 2026-04-30 03:03:32.000
2026-06-25 20:21:32.753   Dest file exists.
2026-06-25 20:21:32.754   Time stamp of existing file: 2026-04-30 03:03:32.000
2026-06-25 20:21:32.754   Installing the file.
2026-06-25 20:21:32.755   Successfully installed the file.
2026-06-25 20:21:32.755   -- File entry --
2026-06-25 20:21:32.755   Dest filename: C:\Program Files\SamaHesab\System.Design.dll
2026-06-25 20:21:32.755   Time stamp of our file: 2026-04-30 11:01:32.000
2026-06-25 20:21:32.755   Dest file exists.
2026-06-25 20:21:32.755   Time stamp of existing file: 2026-04-30 11:01:32.000
2026-06-25 20:21:32.755   Installing the file.
2026-06-25 20:21:32.756   Successfully installed the file.
2026-06-25 20:21:32.756   -- File entry --
2026-06-25 20:21:32.756   Dest filename: C:\Program Files\SamaHesab\System.Diagnostics.Contracts.dll
2026-06-25 20:21:32.756   Time stamp of our file: 2026-04-30 03:01:32.000
2026-06-25 20:21:32.756   Dest file exists.
2026-06-25 20:21:32.756   Time stamp of existing file: 2026-04-30 03:01:32.000
2026-06-25 20:21:32.756   Installing the file.
2026-06-25 20:21:32.757   Successfully installed the file.
2026-06-25 20:21:32.757   -- File entry --
2026-06-25 20:21:32.757   Dest filename: C:\Program Files\SamaHesab\System.Diagnostics.Debug.dll
2026-06-25 20:21:32.757   Time stamp of our file: 2026-04-30 03:02:42.000
2026-06-25 20:21:32.757   Dest file exists.
2026-06-25 20:21:32.757   Time stamp of existing file: 2026-04-30 03:02:42.000
2026-06-25 20:21:32.757   Installing the file.
2026-06-25 20:21:32.758   Successfully installed the file.
2026-06-25 20:21:32.758   -- File entry --
2026-06-25 20:21:32.758   Dest filename: C:\Program Files\SamaHesab\System.Diagnostics.DiagnosticSource.dll
2026-06-25 20:21:32.758   Time stamp of our file: 2026-04-30 03:07:04.000
2026-06-25 20:21:32.758   Dest file exists.
2026-06-25 20:21:32.758   Time stamp of existing file: 2026-04-30 03:07:04.000
2026-06-25 20:21:32.758   Installing the file.
2026-06-25 20:21:32.768   Successfully installed the file.
2026-06-25 20:21:32.768   -- File entry --
2026-06-25 20:21:32.768   Dest filename: C:\Program Files\SamaHesab\System.Diagnostics.EventLog.dll
2026-06-25 20:21:32.768   Time stamp of our file: 2026-04-30 16:08:32.000
2026-06-25 20:21:32.768   Dest file exists.
2026-06-25 20:21:32.768   Time stamp of existing file: 2026-04-30 16:08:32.000
2026-06-25 20:21:32.768   Installing the file.
2026-06-25 20:21:32.777   Successfully installed the file.
2026-06-25 20:21:32.777   -- File entry --
2026-06-25 20:21:32.777   Dest filename: C:\Program Files\SamaHesab\System.Diagnostics.EventLog.Messages.dll
2026-06-25 20:21:32.777   Time stamp of our file: 2026-04-30 02:57:44.000
2026-06-25 20:21:32.777   Dest file exists.
2026-06-25 20:21:32.777   Time stamp of existing file: 2026-04-30 02:57:44.000
2026-06-25 20:21:32.777   Installing the file.
2026-06-25 20:21:32.783   Successfully installed the file.
2026-06-25 20:21:32.783   -- File entry --
2026-06-25 20:21:32.783   Dest filename: C:\Program Files\SamaHesab\System.Diagnostics.FileVersionInfo.dll
2026-06-25 20:21:32.783   Time stamp of our file: 2026-04-30 03:07:06.000
2026-06-25 20:21:32.783   Dest file exists.
2026-06-25 20:21:32.783   Time stamp of existing file: 2026-04-30 03:07:06.000
2026-06-25 20:21:32.783   Installing the file.
2026-06-25 20:21:32.784   Successfully installed the file.
2026-06-25 20:21:32.784   -- File entry --
2026-06-25 20:21:32.785   Dest filename: C:\Program Files\SamaHesab\System.Diagnostics.PerformanceCounter.dll
2026-06-25 20:21:32.785   Time stamp of our file: 2026-04-30 16:08:32.000
2026-06-25 20:21:32.785   Dest file exists.
2026-06-25 20:21:32.785   Time stamp of existing file: 2026-04-30 16:08:32.000
2026-06-25 20:21:32.785   Installing the file.
2026-06-25 20:21:32.792   Successfully installed the file.
2026-06-25 20:21:32.792   -- File entry --
2026-06-25 20:21:32.792   Dest filename: C:\Program Files\SamaHesab\System.Diagnostics.Process.dll
2026-06-25 20:21:32.792   Time stamp of our file: 2026-04-30 03:07:06.000
2026-06-25 20:21:32.792   Dest file exists.
2026-06-25 20:21:32.792   Time stamp of existing file: 2026-04-30 03:07:06.000
2026-06-25 20:21:32.792   Installing the file.
2026-06-25 20:21:32.799   Successfully installed the file.
2026-06-25 20:21:32.799   -- File entry --
2026-06-25 20:21:32.799   Dest filename: C:\Program Files\SamaHesab\System.Diagnostics.StackTrace.dll
2026-06-25 20:21:32.800   Time stamp of our file: 2026-04-30 03:07:08.000
2026-06-25 20:21:32.800   Dest file exists.
2026-06-25 20:21:32.800   Time stamp of existing file: 2026-04-30 03:07:08.000
2026-06-25 20:21:32.800   Installing the file.
2026-06-25 20:21:32.801   Successfully installed the file.
2026-06-25 20:21:32.801   -- File entry --
2026-06-25 20:21:32.801   Dest filename: C:\Program Files\SamaHesab\System.Diagnostics.TextWriterTraceListener.dll
2026-06-25 20:21:32.801   Time stamp of our file: 2026-04-30 03:07:08.000
2026-06-25 20:21:32.801   Dest file exists.
2026-06-25 20:21:32.801   Time stamp of existing file: 2026-04-30 03:07:08.000
2026-06-25 20:21:32.801   Installing the file.
2026-06-25 20:21:32.803   Successfully installed the file.
2026-06-25 20:21:32.803   -- File entry --
2026-06-25 20:21:32.803   Dest filename: C:\Program Files\SamaHesab\System.Diagnostics.Tools.dll
2026-06-25 20:21:32.803   Time stamp of our file: 2026-04-30 03:02:40.000
2026-06-25 20:21:32.803   Dest file exists.
2026-06-25 20:21:32.803   Time stamp of existing file: 2026-04-30 03:02:40.000
2026-06-25 20:21:32.803   Installing the file.
2026-06-25 20:21:32.804   Successfully installed the file.
2026-06-25 20:21:32.804   -- File entry --
2026-06-25 20:21:32.804   Dest filename: C:\Program Files\SamaHesab\System.Diagnostics.TraceSource.dll
2026-06-25 20:21:32.804   Time stamp of our file: 2026-04-30 03:07:10.000
2026-06-25 20:21:32.804   Dest file exists.
2026-06-25 20:21:32.804   Time stamp of existing file: 2026-04-30 03:07:10.000
2026-06-25 20:21:32.804   Installing the file.
2026-06-25 20:21:32.807   Successfully installed the file.
2026-06-25 20:21:32.807   -- File entry --
2026-06-25 20:21:32.807   Dest filename: C:\Program Files\SamaHesab\System.Diagnostics.Tracing.dll
2026-06-25 20:21:32.807   Time stamp of our file: 2026-04-30 03:02:30.000
2026-06-25 20:21:32.807   Dest file exists.
2026-06-25 20:21:32.807   Time stamp of existing file: 2026-04-30 03:02:30.000
2026-06-25 20:21:32.807   Installing the file.
2026-06-25 20:21:32.809   Successfully installed the file.
2026-06-25 20:21:32.809   -- File entry --
2026-06-25 20:21:32.809   Dest filename: C:\Program Files\SamaHesab\System.DirectoryServices.dll
2026-06-25 20:21:32.809   Time stamp of our file: 2026-04-30 16:08:34.000
2026-06-25 20:21:32.809   Dest file exists.
2026-06-25 20:21:32.809   Time stamp of existing file: 2026-04-30 16:08:34.000
2026-06-25 20:21:32.809   Installing the file.
2026-06-25 20:21:32.832   Successfully installed the file.
2026-06-25 20:21:32.832   -- File entry --
2026-06-25 20:21:32.832   Dest filename: C:\Program Files\SamaHesab\System.dll
2026-06-25 20:21:32.832   Time stamp of our file: 2026-04-30 03:03:44.000
2026-06-25 20:21:32.832   Dest file exists.
2026-06-25 20:21:32.832   Time stamp of existing file: 2026-04-30 03:03:44.000
2026-06-25 20:21:32.832   Installing the file.
2026-06-25 20:21:32.833   Successfully installed the file.
2026-06-25 20:21:32.833   -- File entry --
2026-06-25 20:21:32.833   Dest filename: C:\Program Files\SamaHesab\System.Drawing.Common.dll
2026-06-25 20:21:32.834   Time stamp of our file: 2026-04-30 16:08:36.000
2026-06-25 20:21:32.834   Dest file exists.
2026-06-25 20:21:32.834   Time stamp of existing file: 2026-04-30 16:08:36.000
2026-06-25 20:21:32.834   Installing the file.
2026-06-25 20:21:32.857   Successfully installed the file.
2026-06-25 20:21:32.857   -- File entry --
2026-06-25 20:21:32.857   Dest filename: C:\Program Files\SamaHesab\System.Drawing.Design.dll
2026-06-25 20:21:32.857   Time stamp of our file: 2026-04-30 11:01:30.000
2026-06-25 20:21:32.857   Dest file exists.
2026-06-25 20:21:32.857   Time stamp of existing file: 2026-04-30 11:01:30.000
2026-06-25 20:21:32.857   Installing the file.
2026-06-25 20:21:32.858   Successfully installed the file.
2026-06-25 20:21:32.858   -- File entry --
2026-06-25 20:21:32.858   Dest filename: C:\Program Files\SamaHesab\System.Drawing.dll
2026-06-25 20:21:32.858   Time stamp of our file: 2026-04-30 11:01:32.000
2026-06-25 20:21:32.858   Dest file exists.
2026-06-25 20:21:32.858   Time stamp of existing file: 2026-04-30 11:01:32.000
2026-06-25 20:21:32.858   Installing the file.
2026-06-25 20:21:32.859   Successfully installed the file.
2026-06-25 20:21:32.859   -- File entry --
2026-06-25 20:21:32.859   Dest filename: C:\Program Files\SamaHesab\System.Drawing.Primitives.dll
2026-06-25 20:21:32.859   Time stamp of our file: 2026-04-30 03:07:12.000
2026-06-25 20:21:32.859   Dest file exists.
2026-06-25 20:21:32.859   Time stamp of existing file: 2026-04-30 03:07:12.000
2026-06-25 20:21:32.859   Installing the file.
2026-06-25 20:21:32.863   Successfully installed the file.
2026-06-25 20:21:32.863   -- File entry --
2026-06-25 20:21:32.863   Dest filename: C:\Program Files\SamaHesab\System.Dynamic.Runtime.dll
2026-06-25 20:21:32.863   Time stamp of our file: 2026-04-30 03:02:44.000
2026-06-25 20:21:32.863   Dest file exists.
2026-06-25 20:21:32.863   Time stamp of existing file: 2026-04-30 03:02:44.000
2026-06-25 20:21:32.863   Installing the file.
2026-06-25 20:21:32.865   Successfully installed the file.
2026-06-25 20:21:32.865   -- File entry --
2026-06-25 20:21:32.865   Dest filename: C:\Program Files\SamaHesab\System.Formats.Asn1.dll
2026-06-25 20:21:32.865   Time stamp of our file: 2026-04-30 03:07:14.000
2026-06-25 20:21:32.865   Dest file exists.
2026-06-25 20:21:32.865   Time stamp of existing file: 2026-04-30 03:07:14.000
2026-06-25 20:21:32.865   Installing the file.
2026-06-25 20:21:32.871   Successfully installed the file.
2026-06-25 20:21:32.871   -- File entry --
2026-06-25 20:21:32.871   Dest filename: C:\Program Files\SamaHesab\System.Formats.Nrbf.dll
2026-06-25 20:21:32.871   Time stamp of our file: 2026-04-30 16:08:34.000
2026-06-25 20:21:32.871   Dest file exists.
2026-06-25 20:21:32.871   Time stamp of existing file: 2026-04-30 16:08:34.000
2026-06-25 20:21:32.871   Installing the file.
2026-06-25 20:21:32.874   Successfully installed the file.
2026-06-25 20:21:32.874   -- File entry --
2026-06-25 20:21:32.874   Dest filename: C:\Program Files\SamaHesab\System.Formats.Tar.dll
2026-06-25 20:21:32.874   Time stamp of our file: 2026-04-30 03:07:14.000
2026-06-25 20:21:32.874   Dest file exists.
2026-06-25 20:21:32.874   Time stamp of existing file: 2026-04-30 03:07:14.000
2026-06-25 20:21:32.874   Installing the file.
2026-06-25 20:21:32.882   Successfully installed the file.
2026-06-25 20:21:32.882   -- File entry --
2026-06-25 20:21:32.882   Dest filename: C:\Program Files\SamaHesab\System.Globalization.Calendars.dll
2026-06-25 20:21:32.882   Time stamp of our file: 2026-04-30 03:02:50.000
2026-06-25 20:21:32.882   Dest file exists.
2026-06-25 20:21:32.882   Time stamp of existing file: 2026-04-30 03:02:50.000
2026-06-25 20:21:32.882   Installing the file.
2026-06-25 20:21:32.883   Successfully installed the file.
2026-06-25 20:21:32.883   -- File entry --
2026-06-25 20:21:32.883   Dest filename: C:\Program Files\SamaHesab\System.Globalization.dll
2026-06-25 20:21:32.883   Time stamp of our file: 2026-04-30 03:02:38.000
2026-06-25 20:21:32.883   Dest file exists.
2026-06-25 20:21:32.883   Time stamp of existing file: 2026-04-30 03:02:38.000
2026-06-25 20:21:32.883   Installing the file.
2026-06-25 20:21:32.884   Successfully installed the file.
2026-06-25 20:21:32.884   -- File entry --
2026-06-25 20:21:32.884   Dest filename: C:\Program Files\SamaHesab\System.Globalization.Extensions.dll
2026-06-25 20:21:32.884   Time stamp of our file: 2026-04-30 03:02:40.000
2026-06-25 20:21:32.884   Dest file exists.
2026-06-25 20:21:32.884   Time stamp of existing file: 2026-04-30 03:02:40.000
2026-06-25 20:21:32.884   Installing the file.
2026-06-25 20:21:32.886   Successfully installed the file.
2026-06-25 20:21:32.886   -- File entry --
2026-06-25 20:21:32.886   Dest filename: C:\Program Files\SamaHesab\System.IdentityModel.Tokens.Jwt.dll
2026-06-25 20:21:32.886   Time stamp of our file: 2023-12-01 08:01:48.000
2026-06-25 20:21:32.886   Dest file exists.
2026-06-25 20:21:32.886   Time stamp of existing file: 2023-12-01 08:01:48.000
2026-06-25 20:21:32.886   Installing the file.
2026-06-25 20:21:32.888   Successfully installed the file.
2026-06-25 20:21:32.888   -- File entry --
2026-06-25 20:21:32.889   Dest filename: C:\Program Files\SamaHesab\System.IO.Compression.Brotli.dll
2026-06-25 20:21:32.889   Time stamp of our file: 2026-04-30 03:07:16.000
2026-06-25 20:21:32.889   Dest file exists.
2026-06-25 20:21:32.889   Time stamp of existing file: 2026-04-30 03:07:16.000
2026-06-25 20:21:32.889   Installing the file.
2026-06-25 20:21:32.891   Successfully installed the file.
2026-06-25 20:21:32.891   -- File entry --
2026-06-25 20:21:32.891   Dest filename: C:\Program Files\SamaHesab\System.IO.Compression.dll
2026-06-25 20:21:32.891   Time stamp of our file: 2026-04-30 03:07:18.000
2026-06-25 20:21:32.891   Dest file exists.
2026-06-25 20:21:32.891   Time stamp of existing file: 2026-04-30 03:07:18.000
2026-06-25 20:21:32.891   Installing the file.
2026-06-25 20:21:32.898   Successfully installed the file.
2026-06-25 20:21:32.898   -- File entry --
2026-06-25 20:21:32.898   Dest filename: C:\Program Files\SamaHesab\System.IO.Compression.FileSystem.dll
2026-06-25 20:21:32.898   Time stamp of our file: 2026-04-30 03:02:44.000
2026-06-25 20:21:32.898   Dest file exists.
2026-06-25 20:21:32.898   Time stamp of existing file: 2026-04-30 03:02:44.000
2026-06-25 20:21:32.898   Installing the file.
2026-06-25 20:21:32.899   Successfully installed the file.
2026-06-25 20:21:32.899   -- File entry --
2026-06-25 20:21:32.899   Dest filename: C:\Program Files\SamaHesab\System.IO.Compression.Native.dll
2026-06-25 20:21:32.899   Time stamp of our file: 2026-04-30 02:59:02.000
2026-06-25 20:21:32.899   Dest file exists.
2026-06-25 20:21:32.899   Time stamp of existing file: 2026-04-30 02:59:02.000
2026-06-25 20:21:32.899   Installing the file.
2026-06-25 20:21:32.919   Successfully installed the file.
2026-06-25 20:21:32.919   -- File entry --
2026-06-25 20:21:32.919   Dest filename: C:\Program Files\SamaHesab\System.IO.Compression.ZipFile.dll
2026-06-25 20:21:32.919   Time stamp of our file: 2026-04-30 03:07:18.000
2026-06-25 20:21:32.919   Dest file exists.
2026-06-25 20:21:32.919   Time stamp of existing file: 2026-04-30 03:07:18.000
2026-06-25 20:21:32.919   Installing the file.
2026-06-25 20:21:32.920   Successfully installed the file.
2026-06-25 20:21:32.920   -- File entry --
2026-06-25 20:21:32.920   Dest filename: C:\Program Files\SamaHesab\System.IO.dll
2026-06-25 20:21:32.920   Time stamp of our file: 2026-04-30 03:02:48.000
2026-06-25 20:21:32.920   Dest file exists.
2026-06-25 20:21:32.920   Time stamp of existing file: 2026-04-30 03:02:48.000
2026-06-25 20:21:32.920   Installing the file.
2026-06-25 20:21:32.921   Successfully installed the file.
2026-06-25 20:21:32.921   -- File entry --
2026-06-25 20:21:32.921   Dest filename: C:\Program Files\SamaHesab\System.IO.FileSystem.AccessControl.dll
2026-06-25 20:21:32.921   Time stamp of our file: 2026-04-30 03:07:20.000
2026-06-25 20:21:32.921   Dest file exists.
2026-06-25 20:21:32.921   Time stamp of existing file: 2026-04-30 03:07:20.000
2026-06-25 20:21:32.921   Installing the file.
2026-06-25 20:21:32.924   Successfully installed the file.
2026-06-25 20:21:32.924   -- File entry --
2026-06-25 20:21:32.924   Dest filename: C:\Program Files\SamaHesab\System.IO.FileSystem.dll
2026-06-25 20:21:32.924   Time stamp of our file: 2026-04-30 03:02:40.000
2026-06-25 20:21:32.924   Dest file exists.
2026-06-25 20:21:32.924   Time stamp of existing file: 2026-04-30 03:02:40.000
2026-06-25 20:21:32.924   Installing the file.
2026-06-25 20:21:32.926   Successfully installed the file.
2026-06-25 20:21:32.926   -- File entry --
2026-06-25 20:21:32.926   Dest filename: C:\Program Files\SamaHesab\System.IO.FileSystem.DriveInfo.dll
2026-06-25 20:21:32.926   Time stamp of our file: 2026-04-30 03:07:20.000
2026-06-25 20:21:32.926   Dest file exists.
2026-06-25 20:21:32.926   Time stamp of existing file: 2026-04-30 03:07:20.000
2026-06-25 20:21:32.926   Installing the file.
2026-06-25 20:21:32.927   Successfully installed the file.
2026-06-25 20:21:32.927   -- File entry --
2026-06-25 20:21:32.927   Dest filename: C:\Program Files\SamaHesab\System.IO.FileSystem.Primitives.dll
2026-06-25 20:21:32.927   Time stamp of our file: 2026-04-30 03:02:38.000
2026-06-25 20:21:32.927   Dest file exists.
2026-06-25 20:21:32.927   Time stamp of existing file: 2026-04-30 03:02:38.000
2026-06-25 20:21:32.927   Installing the file.
2026-06-25 20:21:32.928   Successfully installed the file.
2026-06-25 20:21:32.928   -- File entry --
2026-06-25 20:21:32.928   Dest filename: C:\Program Files\SamaHesab\System.IO.FileSystem.Watcher.dll
2026-06-25 20:21:32.928   Time stamp of our file: 2026-04-30 03:07:22.000
2026-06-25 20:21:32.928   Dest file exists.
2026-06-25 20:21:32.928   Time stamp of existing file: 2026-04-30 03:07:22.000
2026-06-25 20:21:32.928   Installing the file.
2026-06-25 20:21:32.930   Successfully installed the file.
2026-06-25 20:21:32.930   -- File entry --
2026-06-25 20:21:32.930   Dest filename: C:\Program Files\SamaHesab\System.IO.IsolatedStorage.dll
2026-06-25 20:21:32.931   Time stamp of our file: 2026-04-30 03:07:24.000
2026-06-25 20:21:32.931   Dest file exists.
2026-06-25 20:21:32.931   Time stamp of existing file: 2026-04-30 03:07:24.000
2026-06-25 20:21:32.931   Installing the file.
2026-06-25 20:21:32.933   Successfully installed the file.
2026-06-25 20:21:32.933   -- File entry --
2026-06-25 20:21:32.933   Dest filename: C:\Program Files\SamaHesab\System.IO.MemoryMappedFiles.dll
2026-06-25 20:21:32.933   Time stamp of our file: 2026-04-30 03:07:24.000
2026-06-25 20:21:32.933   Dest file exists.
2026-06-25 20:21:32.933   Time stamp of existing file: 2026-04-30 03:07:24.000
2026-06-25 20:21:32.933   Installing the file.
2026-06-25 20:21:32.935   Successfully installed the file.
2026-06-25 20:21:32.935   -- File entry --
2026-06-25 20:21:32.935   Dest filename: C:\Program Files\SamaHesab\System.IO.Packaging.dll
2026-06-25 20:21:32.935   Time stamp of our file: 2026-04-30 16:08:34.000
2026-06-25 20:21:32.935   Dest file exists.
2026-06-25 20:21:32.935   Time stamp of existing file: 2026-04-30 16:08:34.000
2026-06-25 20:21:32.935   Installing the file.
2026-06-25 20:21:32.942   Successfully installed the file.
2026-06-25 20:21:32.942   -- File entry --
2026-06-25 20:21:32.942   Dest filename: C:\Program Files\SamaHesab\System.IO.Pipelines.dll
2026-06-25 20:21:32.943   Time stamp of our file: 2026-04-30 03:07:26.000
2026-06-25 20:21:32.943   Dest file exists.
2026-06-25 20:21:32.943   Time stamp of existing file: 2026-04-30 03:07:26.000
2026-06-25 20:21:32.943   Installing the file.
2026-06-25 20:21:32.948   Successfully installed the file.
2026-06-25 20:21:32.948   -- File entry --
2026-06-25 20:21:32.948   Dest filename: C:\Program Files\SamaHesab\System.IO.Pipes.AccessControl.dll
2026-06-25 20:21:32.948   Time stamp of our file: 2026-04-30 03:01:00.000
2026-06-25 20:21:32.948   Dest file exists.
2026-06-25 20:21:32.948   Time stamp of existing file: 2026-04-30 03:01:00.000
2026-06-25 20:21:32.948   Installing the file.
2026-06-25 20:21:32.949   Successfully installed the file.
2026-06-25 20:21:32.949   -- File entry --
2026-06-25 20:21:32.949   Dest filename: C:\Program Files\SamaHesab\System.IO.Pipes.dll
2026-06-25 20:21:32.949   Time stamp of our file: 2026-04-30 03:07:28.000
2026-06-25 20:21:32.949   Dest file exists.
2026-06-25 20:21:32.949   Time stamp of existing file: 2026-04-30 03:07:28.000
2026-06-25 20:21:32.949   Installing the file.
2026-06-25 20:21:32.954   Successfully installed the file.
2026-06-25 20:21:32.954   -- File entry --
2026-06-25 20:21:32.954   Dest filename: C:\Program Files\SamaHesab\System.IO.UnmanagedMemoryStream.dll
2026-06-25 20:21:32.954   Time stamp of our file: 2026-04-30 03:03:24.000
2026-06-25 20:21:32.954   Dest file exists.
2026-06-25 20:21:32.954   Time stamp of existing file: 2026-04-30 03:03:24.000
2026-06-25 20:21:32.954   Installing the file.
2026-06-25 20:21:32.955   Successfully installed the file.
2026-06-25 20:21:32.955   -- File entry --
2026-06-25 20:21:32.955   Dest filename: C:\Program Files\SamaHesab\System.Linq.dll
2026-06-25 20:21:32.955   Time stamp of our file: 2026-04-30 03:07:30.000
2026-06-25 20:21:32.955   Dest file exists.
2026-06-25 20:21:32.955   Time stamp of existing file: 2026-04-30 03:07:30.000
2026-06-25 20:21:32.955   Installing the file.
2026-06-25 20:21:32.970   Successfully installed the file.
2026-06-25 20:21:32.970   -- File entry --
2026-06-25 20:21:32.970   Dest filename: C:\Program Files\SamaHesab\System.Linq.Expressions.dll
2026-06-25 20:21:32.970   Time stamp of our file: 2026-04-30 03:07:32.000
2026-06-25 20:21:32.970   Dest file exists.
2026-06-25 20:21:32.970   Time stamp of existing file: 2026-04-30 03:07:32.000
2026-06-25 20:21:32.970   Installing the file.
2026-06-25 20:21:33.031   Successfully installed the file.
2026-06-25 20:21:33.031   -- File entry --
2026-06-25 20:21:33.031   Dest filename: C:\Program Files\SamaHesab\System.Linq.Parallel.dll
2026-06-25 20:21:33.031   Time stamp of our file: 2026-04-30 03:07:34.000
2026-06-25 20:21:33.031   Dest file exists.
2026-06-25 20:21:33.031   Time stamp of existing file: 2026-04-30 03:07:34.000
2026-06-25 20:21:33.031   Installing the file.
2026-06-25 20:21:33.048   Successfully installed the file.
2026-06-25 20:21:33.048   -- File entry --
2026-06-25 20:21:33.048   Dest filename: C:\Program Files\SamaHesab\System.Linq.Queryable.dll
2026-06-25 20:21:33.048   Time stamp of our file: 2026-04-30 03:07:36.000
2026-06-25 20:21:33.048   Dest file exists.
2026-06-25 20:21:33.048   Time stamp of existing file: 2026-04-30 03:07:36.000
2026-06-25 20:21:33.048   Installing the file.
2026-06-25 20:21:33.051   Successfully installed the file.
2026-06-25 20:21:33.051   -- File entry --
2026-06-25 20:21:33.051   Dest filename: C:\Program Files\SamaHesab\System.Management.dll
2026-06-25 20:21:33.051   Time stamp of our file: 2024-10-29 06:09:12.000
2026-06-25 20:21:33.052   Dest file exists.
2026-06-25 20:21:33.052   Time stamp of existing file: 2024-10-29 06:09:12.000
2026-06-25 20:21:33.052   Installing the file.
2026-06-25 20:21:33.057   Successfully installed the file.
2026-06-25 20:21:33.057   -- File entry --
2026-06-25 20:21:33.057   Dest filename: C:\Program Files\SamaHesab\System.Memory.Data.dll
2026-06-25 20:21:33.057   Time stamp of our file: 2021-04-08 20:15:54.000
2026-06-25 20:21:33.057   Dest file exists.
2026-06-25 20:21:33.057   Time stamp of existing file: 2021-04-08 20:15:54.000
2026-06-25 20:21:33.057   Installing the file.
2026-06-25 20:21:33.059   Successfully installed the file.
2026-06-25 20:21:33.059   -- File entry --
2026-06-25 20:21:33.059   Dest filename: C:\Program Files\SamaHesab\System.Memory.dll
2026-06-25 20:21:33.059   Time stamp of our file: 2026-04-30 03:07:38.000
2026-06-25 20:21:33.059   Dest file exists.
2026-06-25 20:21:33.059   Time stamp of existing file: 2026-04-30 03:07:38.000
2026-06-25 20:21:33.059   Installing the file.
2026-06-25 20:21:33.063   Successfully installed the file.
2026-06-25 20:21:33.063   -- File entry --
2026-06-25 20:21:33.063   Dest filename: C:\Program Files\SamaHesab\System.Net.dll
2026-06-25 20:21:33.063   Time stamp of our file: 2026-04-30 03:03:30.000
2026-06-25 20:21:33.063   Dest file exists.
2026-06-25 20:21:33.064   Time stamp of existing file: 2026-04-30 03:03:30.000
2026-06-25 20:21:33.064   Installing the file.
2026-06-25 20:21:33.064   Successfully installed the file.
2026-06-25 20:21:33.064   -- File entry --
2026-06-25 20:21:33.064   Dest filename: C:\Program Files\SamaHesab\System.Net.Http.dll
2026-06-25 20:21:33.064   Time stamp of our file: 2026-04-30 03:07:40.000
2026-06-25 20:21:33.064   Dest file exists.
2026-06-25 20:21:33.064   Time stamp of existing file: 2026-04-30 03:07:40.000
2026-06-25 20:21:33.064   Installing the file.
2026-06-25 20:21:33.104   Successfully installed the file.
2026-06-25 20:21:33.104   -- File entry --
2026-06-25 20:21:33.104   Dest filename: C:\Program Files\SamaHesab\System.Net.Http.Json.dll
2026-06-25 20:21:33.104   Time stamp of our file: 2026-04-30 03:07:40.000
2026-06-25 20:21:33.104   Dest file exists.
2026-06-25 20:21:33.104   Time stamp of existing file: 2026-04-30 03:07:40.000
2026-06-25 20:21:33.104   Installing the file.
2026-06-25 20:21:33.108   Successfully installed the file.
2026-06-25 20:21:33.108   -- File entry --
2026-06-25 20:21:33.108   Dest filename: C:\Program Files\SamaHesab\System.Net.HttpListener.dll
2026-06-25 20:21:33.108   Time stamp of our file: 2026-04-30 03:07:42.000
2026-06-25 20:21:33.108   Dest file exists.
2026-06-25 20:21:33.108   Time stamp of existing file: 2026-04-30 03:07:42.000
2026-06-25 20:21:33.108   Installing the file.
2026-06-25 20:21:33.121   Successfully installed the file.
2026-06-25 20:21:33.121   -- File entry --
2026-06-25 20:21:33.121   Dest filename: C:\Program Files\SamaHesab\System.Net.Mail.dll
2026-06-25 20:21:33.121   Time stamp of our file: 2026-04-30 03:07:44.000
2026-06-25 20:21:33.121   Dest file exists.
2026-06-25 20:21:33.121   Time stamp of existing file: 2026-04-30 03:07:44.000
2026-06-25 20:21:33.121   Installing the file.
2026-06-25 20:21:33.131   Successfully installed the file.
2026-06-25 20:21:33.131   -- File entry --
2026-06-25 20:21:33.131   Dest filename: C:\Program Files\SamaHesab\System.Net.NameResolution.dll
2026-06-25 20:21:33.131   Time stamp of our file: 2026-04-30 03:07:44.000
2026-06-25 20:21:33.131   Dest file exists.
2026-06-25 20:21:33.131   Time stamp of existing file: 2026-04-30 03:07:44.000
2026-06-25 20:21:33.131   Installing the file.
2026-06-25 20:21:33.134   Successfully installed the file.
2026-06-25 20:21:33.134   -- File entry --
2026-06-25 20:21:33.134   Dest filename: C:\Program Files\SamaHesab\System.Net.NetworkInformation.dll
2026-06-25 20:21:33.134   Time stamp of our file: 2026-04-30 03:07:46.000
2026-06-25 20:21:33.134   Dest file exists.
2026-06-25 20:21:33.134   Time stamp of existing file: 2026-04-30 03:07:46.000
2026-06-25 20:21:33.134   Installing the file.
2026-06-25 20:21:33.137   Successfully installed the file.
2026-06-25 20:21:33.137   -- File entry --
2026-06-25 20:21:33.137   Dest filename: C:\Program Files\SamaHesab\System.Net.Ping.dll
2026-06-25 20:21:33.137   Time stamp of our file: 2026-04-30 03:07:48.000
2026-06-25 20:21:33.137   Dest file exists.
2026-06-25 20:21:33.137   Time stamp of existing file: 2026-04-30 03:07:48.000
2026-06-25 20:21:33.137   Installing the file.
2026-06-25 20:21:33.141   Successfully installed the file.
2026-06-25 20:21:33.141   -- File entry --
2026-06-25 20:21:33.141   Dest filename: C:\Program Files\SamaHesab\System.Net.Primitives.dll
2026-06-25 20:21:33.141   Time stamp of our file: 2026-04-30 03:07:48.000
2026-06-25 20:21:33.141   Dest file exists.
2026-06-25 20:21:33.141   Time stamp of existing file: 2026-04-30 03:07:48.000
2026-06-25 20:21:33.141   Installing the file.
2026-06-25 20:21:33.146   Successfully installed the file.
2026-06-25 20:21:33.146   -- File entry --
2026-06-25 20:21:33.146   Dest filename: C:\Program Files\SamaHesab\System.Net.Quic.dll
2026-06-25 20:21:33.146   Time stamp of our file: 2026-04-30 03:07:50.000
2026-06-25 20:21:33.146   Dest file exists.
2026-06-25 20:21:33.146   Time stamp of existing file: 2026-04-30 03:07:50.000
2026-06-25 20:21:33.146   Installing the file.
2026-06-25 20:21:33.155   Successfully installed the file.
2026-06-25 20:21:33.155   -- File entry --
2026-06-25 20:21:33.155   Dest filename: C:\Program Files\SamaHesab\System.Net.Requests.dll
2026-06-25 20:21:33.155   Time stamp of our file: 2026-04-30 03:07:52.000
2026-06-25 20:21:33.155   Dest file exists.
2026-06-25 20:21:33.155   Time stamp of existing file: 2026-04-30 03:07:52.000
2026-06-25 20:21:33.155   Installing the file.
2026-06-25 20:21:33.164   Successfully installed the file.
2026-06-25 20:21:33.164   -- File entry --
2026-06-25 20:21:33.164   Dest filename: C:\Program Files\SamaHesab\System.Net.Security.dll
2026-06-25 20:21:33.164   Time stamp of our file: 2026-04-30 03:07:54.000
2026-06-25 20:21:33.164   Dest file exists.
2026-06-25 20:21:33.164   Time stamp of existing file: 2026-04-30 03:07:54.000
2026-06-25 20:21:33.164   Installing the file.
2026-06-25 20:21:33.180   Successfully installed the file.
2026-06-25 20:21:33.180   -- File entry --
2026-06-25 20:21:33.180   Dest filename: C:\Program Files\SamaHesab\System.Net.ServicePoint.dll
2026-06-25 20:21:33.180   Time stamp of our file: 2026-04-30 03:02:44.000
2026-06-25 20:21:33.180   Dest file exists.
2026-06-25 20:21:33.180   Time stamp of existing file: 2026-04-30 03:02:44.000
2026-06-25 20:21:33.180   Installing the file.
2026-06-25 20:21:33.181   Successfully installed the file.
2026-06-25 20:21:33.181   -- File entry --
2026-06-25 20:21:33.181   Dest filename: C:\Program Files\SamaHesab\System.Net.Sockets.dll
2026-06-25 20:21:33.181   Time stamp of our file: 2026-04-30 03:07:56.000
2026-06-25 20:21:33.182   Dest file exists.
2026-06-25 20:21:33.182   Time stamp of existing file: 2026-04-30 03:07:56.000
2026-06-25 20:21:33.182   Installing the file.
2026-06-25 20:21:33.194   Successfully installed the file.
2026-06-25 20:21:33.194   -- File entry --
2026-06-25 20:21:33.194   Dest filename: C:\Program Files\SamaHesab\System.Net.WebClient.dll
2026-06-25 20:21:33.194   Time stamp of our file: 2026-04-30 03:07:56.000
2026-06-25 20:21:33.194   Dest file exists.
2026-06-25 20:21:33.194   Time stamp of existing file: 2026-04-30 03:07:56.000
2026-06-25 20:21:33.194   Installing the file.
2026-06-25 20:21:33.198   Successfully installed the file.
2026-06-25 20:21:33.198   -- File entry --
2026-06-25 20:21:33.198   Dest filename: C:\Program Files\SamaHesab\System.Net.WebHeaderCollection.dll
2026-06-25 20:21:33.198   Time stamp of our file: 2026-04-30 03:07:58.000
2026-06-25 20:21:33.198   Dest file exists.
2026-06-25 20:21:33.198   Time stamp of existing file: 2026-04-30 03:07:58.000
2026-06-25 20:21:33.198   Installing the file.
2026-06-25 20:21:33.200   Successfully installed the file.
2026-06-25 20:21:33.200   -- File entry --
2026-06-25 20:21:33.200   Dest filename: C:\Program Files\SamaHesab\System.Net.WebProxy.dll
2026-06-25 20:21:33.200   Time stamp of our file: 2026-04-30 03:07:58.000
2026-06-25 20:21:33.200   Dest file exists.
2026-06-25 20:21:33.200   Time stamp of existing file: 2026-04-30 03:07:58.000
2026-06-25 20:21:33.200   Installing the file.
2026-06-25 20:21:33.201   Successfully installed the file.
2026-06-25 20:21:33.201   -- File entry --
2026-06-25 20:21:33.201   Dest filename: C:\Program Files\SamaHesab\System.Net.WebSockets.Client.dll
2026-06-25 20:21:33.201   Time stamp of our file: 2026-04-30 03:08:00.000
2026-06-25 20:21:33.201   Dest file exists.
2026-06-25 20:21:33.201   Time stamp of existing file: 2026-04-30 03:08:00.000
2026-06-25 20:21:33.201   Installing the file.
2026-06-25 20:21:33.204   Successfully installed the file.
2026-06-25 20:21:33.204   -- File entry --
2026-06-25 20:21:33.204   Dest filename: C:\Program Files\SamaHesab\System.Net.WebSockets.dll
2026-06-25 20:21:33.204   Time stamp of our file: 2026-04-30 03:08:02.000
2026-06-25 20:21:33.204   Dest file exists.
2026-06-25 20:21:33.204   Time stamp of existing file: 2026-04-30 03:08:02.000
2026-06-25 20:21:33.204   Installing the file.
2026-06-25 20:21:33.210   Successfully installed the file.
2026-06-25 20:21:33.210   -- File entry --
2026-06-25 20:21:33.210   Dest filename: C:\Program Files\SamaHesab\System.Numerics.dll
2026-06-25 20:21:33.210   Time stamp of our file: 2026-04-30 03:02:46.000
2026-06-25 20:21:33.210   Dest file exists.
2026-06-25 20:21:33.210   Time stamp of existing file: 2026-04-30 03:02:46.000
2026-06-25 20:21:33.210   Installing the file.
2026-06-25 20:21:33.211   Successfully installed the file.
2026-06-25 20:21:33.211   -- File entry --
2026-06-25 20:21:33.211   Dest filename: C:\Program Files\SamaHesab\System.Numerics.Vectors.dll
2026-06-25 20:21:33.211   Time stamp of our file: 2026-04-30 03:02:10.000
2026-06-25 20:21:33.211   Dest file exists.
2026-06-25 20:21:33.211   Time stamp of existing file: 2026-04-30 03:02:10.000
2026-06-25 20:21:33.211   Installing the file.
2026-06-25 20:21:33.212   Successfully installed the file.
2026-06-25 20:21:33.212   -- File entry --
2026-06-25 20:21:33.212   Dest filename: C:\Program Files\SamaHesab\System.ObjectModel.dll
2026-06-25 20:21:33.212   Time stamp of our file: 2026-04-30 03:08:02.000
2026-06-25 20:21:33.212   Dest file exists.
2026-06-25 20:21:33.212   Time stamp of existing file: 2026-04-30 03:08:02.000
2026-06-25 20:21:33.212   Installing the file.
2026-06-25 20:21:33.215   Successfully installed the file.
2026-06-25 20:21:33.215   -- File entry --
2026-06-25 20:21:33.215   Dest filename: C:\Program Files\SamaHesab\System.Printing.dll
2026-06-25 20:21:33.215   Time stamp of our file: 2026-04-30 16:08:56.000
2026-06-25 20:21:33.215   Dest file exists.
2026-06-25 20:21:33.215   Time stamp of existing file: 2026-04-30 16:08:56.000
2026-06-25 20:21:33.215   Installing the file.
2026-06-25 20:21:33.237   Successfully installed the file.
2026-06-25 20:21:33.237   -- File entry --
2026-06-25 20:21:33.237   Dest filename: C:\Program Files\SamaHesab\System.Private.CoreLib.dll
2026-06-25 20:21:33.237   Time stamp of our file: 2026-04-30 02:56:00.000
2026-06-25 20:21:33.237   Dest file exists.
2026-06-25 20:21:33.237   Time stamp of existing file: 2026-04-30 02:56:00.000
2026-06-25 20:21:33.237   Installing the file.
2026-06-25 20:21:33.531   Successfully installed the file.
2026-06-25 20:21:33.531   -- File entry --
2026-06-25 20:21:33.531   Dest filename: C:\Program Files\SamaHesab\System.Private.DataContractSerialization.dll
2026-06-25 20:21:33.531   Time stamp of our file: 2026-04-30 03:08:04.000
2026-06-25 20:21:33.531   Dest file exists.
2026-06-25 20:21:33.531   Time stamp of existing file: 2026-04-30 03:08:04.000
2026-06-25 20:21:33.531   Installing the file.
2026-06-25 20:21:33.575   Successfully installed the file.
2026-06-25 20:21:33.575   -- File entry --
2026-06-25 20:21:33.575   Dest filename: C:\Program Files\SamaHesab\System.Private.Uri.dll
2026-06-25 20:21:33.575   Time stamp of our file: 2026-04-30 03:08:06.000
2026-06-25 20:21:33.575   Dest file exists.
2026-06-25 20:21:33.575   Time stamp of existing file: 2026-04-30 03:08:06.000
2026-06-25 20:21:33.575   Installing the file.
2026-06-25 20:21:33.582   Successfully installed the file.
2026-06-25 20:21:33.582   -- File entry --
2026-06-25 20:21:33.582   Dest filename: C:\Program Files\SamaHesab\System.Private.Windows.Core.dll
2026-06-25 20:21:33.582   Time stamp of our file: 2026-04-30 16:08:36.000
2026-06-25 20:21:33.582   Dest file exists.
2026-06-25 20:21:33.582   Time stamp of existing file: 2026-04-30 16:08:36.000
2026-06-25 20:21:33.582   Installing the file.
2026-06-25 20:21:33.603   Successfully installed the file.
2026-06-25 20:21:33.603   -- File entry --
2026-06-25 20:21:33.603   Dest filename: C:\Program Files\SamaHesab\System.Private.Xml.dll
2026-06-25 20:21:33.603   Time stamp of our file: 2026-04-30 03:08:10.000
2026-06-25 20:21:33.603   Dest file exists.
2026-06-25 20:21:33.604   Time stamp of existing file: 2026-04-30 03:08:10.000
2026-06-25 20:21:33.604   Installing the file.
2026-06-25 20:21:33.768   Successfully installed the file.
2026-06-25 20:21:33.768   -- File entry --
2026-06-25 20:21:33.768   Dest filename: C:\Program Files\SamaHesab\System.Private.Xml.Linq.dll
2026-06-25 20:21:33.768   Time stamp of our file: 2026-04-30 03:08:12.000
2026-06-25 20:21:33.768   Dest file exists.
2026-06-25 20:21:33.768   Time stamp of existing file: 2026-04-30 03:08:12.000
2026-06-25 20:21:33.768   Installing the file.
2026-06-25 20:21:33.779   Successfully installed the file.
2026-06-25 20:21:33.779   -- File entry --
2026-06-25 20:21:33.779   Dest filename: C:\Program Files\SamaHesab\System.Reflection.DispatchProxy.dll
2026-06-25 20:21:33.779   Time stamp of our file: 2026-04-30 03:08:14.000
2026-06-25 20:21:33.779   Dest file exists.
2026-06-25 20:21:33.779   Time stamp of existing file: 2026-04-30 03:08:14.000
2026-06-25 20:21:33.779   Installing the file.
2026-06-25 20:21:33.781   Successfully installed the file.
2026-06-25 20:21:33.781   -- File entry --
2026-06-25 20:21:33.781   Dest filename: C:\Program Files\SamaHesab\System.Reflection.dll
2026-06-25 20:21:33.782   Time stamp of our file: 2026-04-30 03:02:38.000
2026-06-25 20:21:33.782   Dest file exists.
2026-06-25 20:21:33.782   Time stamp of existing file: 2026-04-30 03:02:38.000
2026-06-25 20:21:33.782   Installing the file.
2026-06-25 20:21:33.782   Successfully installed the file.
2026-06-25 20:21:33.783   -- File entry --
2026-06-25 20:21:33.783   Dest filename: C:\Program Files\SamaHesab\System.Reflection.Emit.dll
2026-06-25 20:21:33.783   Time stamp of our file: 2026-04-30 03:08:14.000
2026-06-25 20:21:33.783   Dest file exists.
2026-06-25 20:21:33.783   Time stamp of existing file: 2026-04-30 03:08:14.000
2026-06-25 20:21:33.783   Installing the file.
2026-06-25 20:21:33.790   Successfully installed the file.
2026-06-25 20:21:33.790   -- File entry --
2026-06-25 20:21:33.790   Dest filename: C:\Program Files\SamaHesab\System.Reflection.Emit.ILGeneration.dll
2026-06-25 20:21:33.790   Time stamp of our file: 2026-04-30 03:02:12.000
2026-06-25 20:21:33.790   Dest file exists.
2026-06-25 20:21:33.790   Time stamp of existing file: 2026-04-30 03:02:12.000
2026-06-25 20:21:33.791   Installing the file.
2026-06-25 20:21:33.791   Successfully installed the file.
2026-06-25 20:21:33.791   -- File entry --
2026-06-25 20:21:33.791   Dest filename: C:\Program Files\SamaHesab\System.Reflection.Emit.Lightweight.dll
2026-06-25 20:21:33.791   Time stamp of our file: 2026-04-30 03:02:32.000
2026-06-25 20:21:33.791   Dest file exists.
2026-06-25 20:21:33.792   Time stamp of existing file: 2026-04-30 03:02:32.000
2026-06-25 20:21:33.792   Installing the file.
2026-06-25 20:21:33.792   Successfully installed the file.
2026-06-25 20:21:33.792   -- File entry --
2026-06-25 20:21:33.792   Dest filename: C:\Program Files\SamaHesab\System.Reflection.Extensions.dll
2026-06-25 20:21:33.792   Time stamp of our file: 2026-04-30 03:02:46.000
2026-06-25 20:21:33.792   Dest file exists.
2026-06-25 20:21:33.793   Time stamp of existing file: 2026-04-30 03:02:46.000
2026-06-25 20:21:33.793   Installing the file.
2026-06-25 20:21:33.793   Successfully installed the file.
2026-06-25 20:21:33.793   -- File entry --
2026-06-25 20:21:33.793   Dest filename: C:\Program Files\SamaHesab\System.Reflection.Metadata.dll
2026-06-25 20:21:33.793   Time stamp of our file: 2026-04-30 03:08:16.000
2026-06-25 20:21:33.793   Dest file exists.
2026-06-25 20:21:33.793   Time stamp of existing file: 2026-04-30 03:08:16.000
2026-06-25 20:21:33.793   Installing the file.
2026-06-25 20:21:33.819   Successfully installed the file.
2026-06-25 20:21:33.819   -- File entry --
2026-06-25 20:21:33.819   Dest filename: C:\Program Files\SamaHesab\System.Reflection.Primitives.dll
2026-06-25 20:21:33.819   Time stamp of our file: 2026-04-30 03:02:44.000
2026-06-25 20:21:33.819   Dest file exists.
2026-06-25 20:21:33.819   Time stamp of existing file: 2026-04-30 03:02:44.000
2026-06-25 20:21:33.819   Installing the file.
2026-06-25 20:21:33.820   Successfully installed the file.
2026-06-25 20:21:33.820   -- File entry --
2026-06-25 20:21:33.820   Dest filename: C:\Program Files\SamaHesab\System.Reflection.TypeExtensions.dll
2026-06-25 20:21:33.820   Time stamp of our file: 2026-04-30 03:08:18.000
2026-06-25 20:21:33.820   Dest file exists.
2026-06-25 20:21:33.820   Time stamp of existing file: 2026-04-30 03:08:18.000
2026-06-25 20:21:33.820   Installing the file.
2026-06-25 20:21:33.821   Successfully installed the file.
2026-06-25 20:21:33.821   -- File entry --
2026-06-25 20:21:33.822   Dest filename: C:\Program Files\SamaHesab\System.Resources.Extensions.dll
2026-06-25 20:21:33.822   Time stamp of our file: 2026-04-30 16:08:34.000
2026-06-25 20:21:33.822   Dest file exists.
2026-06-25 20:21:33.822   Time stamp of existing file: 2026-04-30 16:08:34.000
2026-06-25 20:21:33.822   Installing the file.
2026-06-25 20:21:33.826   Successfully installed the file.
2026-06-25 20:21:33.826   -- File entry --
2026-06-25 20:21:33.826   Dest filename: C:\Program Files\SamaHesab\System.Resources.Reader.dll
2026-06-25 20:21:33.826   Time stamp of our file: 2026-04-30 03:02:38.000
2026-06-25 20:21:33.826   Dest file exists.
2026-06-25 20:21:33.826   Time stamp of existing file: 2026-04-30 03:02:38.000
2026-06-25 20:21:33.826   Installing the file.
2026-06-25 20:21:33.827   Successfully installed the file.
2026-06-25 20:21:33.827   -- File entry --
2026-06-25 20:21:33.827   Dest filename: C:\Program Files\SamaHesab\System.Resources.ResourceManager.dll
2026-06-25 20:21:33.827   Time stamp of our file: 2026-04-30 03:02:40.000
2026-06-25 20:21:33.827   Dest file exists.
2026-06-25 20:21:33.827   Time stamp of existing file: 2026-04-30 03:02:40.000
2026-06-25 20:21:33.827   Installing the file.
2026-06-25 20:21:33.829   Successfully installed the file.
2026-06-25 20:21:33.829   -- File entry --
2026-06-25 20:21:33.829   Dest filename: C:\Program Files\SamaHesab\System.Resources.Writer.dll
2026-06-25 20:21:33.829   Time stamp of our file: 2026-04-30 03:08:20.000
2026-06-25 20:21:33.829   Dest file exists.
2026-06-25 20:21:33.829   Time stamp of existing file: 2026-04-30 03:08:20.000
2026-06-25 20:21:33.829   Installing the file.
2026-06-25 20:21:33.830   Successfully installed the file.
2026-06-25 20:21:33.830   -- File entry --
2026-06-25 20:21:33.830   Dest filename: C:\Program Files\SamaHesab\System.Runtime.Caching.dll
2026-06-25 20:21:33.830   Time stamp of our file: 2023-10-31 18:30:12.000
2026-06-25 20:21:33.830   Dest file exists.
2026-06-25 20:21:33.830   Time stamp of existing file: 2023-10-31 18:30:12.000
2026-06-25 20:21:33.830   Installing the file.
2026-06-25 20:21:33.833   Successfully installed the file.
2026-06-25 20:21:33.833   -- File entry --
2026-06-25 20:21:33.833   Dest filename: C:\Program Files\SamaHesab\System.Runtime.CompilerServices.Unsafe.dll
2026-06-25 20:21:33.833   Time stamp of our file: 2026-04-30 03:02:40.000
2026-06-25 20:21:33.833   Dest file exists.
2026-06-25 20:21:33.833   Time stamp of existing file: 2026-04-30 03:02:40.000
2026-06-25 20:21:33.833   Installing the file.
2026-06-25 20:21:33.834   Successfully installed the file.
2026-06-25 20:21:33.834   -- File entry --
2026-06-25 20:21:33.834   Dest filename: C:\Program Files\SamaHesab\System.Runtime.CompilerServices.VisualC.dll
2026-06-25 20:21:33.834   Time stamp of our file: 2026-04-30 03:08:20.000
2026-06-25 20:21:33.834   Dest file exists.
2026-06-25 20:21:33.834   Time stamp of existing file: 2026-04-30 03:08:20.000
2026-06-25 20:21:33.834   Installing the file.
2026-06-25 20:21:33.835   Successfully installed the file.
2026-06-25 20:21:33.835   -- File entry --
2026-06-25 20:21:33.835   Dest filename: C:\Program Files\SamaHesab\System.Runtime.dll
2026-06-25 20:21:33.835   Time stamp of our file: 2026-04-30 03:02:30.000
2026-06-25 20:21:33.835   Dest file exists.
2026-06-25 20:21:33.835   Time stamp of existing file: 2026-04-30 03:02:30.000
2026-06-25 20:21:33.835   Installing the file.
2026-06-25 20:21:33.836   Successfully installed the file.
2026-06-25 20:21:33.836   -- File entry --
2026-06-25 20:21:33.836   Dest filename: C:\Program Files\SamaHesab\System.Runtime.Extensions.dll
2026-06-25 20:21:33.836   Time stamp of our file: 2026-04-30 03:02:48.000
2026-06-25 20:21:33.836   Dest file exists.
2026-06-25 20:21:33.836   Time stamp of existing file: 2026-04-30 03:02:48.000
2026-06-25 20:21:33.836   Installing the file.
2026-06-25 20:21:33.837   Successfully installed the file.
2026-06-25 20:21:33.837   -- File entry --
2026-06-25 20:21:33.837   Dest filename: C:\Program Files\SamaHesab\System.Runtime.Handles.dll
2026-06-25 20:21:33.837   Time stamp of our file: 2026-04-30 03:02:38.000
2026-06-25 20:21:33.837   Dest file exists.
2026-06-25 20:21:33.837   Time stamp of existing file: 2026-04-30 03:02:38.000
2026-06-25 20:21:33.837   Installing the file.
2026-06-25 20:21:33.838   Successfully installed the file.
2026-06-25 20:21:33.838   -- File entry --
2026-06-25 20:21:33.838   Dest filename: C:\Program Files\SamaHesab\System.Runtime.InteropServices.dll
2026-06-25 20:21:33.838   Time stamp of our file: 2026-04-30 03:08:22.000
2026-06-25 20:21:33.838   Dest file exists.
2026-06-25 20:21:33.838   Time stamp of existing file: 2026-04-30 03:08:22.000
2026-06-25 20:21:33.838   Installing the file.
2026-06-25 20:21:33.841   Successfully installed the file.
2026-06-25 20:21:33.841   -- File entry --
2026-06-25 20:21:33.841   Dest filename: C:\Program Files\SamaHesab\System.Runtime.InteropServices.JavaScript.dll
2026-06-25 20:21:33.841   Time stamp of our file: 2026-04-30 03:08:22.000
2026-06-25 20:21:33.841   Dest file exists.
2026-06-25 20:21:33.841   Time stamp of existing file: 2026-04-30 03:08:22.000
2026-06-25 20:21:33.841   Installing the file.
2026-06-25 20:21:33.842   Successfully installed the file.
2026-06-25 20:21:33.842   -- File entry --
2026-06-25 20:21:33.842   Dest filename: C:\Program Files\SamaHesab\System.Runtime.InteropServices.RuntimeInformation.dll
2026-06-25 20:21:33.842   Time stamp of our file: 2026-04-30 03:02:40.000
2026-06-25 20:21:33.842   Dest file exists.
2026-06-25 20:21:33.842   Time stamp of existing file: 2026-04-30 03:02:40.000
2026-06-25 20:21:33.842   Installing the file.
2026-06-25 20:21:33.843   Successfully installed the file.
2026-06-25 20:21:33.843   -- File entry --
2026-06-25 20:21:33.843   Dest filename: C:\Program Files\SamaHesab\System.Runtime.Intrinsics.dll
2026-06-25 20:21:33.843   Time stamp of our file: 2026-04-30 03:02:22.000
2026-06-25 20:21:33.843   Dest file exists.
2026-06-25 20:21:33.843   Time stamp of existing file: 2026-04-30 03:02:22.000
2026-06-25 20:21:33.843   Installing the file.
2026-06-25 20:21:33.844   Successfully installed the file.
2026-06-25 20:21:33.844   -- File entry --
2026-06-25 20:21:33.844   Dest filename: C:\Program Files\SamaHesab\System.Runtime.Loader.dll
2026-06-25 20:21:33.844   Time stamp of our file: 2026-04-30 03:02:46.000
2026-06-25 20:21:33.844   Dest file exists.
2026-06-25 20:21:33.845   Time stamp of existing file: 2026-04-30 03:02:46.000
2026-06-25 20:21:33.845   Installing the file.
2026-06-25 20:21:33.846   Successfully installed the file.
2026-06-25 20:21:33.846   -- File entry --
2026-06-25 20:21:33.846   Dest filename: C:\Program Files\SamaHesab\System.Runtime.Numerics.dll
2026-06-25 20:21:33.846   Time stamp of our file: 2026-04-30 03:08:24.000
2026-06-25 20:21:33.846   Dest file exists.
2026-06-25 20:21:33.846   Time stamp of existing file: 2026-04-30 03:08:24.000
2026-06-25 20:21:33.846   Installing the file.
2026-06-25 20:21:33.855   Successfully installed the file.
2026-06-25 20:21:33.855   -- File entry --
2026-06-25 20:21:33.855   Dest filename: C:\Program Files\SamaHesab\System.Runtime.Serialization.dll
2026-06-25 20:21:33.855   Time stamp of our file: 2026-04-30 03:02:56.000
2026-06-25 20:21:33.855   Dest file exists.
2026-06-25 20:21:33.855   Time stamp of existing file: 2026-04-30 03:02:56.000
2026-06-25 20:21:33.855   Installing the file.
2026-06-25 20:21:33.855   Successfully installed the file.
2026-06-25 20:21:33.855   -- File entry --
2026-06-25 20:21:33.855   Dest filename: C:\Program Files\SamaHesab\System.Runtime.Serialization.Formatters.dll
2026-06-25 20:21:33.855   Time stamp of our file: 2026-04-30 03:08:26.000
2026-06-25 20:21:33.855   Dest file exists.
2026-06-25 20:21:33.855   Time stamp of existing file: 2026-04-30 03:08:26.000
2026-06-25 20:21:33.855   Installing the file.
2026-06-25 20:21:33.859   Successfully installed the file.
2026-06-25 20:21:33.859   -- File entry --
2026-06-25 20:21:33.859   Dest filename: C:\Program Files\SamaHesab\System.Runtime.Serialization.Json.dll
2026-06-25 20:21:33.860   Time stamp of our file: 2026-04-30 03:01:16.000
2026-06-25 20:21:33.860   Dest file exists.
2026-06-25 20:21:33.860   Time stamp of existing file: 2026-04-30 03:01:16.000
2026-06-25 20:21:33.860   Installing the file.
2026-06-25 20:21:33.860   Successfully installed the file.
2026-06-25 20:21:33.860   -- File entry --
2026-06-25 20:21:33.860   Dest filename: C:\Program Files\SamaHesab\System.Runtime.Serialization.Primitives.dll
2026-06-25 20:21:33.861   Time stamp of our file: 2026-04-30 03:08:26.000
2026-06-25 20:21:33.861   Dest file exists.
2026-06-25 20:21:33.861   Time stamp of existing file: 2026-04-30 03:08:26.000
2026-06-25 20:21:33.861   Installing the file.
2026-06-25 20:21:33.862   Successfully installed the file.
2026-06-25 20:21:33.862   -- File entry --
2026-06-25 20:21:33.862   Dest filename: C:\Program Files\SamaHesab\System.Runtime.Serialization.Xml.dll
2026-06-25 20:21:33.862   Time stamp of our file: 2026-04-30 03:02:04.000
2026-06-25 20:21:33.862   Dest file exists.
2026-06-25 20:21:33.862   Time stamp of existing file: 2026-04-30 03:02:04.000
2026-06-25 20:21:33.862   Installing the file.
2026-06-25 20:21:33.863   Successfully installed the file.
2026-06-25 20:21:33.863   -- File entry --
2026-06-25 20:21:33.863   Dest filename: C:\Program Files\SamaHesab\System.Security.AccessControl.dll
2026-06-25 20:21:33.863   Time stamp of our file: 2026-04-30 03:08:28.000
2026-06-25 20:21:33.863   Dest file exists.
2026-06-25 20:21:33.863   Time stamp of existing file: 2026-04-30 03:08:28.000
2026-06-25 20:21:33.863   Installing the file.
2026-06-25 20:21:33.869   Successfully installed the file.
2026-06-25 20:21:33.869   -- File entry --
2026-06-25 20:21:33.869   Dest filename: C:\Program Files\SamaHesab\System.Security.Claims.dll
2026-06-25 20:21:33.869   Time stamp of our file: 2026-04-30 03:08:30.000
2026-06-25 20:21:33.869   Dest file exists.
2026-06-25 20:21:33.869   Time stamp of existing file: 2026-04-30 03:08:30.000
2026-06-25 20:21:33.869   Installing the file.
2026-06-25 20:21:33.871   Successfully installed the file.
2026-06-25 20:21:33.871   -- File entry --
2026-06-25 20:21:33.871   Dest filename: C:\Program Files\SamaHesab\System.Security.Cryptography.Algorithms.dll
2026-06-25 20:21:33.872   Time stamp of our file: 2026-04-30 03:02:48.000
2026-06-25 20:21:33.872   Dest file exists.
2026-06-25 20:21:33.872   Time stamp of existing file: 2026-04-30 03:02:48.000
2026-06-25 20:21:33.872   Installing the file.
2026-06-25 20:21:33.872   Successfully installed the file.
2026-06-25 20:21:33.872   -- File entry --
2026-06-25 20:21:33.873   Dest filename: C:\Program Files\SamaHesab\System.Security.Cryptography.Cng.dll
2026-06-25 20:21:33.873   Time stamp of our file: 2026-04-30 03:03:06.000
2026-06-25 20:21:33.873   Dest file exists.
2026-06-25 20:21:33.873   Time stamp of existing file: 2026-04-30 03:03:06.000
2026-06-25 20:21:33.873   Installing the file.
2026-06-25 20:21:33.873   Successfully installed the file.
2026-06-25 20:21:33.873   -- File entry --
2026-06-25 20:21:33.873   Dest filename: C:\Program Files\SamaHesab\System.Security.Cryptography.Csp.dll
2026-06-25 20:21:33.874   Time stamp of our file: 2026-04-30 03:02:52.000
2026-06-25 20:21:33.874   Dest file exists.
2026-06-25 20:21:33.874   Time stamp of existing file: 2026-04-30 03:02:52.000
2026-06-25 20:21:33.874   Installing the file.
2026-06-25 20:21:33.874   Successfully installed the file.
2026-06-25 20:21:33.874   -- File entry --
2026-06-25 20:21:33.874   Dest filename: C:\Program Files\SamaHesab\System.Security.Cryptography.dll
2026-06-25 20:21:33.875   Time stamp of our file: 2026-04-30 03:08:32.000
2026-06-25 20:21:33.875   Dest file exists.
2026-06-25 20:21:33.875   Time stamp of existing file: 2026-04-30 03:08:32.000
2026-06-25 20:21:33.875   Installing the file.
2026-06-25 20:21:33.918   Successfully installed the file.
2026-06-25 20:21:33.918   -- File entry --
2026-06-25 20:21:33.918   Dest filename: C:\Program Files\SamaHesab\System.Security.Cryptography.Encoding.dll
2026-06-25 20:21:33.919   Time stamp of our file: 2026-04-30 03:02:46.000
2026-06-25 20:21:33.919   Dest file exists.
2026-06-25 20:21:33.919   Time stamp of existing file: 2026-04-30 03:02:46.000
2026-06-25 20:21:33.919   Installing the file.
2026-06-25 20:21:33.920   Successfully installed the file.
2026-06-25 20:21:33.920   -- File entry --
2026-06-25 20:21:33.920   Dest filename: C:\Program Files\SamaHesab\System.Security.Cryptography.OpenSsl.dll
2026-06-25 20:21:33.920   Time stamp of our file: 2026-04-30 03:02:52.000
2026-06-25 20:21:33.920   Dest file exists.
2026-06-25 20:21:33.920   Time stamp of existing file: 2026-04-30 03:02:52.000
2026-06-25 20:21:33.920   Installing the file.
2026-06-25 20:21:33.920   Successfully installed the file.
2026-06-25 20:21:33.920   -- File entry --
2026-06-25 20:21:33.920   Dest filename: C:\Program Files\SamaHesab\System.Security.Cryptography.Pkcs.dll
2026-06-25 20:21:33.920   Time stamp of our file: 2026-04-30 16:08:34.000
2026-06-25 20:21:33.920   Dest file exists.
2026-06-25 20:21:33.920   Time stamp of existing file: 2026-04-30 16:08:34.000
2026-06-25 20:21:33.920   Installing the file.
2026-06-25 20:21:33.936   Successfully installed the file.
2026-06-25 20:21:33.936   -- File entry --
2026-06-25 20:21:33.936   Dest filename: C:\Program Files\SamaHesab\System.Security.Cryptography.Primitives.dll
2026-06-25 20:21:33.936   Time stamp of our file: 2026-04-30 03:02:46.000
2026-06-25 20:21:33.936   Dest file exists.
2026-06-25 20:21:33.936   Time stamp of existing file: 2026-04-30 03:02:46.000
2026-06-25 20:21:33.936   Installing the file.
2026-06-25 20:21:33.937   Successfully installed the file.
2026-06-25 20:21:33.937   -- File entry --
2026-06-25 20:21:33.937   Dest filename: C:\Program Files\SamaHesab\System.Security.Cryptography.ProtectedData.dll
2026-06-25 20:21:33.937   Time stamp of our file: 2026-04-30 16:08:34.000
2026-06-25 20:21:33.937   Dest file exists.
2026-06-25 20:21:33.937   Time stamp of existing file: 2026-04-30 16:08:34.000
2026-06-25 20:21:33.937   Installing the file.
2026-06-25 20:21:33.939   Successfully installed the file.
2026-06-25 20:21:33.939   -- File entry --
2026-06-25 20:21:33.939   Dest filename: C:\Program Files\SamaHesab\System.Security.Cryptography.X509Certificates.dll
2026-06-25 20:21:33.939   Time stamp of our file: 2026-04-30 03:02:46.000
2026-06-25 20:21:33.939   Dest file exists.
2026-06-25 20:21:33.939   Time stamp of existing file: 2026-04-30 03:02:46.000
2026-06-25 20:21:33.939   Installing the file.
2026-06-25 20:21:33.940   Successfully installed the file.
2026-06-25 20:21:33.940   -- File entry --
2026-06-25 20:21:33.940   Dest filename: C:\Program Files\SamaHesab\System.Security.Cryptography.Xml.dll
2026-06-25 20:21:33.940   Time stamp of our file: 2026-04-30 16:08:34.000
2026-06-25 20:21:33.940   Dest file exists.
2026-06-25 20:21:33.940   Time stamp of existing file: 2026-04-30 16:08:34.000
2026-06-25 20:21:33.940   Installing the file.
2026-06-25 20:21:33.950   Successfully installed the file.
2026-06-25 20:21:33.951   -- File entry --
2026-06-25 20:21:33.951   Dest filename: C:\Program Files\SamaHesab\System.Security.dll
2026-06-25 20:21:33.951   Time stamp of our file: 2026-04-30 03:03:36.000
2026-06-25 20:21:33.951   Dest file exists.
2026-06-25 20:21:33.951   Time stamp of existing file: 2026-04-30 03:03:36.000
2026-06-25 20:21:33.951   Installing the file.
2026-06-25 20:21:33.952   Successfully installed the file.
2026-06-25 20:21:33.952   -- File entry --
2026-06-25 20:21:33.952   Dest filename: C:\Program Files\SamaHesab\System.Security.Permissions.dll
2026-06-25 20:21:33.952   Time stamp of our file: 2026-04-30 16:08:34.000
2026-06-25 20:21:33.952   Dest file exists.
2026-06-25 20:21:33.952   Time stamp of existing file: 2026-04-30 16:08:34.000
2026-06-25 20:21:33.952   Installing the file.
2026-06-25 20:21:33.955   Successfully installed the file.
2026-06-25 20:21:33.956   -- File entry --
2026-06-25 20:21:33.956   Dest filename: C:\Program Files\SamaHesab\System.Security.Principal.dll
2026-06-25 20:21:33.956   Time stamp of our file: 2026-04-30 03:02:40.000
2026-06-25 20:21:33.956   Dest file exists.
2026-06-25 20:21:33.956   Time stamp of existing file: 2026-04-30 03:02:40.000
2026-06-25 20:21:33.956   Installing the file.
2026-06-25 20:21:33.956   Successfully installed the file.
2026-06-25 20:21:33.957   -- File entry --
2026-06-25 20:21:33.957   Dest filename: C:\Program Files\SamaHesab\System.Security.Principal.Windows.dll
2026-06-25 20:21:33.957   Time stamp of our file: 2026-04-30 03:08:32.000
2026-06-25 20:21:33.957   Dest file exists.
2026-06-25 20:21:33.957   Time stamp of existing file: 2026-04-30 03:08:32.000
2026-06-25 20:21:33.957   Installing the file.
2026-06-25 20:21:33.961   Successfully installed the file.
2026-06-25 20:21:33.961   -- File entry --
2026-06-25 20:21:33.961   Dest filename: C:\Program Files\SamaHesab\System.Security.SecureString.dll
2026-06-25 20:21:33.961   Time stamp of our file: 2026-04-30 03:03:24.000
2026-06-25 20:21:33.961   Dest file exists.
2026-06-25 20:21:33.961   Time stamp of existing file: 2026-04-30 03:03:24.000
2026-06-25 20:21:33.961   Installing the file.
2026-06-25 20:21:33.962   Successfully installed the file.
2026-06-25 20:21:33.962   -- File entry --
2026-06-25 20:21:33.962   Dest filename: C:\Program Files\SamaHesab\System.ServiceModel.Web.dll
2026-06-25 20:21:33.962   Time stamp of our file: 2026-04-30 03:03:30.000
2026-06-25 20:21:33.962   Dest file exists.
2026-06-25 20:21:33.962   Time stamp of existing file: 2026-04-30 03:03:30.000
2026-06-25 20:21:33.962   Installing the file.
2026-06-25 20:21:33.963   Successfully installed the file.
2026-06-25 20:21:33.963   -- File entry --
2026-06-25 20:21:33.963   Dest filename: C:\Program Files\SamaHesab\System.ServiceProcess.dll
2026-06-25 20:21:33.963   Time stamp of our file: 2026-04-30 03:03:32.000
2026-06-25 20:21:33.963   Dest file exists.
2026-06-25 20:21:33.963   Time stamp of existing file: 2026-04-30 03:03:32.000
2026-06-25 20:21:33.963   Installing the file.
2026-06-25 20:21:33.964   Successfully installed the file.
2026-06-25 20:21:33.964   -- File entry --
2026-06-25 20:21:33.964   Dest filename: C:\Program Files\SamaHesab\System.Text.Encoding.CodePages.dll
2026-06-25 20:21:33.964   Time stamp of our file: 2026-04-30 03:08:34.000
2026-06-25 20:21:33.964   Dest file exists.
2026-06-25 20:21:33.964   Time stamp of existing file: 2026-04-30 03:08:34.000
2026-06-25 20:21:33.964   Installing the file.
2026-06-25 20:21:33.980   Successfully installed the file.
2026-06-25 20:21:33.980   -- File entry --
2026-06-25 20:21:33.980   Dest filename: C:\Program Files\SamaHesab\System.Text.Encoding.dll
2026-06-25 20:21:33.980   Time stamp of our file: 2026-04-30 03:02:42.000
2026-06-25 20:21:33.980   Dest file exists.
2026-06-25 20:21:33.980   Time stamp of existing file: 2026-04-30 03:02:42.000
2026-06-25 20:21:33.980   Installing the file.
2026-06-25 20:21:33.981   Successfully installed the file.
2026-06-25 20:21:33.981   -- File entry --
2026-06-25 20:21:33.981   Dest filename: C:\Program Files\SamaHesab\System.Text.Encoding.Extensions.dll
2026-06-25 20:21:33.981   Time stamp of our file: 2026-04-30 03:02:44.000
2026-06-25 20:21:33.981   Dest file exists.
2026-06-25 20:21:33.981   Time stamp of existing file: 2026-04-30 03:02:44.000
2026-06-25 20:21:33.981   Installing the file.
2026-06-25 20:21:33.982   Successfully installed the file.
2026-06-25 20:21:33.982   -- File entry --
2026-06-25 20:21:33.982   Dest filename: C:\Program Files\SamaHesab\System.Text.Encodings.Web.dll
2026-06-25 20:21:33.982   Time stamp of our file: 2026-04-30 03:08:36.000
2026-06-25 20:21:33.982   Dest file exists.
2026-06-25 20:21:33.982   Time stamp of existing file: 2026-04-30 03:08:36.000
2026-06-25 20:21:33.982   Installing the file.
2026-06-25 20:21:33.985   Successfully installed the file.
2026-06-25 20:21:33.985   -- File entry --
2026-06-25 20:21:33.985   Dest filename: C:\Program Files\SamaHesab\System.Text.Json.dll
2026-06-25 20:21:33.985   Time stamp of our file: 2026-04-30 03:08:38.000
2026-06-25 20:21:33.985   Dest file exists.
2026-06-25 20:21:33.985   Time stamp of existing file: 2026-04-30 03:08:38.000
2026-06-25 20:21:33.985   Installing the file.
2026-06-25 20:21:34.023   Successfully installed the file.
2026-06-25 20:21:34.023   -- File entry --
2026-06-25 20:21:34.023   Dest filename: C:\Program Files\SamaHesab\System.Text.RegularExpressions.dll
2026-06-25 20:21:34.023   Time stamp of our file: 2026-04-30 03:08:40.000
2026-06-25 20:21:34.023   Dest file exists.
2026-06-25 20:21:34.023   Time stamp of existing file: 2026-04-30 03:08:40.000
2026-06-25 20:21:34.023   Installing the file.
2026-06-25 20:21:34.046   Successfully installed the file.
2026-06-25 20:21:34.046   -- File entry --
2026-06-25 20:21:34.046   Dest filename: C:\Program Files\SamaHesab\System.Threading.AccessControl.dll
2026-06-25 20:21:34.046   Time stamp of our file: 2026-04-30 16:08:36.000
2026-06-25 20:21:34.046   Dest file exists.
2026-06-25 20:21:34.046   Time stamp of existing file: 2026-04-30 16:08:36.000
2026-06-25 20:21:34.046   Installing the file.
2026-06-25 20:21:34.048   Successfully installed the file.
2026-06-25 20:21:34.048   -- File entry --
2026-06-25 20:21:34.048   Dest filename: C:\Program Files\SamaHesab\System.Threading.Channels.dll
2026-06-25 20:21:34.048   Time stamp of our file: 2026-04-30 03:08:40.000
2026-06-25 20:21:34.048   Dest file exists.
2026-06-25 20:21:34.048   Time stamp of existing file: 2026-04-30 03:08:40.000
2026-06-25 20:21:34.048   Installing the file.
2026-06-25 20:21:34.053   Successfully installed the file.
2026-06-25 20:21:34.053   -- File entry --
2026-06-25 20:21:34.053   Dest filename: C:\Program Files\SamaHesab\System.Threading.dll
2026-06-25 20:21:34.053   Time stamp of our file: 2026-04-30 03:08:42.000
2026-06-25 20:21:34.053   Dest file exists.
2026-06-25 20:21:34.053   Time stamp of existing file: 2026-04-30 03:08:42.000
2026-06-25 20:21:34.053   Installing the file.
2026-06-25 20:21:34.055   Successfully installed the file.
2026-06-25 20:21:34.055   -- File entry --
2026-06-25 20:21:34.055   Dest filename: C:\Program Files\SamaHesab\System.Threading.Overlapped.dll
2026-06-25 20:21:34.055   Time stamp of our file: 2026-04-30 03:02:52.000
2026-06-25 20:21:34.055   Dest file exists.
2026-06-25 20:21:34.055   Time stamp of existing file: 2026-04-30 03:02:52.000
2026-06-25 20:21:34.055   Installing the file.
2026-06-25 20:21:34.056   Successfully installed the file.
2026-06-25 20:21:34.056   -- File entry --
2026-06-25 20:21:34.056   Dest filename: C:\Program Files\SamaHesab\System.Threading.Tasks.Dataflow.dll
2026-06-25 20:21:34.056   Time stamp of our file: 2026-04-30 03:08:44.000
2026-06-25 20:21:34.056   Dest file exists.
2026-06-25 20:21:34.056   Time stamp of existing file: 2026-04-30 03:08:44.000
2026-06-25 20:21:34.056   Installing the file.
2026-06-25 20:21:34.068   Successfully installed the file.
2026-06-25 20:21:34.068   -- File entry --
2026-06-25 20:21:34.068   Dest filename: C:\Program Files\SamaHesab\System.Threading.Tasks.dll
2026-06-25 20:21:34.068   Time stamp of our file: 2026-04-30 03:02:38.000
2026-06-25 20:21:34.068   Dest file exists.
2026-06-25 20:21:34.068   Time stamp of existing file: 2026-04-30 03:02:38.000
2026-06-25 20:21:34.068   Installing the file.
2026-06-25 20:21:34.069   Successfully installed the file.
2026-06-25 20:21:34.069   -- File entry --
2026-06-25 20:21:34.069   Dest filename: C:\Program Files\SamaHesab\System.Threading.Tasks.Extensions.dll
2026-06-25 20:21:34.069   Time stamp of our file: 2026-04-30 03:02:38.000
2026-06-25 20:21:34.069   Dest file exists.
2026-06-25 20:21:34.069   Time stamp of existing file: 2026-04-30 03:02:38.000
2026-06-25 20:21:34.069   Installing the file.
2026-06-25 20:21:34.070   Successfully installed the file.
2026-06-25 20:21:34.070   -- File entry --
2026-06-25 20:21:34.070   Dest filename: C:\Program Files\SamaHesab\System.Threading.Tasks.Parallel.dll
2026-06-25 20:21:34.070   Time stamp of our file: 2026-04-30 03:08:46.000
2026-06-25 20:21:34.070   Dest file exists.
2026-06-25 20:21:34.070   Time stamp of existing file: 2026-04-30 03:08:46.000
2026-06-25 20:21:34.070   Installing the file.
2026-06-25 20:21:34.074   Successfully installed the file.
2026-06-25 20:21:34.074   -- File entry --
2026-06-25 20:21:34.074   Dest filename: C:\Program Files\SamaHesab\System.Threading.Thread.dll
2026-06-25 20:21:34.074   Time stamp of our file: 2026-04-30 03:01:38.000
2026-06-25 20:21:34.074   Dest file exists.
2026-06-25 20:21:34.074   Time stamp of existing file: 2026-04-30 03:01:38.000
2026-06-25 20:21:34.074   Installing the file.
2026-06-25 20:21:34.075   Successfully installed the file.
2026-06-25 20:21:34.075   -- File entry --
2026-06-25 20:21:34.075   Dest filename: C:\Program Files\SamaHesab\System.Threading.ThreadPool.dll
2026-06-25 20:21:34.075   Time stamp of our file: 2026-04-30 03:02:52.000
2026-06-25 20:21:34.075   Dest file exists.
2026-06-25 20:21:34.075   Time stamp of existing file: 2026-04-30 03:02:52.000
2026-06-25 20:21:34.075   Installing the file.
2026-06-25 20:21:34.076   Successfully installed the file.
2026-06-25 20:21:34.076   -- File entry --
2026-06-25 20:21:34.076   Dest filename: C:\Program Files\SamaHesab\System.Threading.Timer.dll
2026-06-25 20:21:34.076   Time stamp of our file: 2026-04-30 03:02:48.000
2026-06-25 20:21:34.076   Dest file exists.
2026-06-25 20:21:34.076   Time stamp of existing file: 2026-04-30 03:02:48.000
2026-06-25 20:21:34.076   Installing the file.
2026-06-25 20:21:34.076   Successfully installed the file.
2026-06-25 20:21:34.077   -- File entry --
2026-06-25 20:21:34.077   Dest filename: C:\Program Files\SamaHesab\System.Transactions.dll
2026-06-25 20:21:34.077   Time stamp of our file: 2026-04-30 03:03:24.000
2026-06-25 20:21:34.077   Dest file exists.
2026-06-25 20:21:34.077   Time stamp of existing file: 2026-04-30 03:03:24.000
2026-06-25 20:21:34.077   Installing the file.
2026-06-25 20:21:34.077   Successfully installed the file.
2026-06-25 20:21:34.078   -- File entry --
2026-06-25 20:21:34.078   Dest filename: C:\Program Files\SamaHesab\System.Transactions.Local.dll
2026-06-25 20:21:34.078   Time stamp of our file: 2026-04-30 03:08:46.000
2026-06-25 20:21:34.078   Dest file exists.
2026-06-25 20:21:34.078   Time stamp of existing file: 2026-04-30 03:08:46.000
2026-06-25 20:21:34.078   Installing the file.
2026-06-25 20:21:34.093   Successfully installed the file.
2026-06-25 20:21:34.093   -- File entry --
2026-06-25 20:21:34.093   Dest filename: C:\Program Files\SamaHesab\System.ValueTuple.dll
2026-06-25 20:21:34.093   Time stamp of our file: 2026-04-30 03:02:42.000
2026-06-25 20:21:34.093   Dest file exists.
2026-06-25 20:21:34.093   Time stamp of existing file: 2026-04-30 03:02:42.000
2026-06-25 20:21:34.093   Installing the file.
2026-06-25 20:21:34.094   Successfully installed the file.
2026-06-25 20:21:34.094   -- File entry --
2026-06-25 20:21:34.094   Dest filename: C:\Program Files\SamaHesab\System.Web.dll
2026-06-25 20:21:34.094   Time stamp of our file: 2026-04-30 03:02:56.000
2026-06-25 20:21:34.094   Dest file exists.
2026-06-25 20:21:34.094   Time stamp of existing file: 2026-04-30 03:02:56.000
2026-06-25 20:21:34.094   Installing the file.
2026-06-25 20:21:34.095   Successfully installed the file.
2026-06-25 20:21:34.095   -- File entry --
2026-06-25 20:21:34.095   Dest filename: C:\Program Files\SamaHesab\System.Web.HttpUtility.dll
2026-06-25 20:21:34.095   Time stamp of our file: 2026-04-30 03:08:48.000
2026-06-25 20:21:34.095   Dest file exists.
2026-06-25 20:21:34.095   Time stamp of existing file: 2026-04-30 03:08:48.000
2026-06-25 20:21:34.095   Installing the file.
2026-06-25 20:21:34.097   Successfully installed the file.
2026-06-25 20:21:34.097   -- File entry --
2026-06-25 20:21:34.097   Dest filename: C:\Program Files\SamaHesab\System.Windows.Controls.Ribbon.dll
2026-06-25 20:21:34.097   Time stamp of our file: 2026-04-30 16:08:58.000
2026-06-25 20:21:34.097   Dest file exists.
2026-06-25 20:21:34.097   Time stamp of existing file: 2026-04-30 16:08:58.000
2026-06-25 20:21:34.097   Installing the file.
2026-06-25 20:21:34.126   Successfully installed the file.
2026-06-25 20:21:34.126   -- File entry --
2026-06-25 20:21:34.126   Dest filename: C:\Program Files\SamaHesab\System.Windows.dll
2026-06-25 20:21:34.126   Time stamp of our file: 2026-04-30 03:02:42.000
2026-06-25 20:21:34.126   Dest file exists.
2026-06-25 20:21:34.126   Time stamp of existing file: 2026-04-30 03:02:42.000
2026-06-25 20:21:34.126   Installing the file.
2026-06-25 20:21:34.127   Successfully installed the file.
2026-06-25 20:21:34.127   -- File entry --
2026-06-25 20:21:34.127   Dest filename: C:\Program Files\SamaHesab\System.Windows.Extensions.dll
2026-06-25 20:21:34.127   Time stamp of our file: 2026-04-30 16:08:36.000
2026-06-25 20:21:34.127   Dest file exists.
2026-06-25 20:21:34.127   Time stamp of existing file: 2026-04-30 16:08:36.000
2026-06-25 20:21:34.127   Installing the file.
2026-06-25 20:21:34.130   Successfully installed the file.
2026-06-25 20:21:34.130   -- File entry --
2026-06-25 20:21:34.130   Dest filename: C:\Program Files\SamaHesab\System.Windows.Forms.Design.dll
2026-06-25 20:21:34.130   Time stamp of our file: 2026-04-30 16:08:38.000
2026-06-25 20:21:34.130   Dest file exists.
2026-06-25 20:21:34.130   Time stamp of existing file: 2026-04-30 16:08:38.000
2026-06-25 20:21:34.130   Installing the file.
2026-06-25 20:21:34.232   Successfully installed the file.
2026-06-25 20:21:34.232   -- File entry --
2026-06-25 20:21:34.232   Dest filename: C:\Program Files\SamaHesab\System.Windows.Forms.Design.Editors.dll
2026-06-25 20:21:34.232   Time stamp of our file: 2026-04-30 11:01:32.000
2026-06-25 20:21:34.232   Dest file exists.
2026-06-25 20:21:34.232   Time stamp of existing file: 2026-04-30 11:01:32.000
2026-06-25 20:21:34.232   Installing the file.
2026-06-25 20:21:34.233   Successfully installed the file.
2026-06-25 20:21:34.233   -- File entry --
2026-06-25 20:21:34.233   Dest filename: C:\Program Files\SamaHesab\System.Windows.Forms.dll
2026-06-25 20:21:34.233   Time stamp of our file: 2026-04-30 16:08:44.000
2026-06-25 20:21:34.233   Dest file exists.
2026-06-25 20:21:34.233   Time stamp of existing file: 2026-04-30 16:08:44.000
2026-06-25 20:21:34.234   Installing the file.
2026-06-25 20:21:34.476   Successfully installed the file.
2026-06-25 20:21:34.476   -- File entry --
2026-06-25 20:21:34.476   Dest filename: C:\Program Files\SamaHesab\System.Windows.Forms.Primitives.dll
2026-06-25 20:21:34.476   Time stamp of our file: 2026-04-30 16:08:40.000
2026-06-25 20:21:34.476   Dest file exists.
2026-06-25 20:21:34.476   Time stamp of existing file: 2026-04-30 16:08:40.000
2026-06-25 20:21:34.476   Installing the file.
2026-06-25 20:21:34.533   Successfully installed the file.
2026-06-25 20:21:34.533   -- File entry --
2026-06-25 20:21:34.533   Dest filename: C:\Program Files\SamaHesab\System.Windows.Input.Manipulations.dll
2026-06-25 20:21:34.533   Time stamp of our file: 2026-04-30 16:08:58.000
2026-06-25 20:21:34.533   Dest file exists.
2026-06-25 20:21:34.533   Time stamp of existing file: 2026-04-30 16:08:58.000
2026-06-25 20:21:34.533   Installing the file.
2026-06-25 20:21:34.537   Successfully installed the file.
2026-06-25 20:21:34.537   -- File entry --
2026-06-25 20:21:34.537   Dest filename: C:\Program Files\SamaHesab\System.Windows.Presentation.dll
2026-06-25 20:21:34.537   Time stamp of our file: 2026-04-30 16:08:58.000
2026-06-25 20:21:34.537   Dest file exists.
2026-06-25 20:21:34.537   Time stamp of existing file: 2026-04-30 16:08:58.000
2026-06-25 20:21:34.537   Installing the file.
2026-06-25 20:21:34.538   Successfully installed the file.
2026-06-25 20:21:34.538   -- File entry --
2026-06-25 20:21:34.538   Dest filename: C:\Program Files\SamaHesab\System.Xaml.dll
2026-06-25 20:21:34.538   Time stamp of our file: 2026-04-30 16:08:58.000
2026-06-25 20:21:34.538   Dest file exists.
2026-06-25 20:21:34.538   Time stamp of existing file: 2026-04-30 16:08:58.000
2026-06-25 20:21:34.538   Installing the file.
2026-06-25 20:21:34.570   Successfully installed the file.
2026-06-25 20:21:34.570   -- File entry --
2026-06-25 20:21:34.570   Dest filename: C:\Program Files\SamaHesab\System.Xml.dll
2026-06-25 20:21:34.570   Time stamp of our file: 2026-04-30 03:02:42.000
2026-06-25 20:21:34.570   Dest file exists.
2026-06-25 20:21:34.570   Time stamp of existing file: 2026-04-30 03:02:42.000
2026-06-25 20:21:34.570   Installing the file.
2026-06-25 20:21:34.571   Successfully installed the file.
2026-06-25 20:21:34.571   -- File entry --
2026-06-25 20:21:34.571   Dest filename: C:\Program Files\SamaHesab\System.Xml.Linq.dll
2026-06-25 20:21:34.571   Time stamp of our file: 2026-04-30 03:02:58.000
2026-06-25 20:21:34.571   Dest file exists.
2026-06-25 20:21:34.571   Time stamp of existing file: 2026-04-30 03:02:58.000
2026-06-25 20:21:34.571   Installing the file.
2026-06-25 20:21:34.572   Successfully installed the file.
2026-06-25 20:21:34.572   -- File entry --
2026-06-25 20:21:34.572   Dest filename: C:\Program Files\SamaHesab\System.Xml.ReaderWriter.dll
2026-06-25 20:21:34.573   Time stamp of our file: 2026-04-30 03:02:18.000
2026-06-25 20:21:34.573   Dest file exists.
2026-06-25 20:21:34.573   Time stamp of existing file: 2026-04-30 03:02:18.000
2026-06-25 20:21:34.573   Installing the file.
2026-06-25 20:21:34.573   Successfully installed the file.
2026-06-25 20:21:34.573   -- File entry --
2026-06-25 20:21:34.573   Dest filename: C:\Program Files\SamaHesab\System.Xml.Serialization.dll
2026-06-25 20:21:34.574   Time stamp of our file: 2026-04-30 03:02:58.000
2026-06-25 20:21:34.574   Dest file exists.
2026-06-25 20:21:34.574   Time stamp of existing file: 2026-04-30 03:02:58.000
2026-06-25 20:21:34.574   Installing the file.
2026-06-25 20:21:34.574   Successfully installed the file.
2026-06-25 20:21:34.574   -- File entry --
2026-06-25 20:21:34.574   Dest filename: C:\Program Files\SamaHesab\System.Xml.XDocument.dll
2026-06-25 20:21:34.575   Time stamp of our file: 2026-04-30 03:02:58.000
2026-06-25 20:21:34.575   Dest file exists.
2026-06-25 20:21:34.575   Time stamp of existing file: 2026-04-30 03:02:58.000
2026-06-25 20:21:34.575   Installing the file.
2026-06-25 20:21:34.576   Successfully installed the file.
2026-06-25 20:21:34.576   -- File entry --
2026-06-25 20:21:34.576   Dest filename: C:\Program Files\SamaHesab\System.Xml.XmlDocument.dll
2026-06-25 20:21:34.576   Time stamp of our file: 2026-04-30 03:02:42.000
2026-06-25 20:21:34.576   Dest file exists.
2026-06-25 20:21:34.576   Time stamp of existing file: 2026-04-30 03:02:42.000
2026-06-25 20:21:34.576   Installing the file.
2026-06-25 20:21:34.577   Successfully installed the file.
2026-06-25 20:21:34.577   -- File entry --
2026-06-25 20:21:34.577   Dest filename: C:\Program Files\SamaHesab\System.Xml.XmlSerializer.dll
2026-06-25 20:21:34.577   Time stamp of our file: 2026-04-30 03:02:16.000
2026-06-25 20:21:34.577   Dest file exists.
2026-06-25 20:21:34.577   Time stamp of existing file: 2026-04-30 03:02:16.000
2026-06-25 20:21:34.577   Installing the file.
2026-06-25 20:21:34.578   Successfully installed the file.
2026-06-25 20:21:34.578   -- File entry --
2026-06-25 20:21:34.578   Dest filename: C:\Program Files\SamaHesab\System.Xml.XPath.dll
2026-06-25 20:21:34.578   Time stamp of our file: 2026-04-30 03:02:14.000
2026-06-25 20:21:34.578   Dest file exists.
2026-06-25 20:21:34.578   Time stamp of existing file: 2026-04-30 03:02:14.000
2026-06-25 20:21:34.578   Installing the file.
2026-06-25 20:21:34.579   Successfully installed the file.
2026-06-25 20:21:34.579   -- File entry --
2026-06-25 20:21:34.579   Dest filename: C:\Program Files\SamaHesab\System.Xml.XPath.XDocument.dll
2026-06-25 20:21:34.579   Time stamp of our file: 2026-04-30 03:08:50.000
2026-06-25 20:21:34.579   Dest file exists.
2026-06-25 20:21:34.580   Time stamp of existing file: 2026-04-30 03:08:50.000
2026-06-25 20:21:34.580   Installing the file.
2026-06-25 20:21:34.581   Successfully installed the file.
2026-06-25 20:21:34.581   -- File entry --
2026-06-25 20:21:34.581   Dest filename: C:\Program Files\SamaHesab\UIAutomationClient.dll
2026-06-25 20:21:34.581   Time stamp of our file: 2026-04-30 16:08:58.000
2026-06-25 20:21:34.581   Dest file exists.
2026-06-25 20:21:34.581   Time stamp of existing file: 2026-04-30 16:08:58.000
2026-06-25 20:21:34.581   Installing the file.
2026-06-25 20:21:34.590   Successfully installed the file.
2026-06-25 20:21:34.590   -- File entry --
2026-06-25 20:21:34.590   Dest filename: C:\Program Files\SamaHesab\UIAutomationClientSideProviders.dll
2026-06-25 20:21:34.590   Time stamp of our file: 2026-04-30 16:08:58.000
2026-06-25 20:21:34.590   Dest file exists.
2026-06-25 20:21:34.590   Time stamp of existing file: 2026-04-30 16:08:58.000
2026-06-25 20:21:34.590   Installing the file.
2026-06-25 20:21:34.610   Successfully installed the file.
2026-06-25 20:21:34.610   -- File entry --
2026-06-25 20:21:34.610   Dest filename: C:\Program Files\SamaHesab\UIAutomationProvider.dll
2026-06-25 20:21:34.610   Time stamp of our file: 2026-04-30 16:08:58.000
2026-06-25 20:21:34.610   Dest file exists.
2026-06-25 20:21:34.610   Time stamp of existing file: 2026-04-30 16:08:58.000
2026-06-25 20:21:34.610   Installing the file.
2026-06-25 20:21:34.612   Successfully installed the file.
2026-06-25 20:21:34.612   -- File entry --
2026-06-25 20:21:34.612   Dest filename: C:\Program Files\SamaHesab\UIAutomationTypes.dll
2026-06-25 20:21:34.612   Time stamp of our file: 2026-04-30 16:09:00.000
2026-06-25 20:21:34.612   Dest file exists.
2026-06-25 20:21:34.612   Time stamp of existing file: 2026-04-30 16:09:00.000
2026-06-25 20:21:34.612   Installing the file.
2026-06-25 20:21:34.618   Successfully installed the file.
2026-06-25 20:21:34.618   -- File entry --
2026-06-25 20:21:34.618   Dest filename: C:\Program Files\SamaHesab\vcruntime140_cor3.dll
2026-06-25 20:21:34.618   Time stamp of our file: 2026-04-03 23:09:00.000
2026-06-25 20:21:34.618   Dest file exists.
2026-06-25 20:21:34.618   Time stamp of existing file: 2026-04-03 23:09:00.000
2026-06-25 20:21:34.618   Installing the file.
2026-06-25 20:21:34.622   Successfully installed the file.
2026-06-25 20:21:34.622   -- File entry --
2026-06-25 20:21:34.622   Dest filename: C:\Program Files\SamaHesab\waiter.deps.json
2026-06-25 20:21:34.623   Time stamp of our file: 2026-06-25 20:18:32.000
2026-06-25 20:21:34.623   Dest file exists.
2026-06-25 20:21:34.624   Time stamp of existing file: 2026-06-25 16:40:10.000
2026-06-25 20:21:34.624   Installing the file.
2026-06-25 20:21:34.624   Successfully installed the file.
2026-06-25 20:21:34.624   -- File entry --
2026-06-25 20:21:34.624   Dest filename: C:\Program Files\SamaHesab\waiter.dll
2026-06-25 20:21:34.625   Time stamp of our file: 2026-06-25 20:18:32.000
2026-06-25 20:21:34.625   Dest file exists.
2026-06-25 20:21:34.625   Time stamp of existing file: 2026-06-25 16:40:10.000
2026-06-25 20:21:34.625   Installing the file.
2026-06-25 20:21:34.625   Successfully installed the file.
2026-06-25 20:21:34.625   -- File entry --
2026-06-25 20:21:34.625   Dest filename: C:\Program Files\SamaHesab\waiter.exe
2026-06-25 20:21:34.625   Time stamp of our file: 2026-06-25 20:18:32.000
2026-06-25 20:21:34.625   Dest file exists.
2026-06-25 20:21:34.625   Time stamp of existing file: 2026-06-25 16:40:10.000
2026-06-25 20:21:34.625   Installing the file.
2026-06-25 20:21:34.629   Successfully installed the file.
2026-06-25 20:21:34.629   -- File entry --
2026-06-25 20:21:34.629   Dest filename: C:\Program Files\SamaHesab\waiter.runtimeconfig.json
2026-06-25 20:21:34.630   Time stamp of our file: 2026-06-25 20:18:32.000
2026-06-25 20:21:34.630   Dest file exists.
2026-06-25 20:21:34.630   Time stamp of existing file: 2026-06-25 16:40:10.000
2026-06-25 20:21:34.630   Installing the file.
2026-06-25 20:21:34.630   Successfully installed the file.
2026-06-25 20:21:34.630   -- File entry --
2026-06-25 20:21:34.630   Dest filename: C:\Program Files\SamaHesab\warehouse.deps.json
2026-06-25 20:21:34.631   Time stamp of our file: 2026-06-25 20:18:34.000
2026-06-25 20:21:34.631   Dest file exists.
2026-06-25 20:21:34.631   Time stamp of existing file: 2026-06-25 16:40:12.000
2026-06-25 20:21:34.631   Installing the file.
2026-06-25 20:21:34.631   Successfully installed the file.
2026-06-25 20:21:34.631   -- File entry --
2026-06-25 20:21:34.631   Dest filename: C:\Program Files\SamaHesab\warehouse.dll
2026-06-25 20:21:34.631   Time stamp of our file: 2026-06-25 20:18:34.000
2026-06-25 20:21:34.631   Dest file exists.
2026-06-25 20:21:34.631   Time stamp of existing file: 2026-06-25 16:40:12.000
2026-06-25 20:21:34.631   Installing the file.
2026-06-25 20:21:34.632   Successfully installed the file.
2026-06-25 20:21:34.632   -- File entry --
2026-06-25 20:21:34.632   Dest filename: C:\Program Files\SamaHesab\warehouse.exe
2026-06-25 20:21:34.632   Time stamp of our file: 2026-06-25 20:18:34.000
2026-06-25 20:21:34.632   Dest file exists.
2026-06-25 20:21:34.632   Time stamp of existing file: 2026-06-25 16:40:12.000
2026-06-25 20:21:34.632   Installing the file.
2026-06-25 20:21:34.634   Successfully installed the file.
2026-06-25 20:21:34.634   -- File entry --
2026-06-25 20:21:34.634   Dest filename: C:\Program Files\SamaHesab\warehouse.runtimeconfig.json
2026-06-25 20:21:34.634   Time stamp of our file: 2026-06-25 20:18:34.000
2026-06-25 20:21:34.634   Dest file exists.
2026-06-25 20:21:34.634   Time stamp of existing file: 2026-06-25 16:40:12.000
2026-06-25 20:21:34.634   Installing the file.
2026-06-25 20:21:34.635   Successfully installed the file.
2026-06-25 20:21:34.635   -- File entry --
2026-06-25 20:21:34.635   Dest filename: C:\Program Files\SamaHesab\WindowsBase.dll
2026-06-25 20:21:34.635   Time stamp of our file: 2026-04-30 16:09:00.000
2026-06-25 20:21:34.635   Dest file exists.
2026-06-25 20:21:34.635   Time stamp of existing file: 2026-04-30 16:09:00.000
2026-06-25 20:21:34.635   Installing the file.
2026-06-25 20:21:34.680   Successfully installed the file.
2026-06-25 20:21:34.680   -- File entry --
2026-06-25 20:21:34.680   Dest filename: C:\Program Files\SamaHesab\wpfgfx_cor3.dll
2026-06-25 20:21:34.681   Time stamp of our file: 2026-04-30 13:28:28.000
2026-06-25 20:21:34.681   Dest file exists.
2026-06-25 20:21:34.681   Time stamp of existing file: 2026-04-30 13:28:28.000
2026-06-25 20:21:34.681   Installing the file.
2026-06-25 20:21:34.719   Successfully installed the file.
2026-06-25 20:21:34.719   -- File entry --
2026-06-25 20:21:34.719   Dest filename: C:\Program Files\SamaHesab\cs\Microsoft.VisualBasic.Forms.resources.dll
2026-06-25 20:21:34.719   Time stamp of our file: 2026-04-30 11:01:14.000
2026-06-25 20:21:34.719   Dest file exists.
2026-06-25 20:21:34.719   Time stamp of existing file: 2026-04-30 11:01:14.000
2026-06-25 20:21:34.719   Installing the file.
2026-06-25 20:21:34.721   Successfully installed the file.
2026-06-25 20:21:34.721   -- File entry --
2026-06-25 20:21:34.721   Dest filename: C:\Program Files\SamaHesab\cs\PresentationCore.resources.dll
2026-06-25 20:21:34.721   Time stamp of our file: 2026-04-30 13:28:26.000
2026-06-25 20:21:34.721   Dest file exists.
2026-06-25 20:21:34.721   Time stamp of existing file: 2026-04-30 13:28:26.000
2026-06-25 20:21:34.721   Installing the file.
2026-06-25 20:21:34.723   Successfully installed the file.
2026-06-25 20:21:34.723   -- File entry --
2026-06-25 20:21:34.723   Dest filename: C:\Program Files\SamaHesab\cs\PresentationFramework.resources.dll
2026-06-25 20:21:34.723   Time stamp of our file: 2026-04-30 13:28:50.000
2026-06-25 20:21:34.723   Dest file exists.
2026-06-25 20:21:34.725   Time stamp of existing file: 2026-04-30 13:28:50.000
2026-06-25 20:21:34.725   Installing the file.
2026-06-25 20:21:34.728   Successfully installed the file.
2026-06-25 20:21:34.728   -- File entry --
2026-06-25 20:21:34.728   Dest filename: C:\Program Files\SamaHesab\cs\PresentationUI.resources.dll
2026-06-25 20:21:34.728   Time stamp of our file: 2026-04-30 13:29:16.000
2026-06-25 20:21:34.728   Dest file exists.
2026-06-25 20:21:34.728   Time stamp of existing file: 2026-04-30 13:29:16.000
2026-06-25 20:21:34.728   Installing the file.
2026-06-25 20:21:34.730   Successfully installed the file.
2026-06-25 20:21:34.730   -- File entry --
2026-06-25 20:21:34.730   Dest filename: C:\Program Files\SamaHesab\cs\ReachFramework.resources.dll
2026-06-25 20:21:34.730   Time stamp of our file: 2026-04-30 13:28:38.000
2026-06-25 20:21:34.730   Dest file exists.
2026-06-25 20:21:34.730   Time stamp of existing file: 2026-04-30 13:28:38.000
2026-06-25 20:21:34.730   Installing the file.
2026-06-25 20:21:34.731   Successfully installed the file.
2026-06-25 20:21:34.731   -- File entry --
2026-06-25 20:21:34.731   Dest filename: C:\Program Files\SamaHesab\cs\System.Windows.Controls.Ribbon.resources.dll
2026-06-25 20:21:34.731   Time stamp of our file: 2026-04-30 13:29:38.000
2026-06-25 20:21:34.731   Dest file exists.
2026-06-25 20:21:34.731   Time stamp of existing file: 2026-04-30 13:29:38.000
2026-06-25 20:21:34.731   Installing the file.
2026-06-25 20:21:34.732   Successfully installed the file.
2026-06-25 20:21:34.732   -- File entry --
2026-06-25 20:21:34.732   Dest filename: C:\Program Files\SamaHesab\cs\System.Windows.Forms.Design.resources.dll
2026-06-25 20:21:34.732   Time stamp of our file: 2026-04-30 11:01:24.000
2026-06-25 20:21:34.732   Dest file exists.
2026-06-25 20:21:34.732   Time stamp of existing file: 2026-04-30 11:01:24.000
2026-06-25 20:21:34.732   Installing the file.
2026-06-25 20:21:34.734   Successfully installed the file.
2026-06-25 20:21:34.734   -- File entry --
2026-06-25 20:21:34.734   Dest filename: C:\Program Files\SamaHesab\cs\System.Windows.Forms.Primitives.resources.dll
2026-06-25 20:21:34.734   Time stamp of our file: 2026-04-30 11:00:38.000
2026-06-25 20:21:34.734   Dest file exists.
2026-06-25 20:21:34.734   Time stamp of existing file: 2026-04-30 11:00:38.000
2026-06-25 20:21:34.734   Installing the file.
2026-06-25 20:21:34.735   Successfully installed the file.
2026-06-25 20:21:34.735   -- File entry --
2026-06-25 20:21:34.735   Dest filename: C:\Program Files\SamaHesab\cs\System.Windows.Forms.resources.dll
2026-06-25 20:21:34.735   Time stamp of our file: 2026-04-30 11:01:10.000
2026-06-25 20:21:34.735   Dest file exists.
2026-06-25 20:21:34.735   Time stamp of existing file: 2026-04-30 11:01:10.000
2026-06-25 20:21:34.735   Installing the file.
2026-06-25 20:21:34.740   Successfully installed the file.
2026-06-25 20:21:34.740   -- File entry --
2026-06-25 20:21:34.740   Dest filename: C:\Program Files\SamaHesab\cs\System.Windows.Input.Manipulations.resources.dll
2026-06-25 20:21:34.740   Time stamp of our file: 2026-04-30 13:27:40.000
2026-06-25 20:21:34.740   Dest file exists.
2026-06-25 20:21:34.740   Time stamp of existing file: 2026-04-30 13:27:40.000
2026-06-25 20:21:34.740   Installing the file.
2026-06-25 20:21:34.741   Successfully installed the file.
2026-06-25 20:21:34.741   -- File entry --
2026-06-25 20:21:34.741   Dest filename: C:\Program Files\SamaHesab\cs\System.Xaml.resources.dll
2026-06-25 20:21:34.741   Time stamp of our file: 2026-04-30 13:27:46.000
2026-06-25 20:21:34.741   Dest file exists.
2026-06-25 20:21:34.741   Time stamp of existing file: 2026-04-30 13:27:46.000
2026-06-25 20:21:34.741   Installing the file.
2026-06-25 20:21:34.742   Successfully installed the file.
2026-06-25 20:21:34.742   -- File entry --
2026-06-25 20:21:34.742   Dest filename: C:\Program Files\SamaHesab\cs\UIAutomationClient.resources.dll
2026-06-25 20:21:34.742   Time stamp of our file: 2026-04-30 13:28:30.000
2026-06-25 20:21:34.742   Dest file exists.
2026-06-25 20:21:34.742   Time stamp of existing file: 2026-04-30 13:28:30.000
2026-06-25 20:21:34.742   Installing the file.
2026-06-25 20:21:34.744   Successfully installed the file.
2026-06-25 20:21:34.744   -- File entry --
2026-06-25 20:21:34.744   Dest filename: C:\Program Files\SamaHesab\cs\UIAutomationClientSideProviders.resources.dll
2026-06-25 20:21:34.744   Time stamp of our file: 2026-04-30 13:28:32.000
2026-06-25 20:21:34.744   Dest file exists.
2026-06-25 20:21:34.744   Time stamp of existing file: 2026-04-30 13:28:32.000
2026-06-25 20:21:34.744   Installing the file.
2026-06-25 20:21:34.745   Successfully installed the file.
2026-06-25 20:21:34.745   -- File entry --
2026-06-25 20:21:34.745   Dest filename: C:\Program Files\SamaHesab\cs\UIAutomationProvider.resources.dll
2026-06-25 20:21:34.745   Time stamp of our file: 2026-04-30 13:28:10.000
2026-06-25 20:21:34.745   Dest file exists.
2026-06-25 20:21:34.745   Time stamp of existing file: 2026-04-30 13:28:10.000
2026-06-25 20:21:34.745   Installing the file.
2026-06-25 20:21:34.746   Successfully installed the file.
2026-06-25 20:21:34.746   -- File entry --
2026-06-25 20:21:34.746   Dest filename: C:\Program Files\SamaHesab\cs\UIAutomationTypes.resources.dll
2026-06-25 20:21:34.746   Time stamp of our file: 2026-04-30 13:28:08.000
2026-06-25 20:21:34.746   Dest file exists.
2026-06-25 20:21:34.746   Time stamp of existing file: 2026-04-30 13:28:08.000
2026-06-25 20:21:34.746   Installing the file.
2026-06-25 20:21:34.747   Successfully installed the file.
2026-06-25 20:21:34.747   -- File entry --
2026-06-25 20:21:34.747   Dest filename: C:\Program Files\SamaHesab\cs\WindowsBase.resources.dll
2026-06-25 20:21:34.747   Time stamp of our file: 2026-04-30 13:28:04.000
2026-06-25 20:21:34.747   Dest file exists.
2026-06-25 20:21:34.747   Time stamp of existing file: 2026-04-30 13:28:04.000
2026-06-25 20:21:34.747   Installing the file.
2026-06-25 20:21:34.749   Successfully installed the file.
2026-06-25 20:21:34.749   -- File entry --
2026-06-25 20:21:34.749   Dest filename: C:\Program Files\SamaHesab\de\MahApps.Metro.resources.dll
2026-06-25 20:21:34.749   Time stamp of our file: 2023-07-06 13:54:10.000
2026-06-25 20:21:34.749   Dest file exists.
2026-06-25 20:21:34.749   Time stamp of existing file: 2023-07-06 13:54:10.000
2026-06-25 20:21:34.749   Installing the file.
2026-06-25 20:21:34.751   Successfully installed the file.
2026-06-25 20:21:34.751   -- File entry --
2026-06-25 20:21:34.751   Dest filename: C:\Program Files\SamaHesab\de\Microsoft.Data.SqlClient.resources.dll
2026-06-25 20:21:34.751   Time stamp of our file: 2024-08-27 22:16:52.000
2026-06-25 20:21:34.751   Dest file exists.
2026-06-25 20:21:34.751   Time stamp of existing file: 2024-08-27 22:16:52.000
2026-06-25 20:21:34.751   Installing the file.
2026-06-25 20:21:34.755   Successfully installed the file.
2026-06-25 20:21:34.756   -- File entry --
2026-06-25 20:21:34.756   Dest filename: C:\Program Files\SamaHesab\de\Microsoft.VisualBasic.Forms.resources.dll
2026-06-25 20:21:34.756   Time stamp of our file: 2026-04-30 11:01:14.000
2026-06-25 20:21:34.756   Dest file exists.
2026-06-25 20:21:34.756   Time stamp of existing file: 2026-04-30 11:01:14.000
2026-06-25 20:21:34.756   Installing the file.
2026-06-25 20:21:34.756   Successfully installed the file.
2026-06-25 20:21:34.756   -- File entry --
2026-06-25 20:21:34.756   Dest filename: C:\Program Files\SamaHesab\de\PdfSharpCore.resources.dll
2026-06-25 20:21:34.756   Time stamp of our file: 2024-07-13 19:34:32.000
2026-06-25 20:21:34.756   Dest file exists.
2026-06-25 20:21:34.756   Time stamp of existing file: 2024-07-13 19:34:32.000
2026-06-25 20:21:34.756   Installing the file.
2026-06-25 20:21:34.757   Successfully installed the file.
2026-06-25 20:21:34.757   -- File entry --
2026-06-25 20:21:34.757   Dest filename: C:\Program Files\SamaHesab\de\PresentationCore.resources.dll
2026-06-25 20:21:34.757   Time stamp of our file: 2026-04-30 13:28:26.000
2026-06-25 20:21:34.757   Dest file exists.
2026-06-25 20:21:34.757   Time stamp of existing file: 2026-04-30 13:28:26.000
2026-06-25 20:21:34.757   Installing the file.
2026-06-25 20:21:34.759   Successfully installed the file.
2026-06-25 20:21:34.759   -- File entry --
2026-06-25 20:21:34.759   Dest filename: C:\Program Files\SamaHesab\de\PresentationFramework.resources.dll
2026-06-25 20:21:34.759   Time stamp of our file: 2026-04-30 13:28:50.000
2026-06-25 20:21:34.759   Dest file exists.
2026-06-25 20:21:34.759   Time stamp of existing file: 2026-04-30 13:28:50.000
2026-06-25 20:21:34.759   Installing the file.
2026-06-25 20:21:34.762   Successfully installed the file.
2026-06-25 20:21:34.762   -- File entry --
2026-06-25 20:21:34.762   Dest filename: C:\Program Files\SamaHesab\de\PresentationUI.resources.dll
2026-06-25 20:21:34.762   Time stamp of our file: 2026-04-30 13:29:16.000
2026-06-25 20:21:34.762   Dest file exists.
2026-06-25 20:21:34.762   Time stamp of existing file: 2026-04-30 13:29:16.000
2026-06-25 20:21:34.762   Installing the file.
2026-06-25 20:21:34.763   Successfully installed the file.
2026-06-25 20:21:34.763   -- File entry --
2026-06-25 20:21:34.763   Dest filename: C:\Program Files\SamaHesab\de\ReachFramework.resources.dll
2026-06-25 20:21:34.764   Time stamp of our file: 2026-04-30 13:28:38.000
2026-06-25 20:21:34.764   Dest file exists.
2026-06-25 20:21:34.764   Time stamp of existing file: 2026-04-30 13:28:38.000
2026-06-25 20:21:34.764   Installing the file.
2026-06-25 20:21:34.764   Successfully installed the file.
2026-06-25 20:21:34.765   -- File entry --
2026-06-25 20:21:34.765   Dest filename: C:\Program Files\SamaHesab\de\System.Windows.Controls.Ribbon.resources.dll
2026-06-25 20:21:34.765   Time stamp of our file: 2026-04-30 13:29:38.000
2026-06-25 20:21:34.765   Dest file exists.
2026-06-25 20:21:34.765   Time stamp of existing file: 2026-04-30 13:29:38.000
2026-06-25 20:21:34.765   Installing the file.
2026-06-25 20:21:34.765   Successfully installed the file.
2026-06-25 20:21:34.766   -- File entry --
2026-06-25 20:21:34.766   Dest filename: C:\Program Files\SamaHesab\de\System.Windows.Forms.Design.resources.dll
2026-06-25 20:21:34.766   Time stamp of our file: 2026-04-30 11:01:24.000
2026-06-25 20:21:34.766   Dest file exists.
2026-06-25 20:21:34.766   Time stamp of existing file: 2026-04-30 11:01:24.000
2026-06-25 20:21:34.766   Installing the file.
2026-06-25 20:21:34.768   Successfully installed the file.
2026-06-25 20:21:34.768   -- File entry --
2026-06-25 20:21:34.768   Dest filename: C:\Program Files\SamaHesab\de\System.Windows.Forms.Primitives.resources.dll
2026-06-25 20:21:34.768   Time stamp of our file: 2026-04-30 11:00:38.000
2026-06-25 20:21:34.768   Dest file exists.
2026-06-25 20:21:34.768   Time stamp of existing file: 2026-04-30 11:00:38.000
2026-06-25 20:21:34.768   Installing the file.
2026-06-25 20:21:34.770   Successfully installed the file.
2026-06-25 20:21:34.770   -- File entry --
2026-06-25 20:21:34.770   Dest filename: C:\Program Files\SamaHesab\de\System.Windows.Forms.resources.dll
2026-06-25 20:21:34.770   Time stamp of our file: 2026-04-30 11:01:10.000
2026-06-25 20:21:34.770   Dest file exists.
2026-06-25 20:21:34.770   Time stamp of existing file: 2026-04-30 11:01:10.000
2026-06-25 20:21:34.770   Installing the file.
2026-06-25 20:21:34.775   Successfully installed the file.
2026-06-25 20:21:34.775   -- File entry --
2026-06-25 20:21:34.775   Dest filename: C:\Program Files\SamaHesab\de\System.Windows.Input.Manipulations.resources.dll
2026-06-25 20:21:34.775   Time stamp of our file: 2026-04-30 13:27:40.000
2026-06-25 20:21:34.775   Dest file exists.
2026-06-25 20:21:34.775   Time stamp of existing file: 2026-04-30 13:27:40.000
2026-06-25 20:21:34.775   Installing the file.
2026-06-25 20:21:34.776   Successfully installed the file.
2026-06-25 20:21:34.776   -- File entry --
2026-06-25 20:21:34.776   Dest filename: C:\Program Files\SamaHesab\de\System.Xaml.resources.dll
2026-06-25 20:21:34.776   Time stamp of our file: 2026-04-30 13:27:46.000
2026-06-25 20:21:34.776   Dest file exists.
2026-06-25 20:21:34.776   Time stamp of existing file: 2026-04-30 13:27:46.000
2026-06-25 20:21:34.776   Installing the file.
2026-06-25 20:21:34.777   Successfully installed the file.
2026-06-25 20:21:34.777   -- File entry --
2026-06-25 20:21:34.777   Dest filename: C:\Program Files\SamaHesab\de\UIAutomationClient.resources.dll
2026-06-25 20:21:34.777   Time stamp of our file: 2026-04-30 13:28:30.000
2026-06-25 20:21:34.777   Dest file exists.
2026-06-25 20:21:34.777   Time stamp of existing file: 2026-04-30 13:28:30.000
2026-06-25 20:21:34.777   Installing the file.
2026-06-25 20:21:34.778   Successfully installed the file.
2026-06-25 20:21:34.778   -- File entry --
2026-06-25 20:21:34.778   Dest filename: C:\Program Files\SamaHesab\de\UIAutomationClientSideProviders.resources.dll
2026-06-25 20:21:34.779   Time stamp of our file: 2026-04-30 13:28:32.000
2026-06-25 20:21:34.779   Dest file exists.
2026-06-25 20:21:34.779   Time stamp of existing file: 2026-04-30 13:28:32.000
2026-06-25 20:21:34.779   Installing the file.
2026-06-25 20:21:34.780   Successfully installed the file.
2026-06-25 20:21:34.780   -- File entry --
2026-06-25 20:21:34.780   Dest filename: C:\Program Files\SamaHesab\de\UIAutomationProvider.resources.dll
2026-06-25 20:21:34.780   Time stamp of our file: 2026-04-30 13:28:10.000
2026-06-25 20:21:34.780   Dest file exists.
2026-06-25 20:21:34.780   Time stamp of existing file: 2026-04-30 13:28:10.000
2026-06-25 20:21:34.781   Installing the file.
2026-06-25 20:21:34.781   Successfully installed the file.
2026-06-25 20:21:34.781   -- File entry --
2026-06-25 20:21:34.781   Dest filename: C:\Program Files\SamaHesab\de\UIAutomationTypes.resources.dll
2026-06-25 20:21:34.781   Time stamp of our file: 2026-04-30 13:28:08.000
2026-06-25 20:21:34.781   Dest file exists.
2026-06-25 20:21:34.781   Time stamp of existing file: 2026-04-30 13:28:08.000
2026-06-25 20:21:34.781   Installing the file.
2026-06-25 20:21:34.782   Successfully installed the file.
2026-06-25 20:21:34.782   -- File entry --
2026-06-25 20:21:34.782   Dest filename: C:\Program Files\SamaHesab\de\WindowsBase.resources.dll
2026-06-25 20:21:34.782   Time stamp of our file: 2026-04-30 13:28:04.000
2026-06-25 20:21:34.782   Dest file exists.
2026-06-25 20:21:34.782   Time stamp of existing file: 2026-04-30 13:28:04.000
2026-06-25 20:21:34.782   Installing the file.
2026-06-25 20:21:34.784   Successfully installed the file.
2026-06-25 20:21:34.784   -- File entry --
2026-06-25 20:21:34.784   Dest filename: C:\Program Files\SamaHesab\es\Microsoft.Data.SqlClient.resources.dll
2026-06-25 20:21:34.784   Time stamp of our file: 2024-08-27 22:16:52.000
2026-06-25 20:21:34.784   Dest file exists.
2026-06-25 20:21:34.784   Time stamp of existing file: 2024-08-27 22:16:52.000
2026-06-25 20:21:34.784   Installing the file.
2026-06-25 20:21:34.788   Successfully installed the file.
2026-06-25 20:21:34.788   -- File entry --
2026-06-25 20:21:34.788   Dest filename: C:\Program Files\SamaHesab\es\Microsoft.VisualBasic.Forms.resources.dll
2026-06-25 20:21:34.788   Time stamp of our file: 2026-04-30 11:01:14.000
2026-06-25 20:21:34.788   Dest file exists.
2026-06-25 20:21:34.788   Time stamp of existing file: 2026-04-30 11:01:14.000
2026-06-25 20:21:34.788   Installing the file.
2026-06-25 20:21:34.789   Successfully installed the file.
2026-06-25 20:21:34.789   -- File entry --
2026-06-25 20:21:34.789   Dest filename: C:\Program Files\SamaHesab\es\PresentationCore.resources.dll
2026-06-25 20:21:34.789   Time stamp of our file: 2026-04-30 13:28:26.000
2026-06-25 20:21:34.789   Dest file exists.
2026-06-25 20:21:34.789   Time stamp of existing file: 2026-04-30 13:28:26.000
2026-06-25 20:21:34.789   Installing the file.
2026-06-25 20:21:34.791   Successfully installed the file.
2026-06-25 20:21:34.791   -- File entry --
2026-06-25 20:21:34.791   Dest filename: C:\Program Files\SamaHesab\es\PresentationFramework.resources.dll
2026-06-25 20:21:34.791   Time stamp of our file: 2026-04-30 13:28:50.000
2026-06-25 20:21:34.791   Dest file exists.
2026-06-25 20:21:34.791   Time stamp of existing file: 2026-04-30 13:28:50.000
2026-06-25 20:21:34.791   Installing the file.
2026-06-25 20:21:34.794   Successfully installed the file.
2026-06-25 20:21:34.794   -- File entry --
2026-06-25 20:21:34.794   Dest filename: C:\Program Files\SamaHesab\es\PresentationUI.resources.dll
2026-06-25 20:21:34.794   Time stamp of our file: 2026-04-30 13:29:16.000
2026-06-25 20:21:34.794   Dest file exists.
2026-06-25 20:21:34.794   Time stamp of existing file: 2026-04-30 13:29:16.000
2026-06-25 20:21:34.794   Installing the file.
2026-06-25 20:21:34.796   Successfully installed the file.
2026-06-25 20:21:34.796   -- File entry --
2026-06-25 20:21:34.796   Dest filename: C:\Program Files\SamaHesab\es\ReachFramework.resources.dll
2026-06-25 20:21:34.796   Time stamp of our file: 2026-04-30 13:28:38.000
2026-06-25 20:21:34.796   Dest file exists.
2026-06-25 20:21:34.796   Time stamp of existing file: 2026-04-30 13:28:38.000
2026-06-25 20:21:34.796   Installing the file.
2026-06-25 20:21:34.797   Successfully installed the file.
2026-06-25 20:21:34.797   -- File entry --
2026-06-25 20:21:34.797   Dest filename: C:\Program Files\SamaHesab\es\System.Windows.Controls.Ribbon.resources.dll
2026-06-25 20:21:34.797   Time stamp of our file: 2026-04-30 13:29:38.000
2026-06-25 20:21:34.797   Dest file exists.
2026-06-25 20:21:34.797   Time stamp of existing file: 2026-04-30 13:29:38.000
2026-06-25 20:21:34.797   Installing the file.
2026-06-25 20:21:34.797   Successfully installed the file.
2026-06-25 20:21:34.797   -- File entry --
2026-06-25 20:21:34.797   Dest filename: C:\Program Files\SamaHesab\es\System.Windows.Forms.Design.resources.dll
2026-06-25 20:21:34.797   Time stamp of our file: 2026-04-30 11:01:24.000
2026-06-25 20:21:34.797   Dest file exists.
2026-06-25 20:21:34.798   Time stamp of existing file: 2026-04-30 11:01:24.000
2026-06-25 20:21:34.798   Installing the file.
2026-06-25 20:21:34.801   Successfully installed the file.
2026-06-25 20:21:34.801   -- File entry --
2026-06-25 20:21:34.801   Dest filename: C:\Program Files\SamaHesab\es\System.Windows.Forms.Primitives.resources.dll
2026-06-25 20:21:34.801   Time stamp of our file: 2026-04-30 11:00:38.000
2026-06-25 20:21:34.801   Dest file exists.
2026-06-25 20:21:34.801   Time stamp of existing file: 2026-04-30 11:00:38.000
2026-06-25 20:21:34.801   Installing the file.
2026-06-25 20:21:34.802   Successfully installed the file.
2026-06-25 20:21:34.802   -- File entry --
2026-06-25 20:21:34.802   Dest filename: C:\Program Files\SamaHesab\es\System.Windows.Forms.resources.dll
2026-06-25 20:21:34.802   Time stamp of our file: 2026-04-30 11:01:10.000
2026-06-25 20:21:34.802   Dest file exists.
2026-06-25 20:21:34.802   Time stamp of existing file: 2026-04-30 11:01:10.000
2026-06-25 20:21:34.802   Installing the file.
2026-06-25 20:21:34.806   Successfully installed the file.
2026-06-25 20:21:34.806   -- File entry --
2026-06-25 20:21:34.806   Dest filename: C:\Program Files\SamaHesab\es\System.Windows.Input.Manipulations.resources.dll
2026-06-25 20:21:34.806   Time stamp of our file: 2026-04-30 13:27:40.000
2026-06-25 20:21:34.806   Dest file exists.
2026-06-25 20:21:34.806   Time stamp of existing file: 2026-04-30 13:27:40.000
2026-06-25 20:21:34.806   Installing the file.
2026-06-25 20:21:34.808   Successfully installed the file.
2026-06-25 20:21:34.808   -- File entry --
2026-06-25 20:21:34.808   Dest filename: C:\Program Files\SamaHesab\es\System.Xaml.resources.dll
2026-06-25 20:21:34.808   Time stamp of our file: 2026-04-30 13:27:46.000
2026-06-25 20:21:34.808   Dest file exists.
2026-06-25 20:21:34.808   Time stamp of existing file: 2026-04-30 13:27:46.000
2026-06-25 20:21:34.808   Installing the file.
2026-06-25 20:21:34.809   Successfully installed the file.
2026-06-25 20:21:34.809   -- File entry --
2026-06-25 20:21:34.809   Dest filename: C:\Program Files\SamaHesab\es\UIAutomationClient.resources.dll
2026-06-25 20:21:34.809   Time stamp of our file: 2026-04-30 13:28:30.000
2026-06-25 20:21:34.809   Dest file exists.
2026-06-25 20:21:34.809   Time stamp of existing file: 2026-04-30 13:28:30.000
2026-06-25 20:21:34.809   Installing the file.
2026-06-25 20:21:34.810   Successfully installed the file.
2026-06-25 20:21:34.810   -- File entry --
2026-06-25 20:21:34.810   Dest filename: C:\Program Files\SamaHesab\es\UIAutomationClientSideProviders.resources.dll
2026-06-25 20:21:34.810   Time stamp of our file: 2026-04-30 13:28:32.000
2026-06-25 20:21:34.810   Dest file exists.
2026-06-25 20:21:34.810   Time stamp of existing file: 2026-04-30 13:28:32.000
2026-06-25 20:21:34.810   Installing the file.
2026-06-25 20:21:34.812   Successfully installed the file.
2026-06-25 20:21:34.812   -- File entry --
2026-06-25 20:21:34.812   Dest filename: C:\Program Files\SamaHesab\es\UIAutomationProvider.resources.dll
2026-06-25 20:21:34.812   Time stamp of our file: 2026-04-30 13:28:10.000
2026-06-25 20:21:34.812   Dest file exists.
2026-06-25 20:21:34.812   Time stamp of existing file: 2026-04-30 13:28:10.000
2026-06-25 20:21:34.812   Installing the file.
2026-06-25 20:21:34.813   Successfully installed the file.
2026-06-25 20:21:34.813   -- File entry --
2026-06-25 20:21:34.813   Dest filename: C:\Program Files\SamaHesab\es\UIAutomationTypes.resources.dll
2026-06-25 20:21:34.813   Time stamp of our file: 2026-04-30 13:28:08.000
2026-06-25 20:21:34.813   Dest file exists.
2026-06-25 20:21:34.813   Time stamp of existing file: 2026-04-30 13:28:08.000
2026-06-25 20:21:34.813   Installing the file.
2026-06-25 20:21:34.814   Successfully installed the file.
2026-06-25 20:21:34.814   -- File entry --
2026-06-25 20:21:34.814   Dest filename: C:\Program Files\SamaHesab\es\WindowsBase.resources.dll
2026-06-25 20:21:34.815   Time stamp of our file: 2026-04-30 13:28:04.000
2026-06-25 20:21:34.815   Dest file exists.
2026-06-25 20:21:34.815   Time stamp of existing file: 2026-04-30 13:28:04.000
2026-06-25 20:21:34.815   Installing the file.
2026-06-25 20:21:34.816   Successfully installed the file.
2026-06-25 20:21:34.816   -- File entry --
2026-06-25 20:21:34.816   Dest filename: C:\Program Files\SamaHesab\fr\Microsoft.Data.SqlClient.resources.dll
2026-06-25 20:21:34.816   Time stamp of our file: 2024-08-27 22:16:50.000
2026-06-25 20:21:34.816   Dest file exists.
2026-06-25 20:21:34.816   Time stamp of existing file: 2024-08-27 22:16:50.000
2026-06-25 20:21:34.817   Installing the file.
2026-06-25 20:21:34.820   Successfully installed the file.
2026-06-25 20:21:34.820   -- File entry --
2026-06-25 20:21:34.820   Dest filename: C:\Program Files\SamaHesab\fr\Microsoft.VisualBasic.Forms.resources.dll
2026-06-25 20:21:34.820   Time stamp of our file: 2026-04-30 11:01:14.000
2026-06-25 20:21:34.820   Dest file exists.
2026-06-25 20:21:34.821   Time stamp of existing file: 2026-04-30 11:01:14.000
2026-06-25 20:21:34.821   Installing the file.
2026-06-25 20:21:34.821   Successfully installed the file.
2026-06-25 20:21:34.821   -- File entry --
2026-06-25 20:21:34.821   Dest filename: C:\Program Files\SamaHesab\fr\PresentationCore.resources.dll
2026-06-25 20:21:34.822   Time stamp of our file: 2026-04-30 13:28:26.000
2026-06-25 20:21:34.822   Dest file exists.
2026-06-25 20:21:34.822   Time stamp of existing file: 2026-04-30 13:28:26.000
2026-06-25 20:21:34.822   Installing the file.
2026-06-25 20:21:34.824   Successfully installed the file.
2026-06-25 20:21:34.824   -- File entry --
2026-06-25 20:21:34.824   Dest filename: C:\Program Files\SamaHesab\fr\PresentationFramework.resources.dll
2026-06-25 20:21:34.824   Time stamp of our file: 2026-04-30 13:28:50.000
2026-06-25 20:21:34.824   Dest file exists.
2026-06-25 20:21:34.824   Time stamp of existing file: 2026-04-30 13:28:50.000
2026-06-25 20:21:34.824   Installing the file.
2026-06-25 20:21:34.827   Successfully installed the file.
2026-06-25 20:21:34.827   -- File entry --
2026-06-25 20:21:34.827   Dest filename: C:\Program Files\SamaHesab\fr\PresentationUI.resources.dll
2026-06-25 20:21:34.827   Time stamp of our file: 2026-04-30 13:29:16.000
2026-06-25 20:21:34.827   Dest file exists.
2026-06-25 20:21:34.827   Time stamp of existing file: 2026-04-30 13:29:16.000
2026-06-25 20:21:34.827   Installing the file.
2026-06-25 20:21:34.828   Successfully installed the file.
2026-06-25 20:21:34.828   -- File entry --
2026-06-25 20:21:34.828   Dest filename: C:\Program Files\SamaHesab\fr\ReachFramework.resources.dll
2026-06-25 20:21:34.828   Time stamp of our file: 2026-04-30 13:28:38.000
2026-06-25 20:21:34.828   Dest file exists.
2026-06-25 20:21:34.828   Time stamp of existing file: 2026-04-30 13:28:38.000
2026-06-25 20:21:34.828   Installing the file.
2026-06-25 20:21:34.829   Successfully installed the file.
2026-06-25 20:21:34.829   -- File entry --
2026-06-25 20:21:34.829   Dest filename: C:\Program Files\SamaHesab\fr\System.Windows.Controls.Ribbon.resources.dll
2026-06-25 20:21:34.829   Time stamp of our file: 2026-04-30 13:29:38.000
2026-06-25 20:21:34.829   Dest file exists.
2026-06-25 20:21:34.829   Time stamp of existing file: 2026-04-30 13:29:38.000
2026-06-25 20:21:34.829   Installing the file.
2026-06-25 20:21:34.830   Successfully installed the file.
2026-06-25 20:21:34.830   -- File entry --
2026-06-25 20:21:34.830   Dest filename: C:\Program Files\SamaHesab\fr\System.Windows.Forms.Design.resources.dll
2026-06-25 20:21:34.830   Time stamp of our file: 2026-04-30 11:01:24.000
2026-06-25 20:21:34.830   Dest file exists.
2026-06-25 20:21:34.830   Time stamp of existing file: 2026-04-30 11:01:24.000
2026-06-25 20:21:34.830   Installing the file.
2026-06-25 20:21:34.833   Successfully installed the file.
2026-06-25 20:21:34.833   -- File entry --
2026-06-25 20:21:34.833   Dest filename: C:\Program Files\SamaHesab\fr\System.Windows.Forms.Primitives.resources.dll
2026-06-25 20:21:34.833   Time stamp of our file: 2026-04-30 11:00:38.000
2026-06-25 20:21:34.833   Dest file exists.
2026-06-25 20:21:34.833   Time stamp of existing file: 2026-04-30 11:00:38.000
2026-06-25 20:21:34.833   Installing the file.
2026-06-25 20:21:34.834   Successfully installed the file.
2026-06-25 20:21:34.834   -- File entry --
2026-06-25 20:21:34.834   Dest filename: C:\Program Files\SamaHesab\fr\System.Windows.Forms.resources.dll
2026-06-25 20:21:34.834   Time stamp of our file: 2026-04-30 11:01:10.000
2026-06-25 20:21:34.834   Dest file exists.
2026-06-25 20:21:34.834   Time stamp of existing file: 2026-04-30 11:01:10.000
2026-06-25 20:21:34.834   Installing the file.
2026-06-25 20:21:34.839   Successfully installed the file.
2026-06-25 20:21:34.839   -- File entry --
2026-06-25 20:21:34.839   Dest filename: C:\Program Files\SamaHesab\fr\System.Windows.Input.Manipulations.resources.dll
2026-06-25 20:21:34.839   Time stamp of our file: 2026-04-30 13:27:40.000
2026-06-25 20:21:34.839   Dest file exists.
2026-06-25 20:21:34.839   Time stamp of existing file: 2026-04-30 13:27:40.000
2026-06-25 20:21:34.839   Installing the file.
2026-06-25 20:21:34.840   Successfully installed the file.
2026-06-25 20:21:34.840   -- File entry --
2026-06-25 20:21:34.840   Dest filename: C:\Program Files\SamaHesab\fr\System.Xaml.resources.dll
2026-06-25 20:21:34.840   Time stamp of our file: 2026-04-30 13:27:46.000
2026-06-25 20:21:34.840   Dest file exists.
2026-06-25 20:21:34.840   Time stamp of existing file: 2026-04-30 13:27:46.000
2026-06-25 20:21:34.840   Installing the file.
2026-06-25 20:21:34.841   Successfully installed the file.
2026-06-25 20:21:34.841   -- File entry --
2026-06-25 20:21:34.841   Dest filename: C:\Program Files\SamaHesab\fr\UIAutomationClient.resources.dll
2026-06-25 20:21:34.841   Time stamp of our file: 2026-04-30 13:28:30.000
2026-06-25 20:21:34.841   Dest file exists.
2026-06-25 20:21:34.841   Time stamp of existing file: 2026-04-30 13:28:30.000
2026-06-25 20:21:34.841   Installing the file.
2026-06-25 20:21:34.842   Successfully installed the file.
2026-06-25 20:21:34.842   -- File entry --
2026-06-25 20:21:34.842   Dest filename: C:\Program Files\SamaHesab\fr\UIAutomationClientSideProviders.resources.dll
2026-06-25 20:21:34.842   Time stamp of our file: 2026-04-30 13:28:32.000
2026-06-25 20:21:34.842   Dest file exists.
2026-06-25 20:21:34.842   Time stamp of existing file: 2026-04-30 13:28:32.000
2026-06-25 20:21:34.842   Installing the file.
2026-06-25 20:21:34.844   Successfully installed the file.
2026-06-25 20:21:34.844   -- File entry --
2026-06-25 20:21:34.844   Dest filename: C:\Program Files\SamaHesab\fr\UIAutomationProvider.resources.dll
2026-06-25 20:21:34.844   Time stamp of our file: 2026-04-30 13:28:10.000
2026-06-25 20:21:34.844   Dest file exists.
2026-06-25 20:21:34.844   Time stamp of existing file: 2026-04-30 13:28:10.000
2026-06-25 20:21:34.844   Installing the file.
2026-06-25 20:21:34.845   Successfully installed the file.
2026-06-25 20:21:34.845   -- File entry --
2026-06-25 20:21:34.845   Dest filename: C:\Program Files\SamaHesab\fr\UIAutomationTypes.resources.dll
2026-06-25 20:21:34.846   Time stamp of our file: 2026-04-30 13:28:08.000
2026-06-25 20:21:34.846   Dest file exists.
2026-06-25 20:21:34.846   Time stamp of existing file: 2026-04-30 13:28:08.000
2026-06-25 20:21:34.846   Installing the file.
2026-06-25 20:21:34.846   Successfully installed the file.
2026-06-25 20:21:34.846   -- File entry --
2026-06-25 20:21:34.846   Dest filename: C:\Program Files\SamaHesab\fr\WindowsBase.resources.dll
2026-06-25 20:21:34.846   Time stamp of our file: 2026-04-30 13:28:04.000
2026-06-25 20:21:34.846   Dest file exists.
2026-06-25 20:21:34.846   Time stamp of existing file: 2026-04-30 13:28:04.000
2026-06-25 20:21:34.846   Installing the file.
2026-06-25 20:21:34.848   Successfully installed the file.
2026-06-25 20:21:34.848   -- File entry --
2026-06-25 20:21:34.848   Dest filename: C:\Program Files\SamaHesab\it\Microsoft.Data.SqlClient.resources.dll
2026-06-25 20:21:34.848   Time stamp of our file: 2024-08-27 22:17:06.000
2026-06-25 20:21:34.848   Dest file exists.
2026-06-25 20:21:34.848   Time stamp of existing file: 2024-08-27 22:17:06.000
2026-06-25 20:21:34.848   Installing the file.
2026-06-25 20:21:34.852   Successfully installed the file.
2026-06-25 20:21:34.852   -- File entry --
2026-06-25 20:21:34.852   Dest filename: C:\Program Files\SamaHesab\it\Microsoft.VisualBasic.Forms.resources.dll
2026-06-25 20:21:34.852   Time stamp of our file: 2026-04-30 11:01:14.000
2026-06-25 20:21:34.852   Dest file exists.
2026-06-25 20:21:34.852   Time stamp of existing file: 2026-04-30 11:01:14.000
2026-06-25 20:21:34.852   Installing the file.
2026-06-25 20:21:34.853   Successfully installed the file.
2026-06-25 20:21:34.853   -- File entry --
2026-06-25 20:21:34.853   Dest filename: C:\Program Files\SamaHesab\it\PresentationCore.resources.dll
2026-06-25 20:21:34.853   Time stamp of our file: 2026-04-30 13:28:26.000
2026-06-25 20:21:34.853   Dest file exists.
2026-06-25 20:21:34.853   Time stamp of existing file: 2026-04-30 13:28:26.000
2026-06-25 20:21:34.853   Installing the file.
2026-06-25 20:21:34.856   Successfully installed the file.
2026-06-25 20:21:34.856   -- File entry --
2026-06-25 20:21:34.856   Dest filename: C:\Program Files\SamaHesab\it\PresentationFramework.resources.dll
2026-06-25 20:21:34.856   Time stamp of our file: 2026-04-30 13:28:50.000
2026-06-25 20:21:34.856   Dest file exists.
2026-06-25 20:21:34.856   Time stamp of existing file: 2026-04-30 13:28:50.000
2026-06-25 20:21:34.856   Installing the file.
2026-06-25 20:21:34.859   Successfully installed the file.
2026-06-25 20:21:34.859   -- File entry --
2026-06-25 20:21:34.859   Dest filename: C:\Program Files\SamaHesab\it\PresentationUI.resources.dll
2026-06-25 20:21:34.859   Time stamp of our file: 2026-04-30 13:29:16.000
2026-06-25 20:21:34.859   Dest file exists.
2026-06-25 20:21:34.859   Time stamp of existing file: 2026-04-30 13:29:16.000
2026-06-25 20:21:34.859   Installing the file.
2026-06-25 20:21:34.860   Successfully installed the file.
2026-06-25 20:21:34.860   -- File entry --
2026-06-25 20:21:34.860   Dest filename: C:\Program Files\SamaHesab\it\ReachFramework.resources.dll
2026-06-25 20:21:34.860   Time stamp of our file: 2026-04-30 13:28:38.000
2026-06-25 20:21:34.860   Dest file exists.
2026-06-25 20:21:34.860   Time stamp of existing file: 2026-04-30 13:28:38.000
2026-06-25 20:21:34.860   Installing the file.
2026-06-25 20:21:34.861   Successfully installed the file.
2026-06-25 20:21:34.861   -- File entry --
2026-06-25 20:21:34.861   Dest filename: C:\Program Files\SamaHesab\it\System.Windows.Controls.Ribbon.resources.dll
2026-06-25 20:21:34.861   Time stamp of our file: 2026-04-30 13:29:38.000
2026-06-25 20:21:34.861   Dest file exists.
2026-06-25 20:21:34.861   Time stamp of existing file: 2026-04-30 13:29:38.000
2026-06-25 20:21:34.861   Installing the file.
2026-06-25 20:21:34.862   Successfully installed the file.
2026-06-25 20:21:34.862   -- File entry --
2026-06-25 20:21:34.862   Dest filename: C:\Program Files\SamaHesab\it\System.Windows.Forms.Design.resources.dll
2026-06-25 20:21:34.862   Time stamp of our file: 2026-04-30 11:01:24.000
2026-06-25 20:21:34.862   Dest file exists.
2026-06-25 20:21:34.862   Time stamp of existing file: 2026-04-30 11:01:24.000
2026-06-25 20:21:34.862   Installing the file.
2026-06-25 20:21:34.865   Successfully installed the file.
2026-06-25 20:21:34.865   -- File entry --
2026-06-25 20:21:34.865   Dest filename: C:\Program Files\SamaHesab\it\System.Windows.Forms.Primitives.resources.dll
2026-06-25 20:21:34.865   Time stamp of our file: 2026-04-30 11:00:38.000
2026-06-25 20:21:34.865   Dest file exists.
2026-06-25 20:21:34.865   Time stamp of existing file: 2026-04-30 11:00:38.000
2026-06-25 20:21:34.865   Installing the file.
2026-06-25 20:21:34.866   Successfully installed the file.
2026-06-25 20:21:34.866   -- File entry --
2026-06-25 20:21:34.866   Dest filename: C:\Program Files\SamaHesab\it\System.Windows.Forms.resources.dll
2026-06-25 20:21:34.866   Time stamp of our file: 2026-04-30 11:01:10.000
2026-06-25 20:21:34.866   Dest file exists.
2026-06-25 20:21:34.866   Time stamp of existing file: 2026-04-30 11:01:10.000
2026-06-25 20:21:34.866   Installing the file.
2026-06-25 20:21:34.871   Successfully installed the file.
2026-06-25 20:21:34.871   -- File entry --
2026-06-25 20:21:34.871   Dest filename: C:\Program Files\SamaHesab\it\System.Windows.Input.Manipulations.resources.dll
2026-06-25 20:21:34.871   Time stamp of our file: 2026-04-30 13:27:40.000
2026-06-25 20:21:34.871   Dest file exists.
2026-06-25 20:21:34.871   Time stamp of existing file: 2026-04-30 13:27:40.000
2026-06-25 20:21:34.871   Installing the file.
2026-06-25 20:21:34.872   Successfully installed the file.
2026-06-25 20:21:34.872   -- File entry --
2026-06-25 20:21:34.872   Dest filename: C:\Program Files\SamaHesab\it\System.Xaml.resources.dll
2026-06-25 20:21:34.872   Time stamp of our file: 2026-04-30 13:27:46.000
2026-06-25 20:21:34.872   Dest file exists.
2026-06-25 20:21:34.872   Time stamp of existing file: 2026-04-30 13:27:46.000
2026-06-25 20:21:34.872   Installing the file.
2026-06-25 20:21:34.873   Successfully installed the file.
2026-06-25 20:21:34.873   -- File entry --
2026-06-25 20:21:34.873   Dest filename: C:\Program Files\SamaHesab\it\UIAutomationClient.resources.dll
2026-06-25 20:21:34.874   Time stamp of our file: 2026-04-30 13:28:30.000
2026-06-25 20:21:34.874   Dest file exists.
2026-06-25 20:21:34.874   Time stamp of existing file: 2026-04-30 13:28:30.000
2026-06-25 20:21:34.874   Installing the file.
2026-06-25 20:21:34.874   Successfully installed the file.
2026-06-25 20:21:34.874   -- File entry --
2026-06-25 20:21:34.874   Dest filename: C:\Program Files\SamaHesab\it\UIAutomationClientSideProviders.resources.dll
2026-06-25 20:21:34.874   Time stamp of our file: 2026-04-30 13:28:32.000
2026-06-25 20:21:34.874   Dest file exists.
2026-06-25 20:21:34.874   Time stamp of existing file: 2026-04-30 13:28:32.000
2026-06-25 20:21:34.874   Installing the file.
2026-06-25 20:21:34.876   Successfully installed the file.
2026-06-25 20:21:34.876   -- File entry --
2026-06-25 20:21:34.876   Dest filename: C:\Program Files\SamaHesab\it\UIAutomationProvider.resources.dll
2026-06-25 20:21:34.876   Time stamp of our file: 2026-04-30 13:28:10.000
2026-06-25 20:21:34.876   Dest file exists.
2026-06-25 20:21:34.876   Time stamp of existing file: 2026-04-30 13:28:10.000
2026-06-25 20:21:34.876   Installing the file.
2026-06-25 20:21:34.877   Successfully installed the file.
2026-06-25 20:21:34.877   -- File entry --
2026-06-25 20:21:34.877   Dest filename: C:\Program Files\SamaHesab\it\UIAutomationTypes.resources.dll
2026-06-25 20:21:34.877   Time stamp of our file: 2026-04-30 13:28:08.000
2026-06-25 20:21:34.877   Dest file exists.
2026-06-25 20:21:34.877   Time stamp of existing file: 2026-04-30 13:28:08.000
2026-06-25 20:21:34.877   Installing the file.
2026-06-25 20:21:34.878   Successfully installed the file.
2026-06-25 20:21:34.878   -- File entry --
2026-06-25 20:21:34.878   Dest filename: C:\Program Files\SamaHesab\it\WindowsBase.resources.dll
2026-06-25 20:21:34.878   Time stamp of our file: 2026-04-30 13:28:04.000
2026-06-25 20:21:34.878   Dest file exists.
2026-06-25 20:21:34.878   Time stamp of existing file: 2026-04-30 13:28:04.000
2026-06-25 20:21:34.878   Installing the file.
2026-06-25 20:21:34.880   Successfully installed the file.
2026-06-25 20:21:34.880   -- File entry --
2026-06-25 20:21:34.880   Dest filename: C:\Program Files\SamaHesab\ja\Microsoft.Data.SqlClient.resources.dll
2026-06-25 20:21:34.880   Time stamp of our file: 2024-08-27 22:17:06.000
2026-06-25 20:21:34.880   Dest file exists.
2026-06-25 20:21:34.880   Time stamp of existing file: 2024-08-27 22:17:06.000
2026-06-25 20:21:34.880   Installing the file.
2026-06-25 20:21:34.884   Successfully installed the file.
2026-06-25 20:21:34.884   -- File entry --
2026-06-25 20:21:34.884   Dest filename: C:\Program Files\SamaHesab\ja\Microsoft.VisualBasic.Forms.resources.dll
2026-06-25 20:21:34.885   Time stamp of our file: 2026-04-30 11:01:14.000
2026-06-25 20:21:34.885   Dest file exists.
2026-06-25 20:21:34.885   Time stamp of existing file: 2026-04-30 11:01:14.000
2026-06-25 20:21:34.885   Installing the file.
2026-06-25 20:21:34.886   Successfully installed the file.
2026-06-25 20:21:34.886   -- File entry --
2026-06-25 20:21:34.886   Dest filename: C:\Program Files\SamaHesab\ja\PresentationCore.resources.dll
2026-06-25 20:21:34.886   Time stamp of our file: 2026-04-30 13:28:26.000
2026-06-25 20:21:34.886   Dest file exists.
2026-06-25 20:21:34.886   Time stamp of existing file: 2026-04-30 13:28:26.000
2026-06-25 20:21:34.886   Installing the file.
2026-06-25 20:21:34.888   Successfully installed the file.
2026-06-25 20:21:34.888   -- File entry --
2026-06-25 20:21:34.888   Dest filename: C:\Program Files\SamaHesab\ja\PresentationFramework.resources.dll
2026-06-25 20:21:34.888   Time stamp of our file: 2026-04-30 13:28:50.000
2026-06-25 20:21:34.888   Dest file exists.
2026-06-25 20:21:34.888   Time stamp of existing file: 2026-04-30 13:28:50.000
2026-06-25 20:21:34.888   Installing the file.
2026-06-25 20:21:34.891   Successfully installed the file.
2026-06-25 20:21:34.891   -- File entry --
2026-06-25 20:21:34.891   Dest filename: C:\Program Files\SamaHesab\ja\PresentationUI.resources.dll
2026-06-25 20:21:34.891   Time stamp of our file: 2026-04-30 13:29:16.000
2026-06-25 20:21:34.891   Dest file exists.
2026-06-25 20:21:34.891   Time stamp of existing file: 2026-04-30 13:29:16.000
2026-06-25 20:21:34.891   Installing the file.
2026-06-25 20:21:34.892   Successfully installed the file.
2026-06-25 20:21:34.892   -- File entry --
2026-06-25 20:21:34.892   Dest filename: C:\Program Files\SamaHesab\ja\ReachFramework.resources.dll
2026-06-25 20:21:34.893   Time stamp of our file: 2026-04-30 13:28:38.000
2026-06-25 20:21:34.893   Dest file exists.
2026-06-25 20:21:34.893   Time stamp of existing file: 2026-04-30 13:28:38.000
2026-06-25 20:21:34.893   Installing the file.
2026-06-25 20:21:34.894   Successfully installed the file.
2026-06-25 20:21:34.894   -- File entry --
2026-06-25 20:21:34.894   Dest filename: C:\Program Files\SamaHesab\ja\System.Windows.Controls.Ribbon.resources.dll
2026-06-25 20:21:34.894   Time stamp of our file: 2026-04-30 13:29:38.000
2026-06-25 20:21:34.894   Dest file exists.
2026-06-25 20:21:34.894   Time stamp of existing file: 2026-04-30 13:29:38.000
2026-06-25 20:21:34.894   Installing the file.
2026-06-25 20:21:34.894   Successfully installed the file.
2026-06-25 20:21:34.894   -- File entry --
2026-06-25 20:21:34.894   Dest filename: C:\Program Files\SamaHesab\ja\System.Windows.Forms.Design.resources.dll
2026-06-25 20:21:34.894   Time stamp of our file: 2026-04-30 11:01:24.000
2026-06-25 20:21:34.894   Dest file exists.
2026-06-25 20:21:34.894   Time stamp of existing file: 2026-04-30 11:01:24.000
2026-06-25 20:21:34.895   Installing the file.
2026-06-25 20:21:34.897   Successfully installed the file.
2026-06-25 20:21:34.897   -- File entry --
2026-06-25 20:21:34.897   Dest filename: C:\Program Files\SamaHesab\ja\System.Windows.Forms.Primitives.resources.dll
2026-06-25 20:21:34.897   Time stamp of our file: 2026-04-30 11:00:38.000
2026-06-25 20:21:34.898   Dest file exists.
2026-06-25 20:21:34.898   Time stamp of existing file: 2026-04-30 11:00:38.000
2026-06-25 20:21:34.898   Installing the file.
2026-06-25 20:21:34.898   Successfully installed the file.
2026-06-25 20:21:34.898   -- File entry --
2026-06-25 20:21:34.898   Dest filename: C:\Program Files\SamaHesab\ja\System.Windows.Forms.resources.dll
2026-06-25 20:21:34.898   Time stamp of our file: 2026-04-30 11:01:10.000
2026-06-25 20:21:34.898   Dest file exists.
2026-06-25 20:21:34.898   Time stamp of existing file: 2026-04-30 11:01:10.000
2026-06-25 20:21:34.898   Installing the file.
2026-06-25 20:21:34.904   Successfully installed the file.
2026-06-25 20:21:34.904   -- File entry --
2026-06-25 20:21:34.904   Dest filename: C:\Program Files\SamaHesab\ja\System.Windows.Input.Manipulations.resources.dll
2026-06-25 20:21:34.904   Time stamp of our file: 2026-04-30 13:27:42.000
2026-06-25 20:21:34.904   Dest file exists.
2026-06-25 20:21:34.904   Time stamp of existing file: 2026-04-30 13:27:42.000
2026-06-25 20:21:34.904   Installing the file.
2026-06-25 20:21:34.905   Successfully installed the file.
2026-06-25 20:21:34.905   -- File entry --
2026-06-25 20:21:34.905   Dest filename: C:\Program Files\SamaHesab\ja\System.Xaml.resources.dll
2026-06-25 20:21:34.905   Time stamp of our file: 2026-04-30 13:27:46.000
2026-06-25 20:21:34.905   Dest file exists.
2026-06-25 20:21:34.905   Time stamp of existing file: 2026-04-30 13:27:46.000
2026-06-25 20:21:34.905   Installing the file.
2026-06-25 20:21:34.907   Successfully installed the file.
2026-06-25 20:21:34.907   -- File entry --
2026-06-25 20:21:34.907   Dest filename: C:\Program Files\SamaHesab\ja\UIAutomationClient.resources.dll
2026-06-25 20:21:34.907   Time stamp of our file: 2026-04-30 13:28:30.000
2026-06-25 20:21:34.907   Dest file exists.
2026-06-25 20:21:34.907   Time stamp of existing file: 2026-04-30 13:28:30.000
2026-06-25 20:21:34.907   Installing the file.
2026-06-25 20:21:34.908   Successfully installed the file.
2026-06-25 20:21:34.908   -- File entry --
2026-06-25 20:21:34.908   Dest filename: C:\Program Files\SamaHesab\ja\UIAutomationClientSideProviders.resources.dll
2026-06-25 20:21:34.908   Time stamp of our file: 2026-04-30 13:28:32.000
2026-06-25 20:21:34.908   Dest file exists.
2026-06-25 20:21:34.908   Time stamp of existing file: 2026-04-30 13:28:32.000
2026-06-25 20:21:34.908   Installing the file.
2026-06-25 20:21:34.909   Successfully installed the file.
2026-06-25 20:21:34.909   -- File entry --
2026-06-25 20:21:34.909   Dest filename: C:\Program Files\SamaHesab\ja\UIAutomationProvider.resources.dll
2026-06-25 20:21:34.909   Time stamp of our file: 2026-04-30 13:28:10.000
2026-06-25 20:21:34.909   Dest file exists.
2026-06-25 20:21:34.909   Time stamp of existing file: 2026-04-30 13:28:10.000
2026-06-25 20:21:34.909   Installing the file.
2026-06-25 20:21:34.910   Successfully installed the file.
2026-06-25 20:21:34.910   -- File entry --
2026-06-25 20:21:34.910   Dest filename: C:\Program Files\SamaHesab\ja\UIAutomationTypes.resources.dll
2026-06-25 20:21:34.910   Time stamp of our file: 2026-04-30 13:28:08.000
2026-06-25 20:21:34.910   Dest file exists.
2026-06-25 20:21:34.910   Time stamp of existing file: 2026-04-30 13:28:08.000
2026-06-25 20:21:34.910   Installing the file.
2026-06-25 20:21:34.910   Successfully installed the file.
2026-06-25 20:21:34.910   -- File entry --
2026-06-25 20:21:34.910   Dest filename: C:\Program Files\SamaHesab\ja\WindowsBase.resources.dll
2026-06-25 20:21:34.911   Time stamp of our file: 2026-04-30 13:28:04.000
2026-06-25 20:21:34.911   Dest file exists.
2026-06-25 20:21:34.911   Time stamp of existing file: 2026-04-30 13:28:04.000
2026-06-25 20:21:34.911   Installing the file.
2026-06-25 20:21:34.912   Successfully installed the file.
2026-06-25 20:21:34.912   -- File entry --
2026-06-25 20:21:34.912   Dest filename: C:\Program Files\SamaHesab\ko\Microsoft.Data.SqlClient.resources.dll
2026-06-25 20:21:34.914   Time stamp of our file: 2024-08-27 22:17:06.000
2026-06-25 20:21:34.914   Dest file exists.
2026-06-25 20:21:34.914   Time stamp of existing file: 2024-08-27 22:17:06.000
2026-06-25 20:21:34.914   Installing the file.
2026-06-25 20:21:34.917   Successfully installed the file.
2026-06-25 20:21:34.917   -- File entry --
2026-06-25 20:21:34.917   Dest filename: C:\Program Files\SamaHesab\ko\Microsoft.VisualBasic.Forms.resources.dll
2026-06-25 20:21:34.917   Time stamp of our file: 2026-04-30 11:01:14.000
2026-06-25 20:21:34.917   Dest file exists.
2026-06-25 20:21:34.917   Time stamp of existing file: 2026-04-30 11:01:14.000
2026-06-25 20:21:34.917   Installing the file.
2026-06-25 20:21:34.919   Successfully installed the file.
2026-06-25 20:21:34.919   -- File entry --
2026-06-25 20:21:34.919   Dest filename: C:\Program Files\SamaHesab\ko\PresentationCore.resources.dll
2026-06-25 20:21:34.919   Time stamp of our file: 2026-04-30 13:28:26.000
2026-06-25 20:21:34.919   Dest file exists.
2026-06-25 20:21:34.919   Time stamp of existing file: 2026-04-30 13:28:26.000
2026-06-25 20:21:34.919   Installing the file.
2026-06-25 20:21:34.921   Successfully installed the file.
2026-06-25 20:21:34.921   -- File entry --
2026-06-25 20:21:34.921   Dest filename: C:\Program Files\SamaHesab\ko\PresentationFramework.resources.dll
2026-06-25 20:21:34.921   Time stamp of our file: 2026-04-30 13:28:50.000
2026-06-25 20:21:34.921   Dest file exists.
2026-06-25 20:21:34.921   Time stamp of existing file: 2026-04-30 13:28:50.000
2026-06-25 20:21:34.921   Installing the file.
2026-06-25 20:21:34.924   Successfully installed the file.
2026-06-25 20:21:34.924   -- File entry --
2026-06-25 20:21:34.924   Dest filename: C:\Program Files\SamaHesab\ko\PresentationUI.resources.dll
2026-06-25 20:21:34.924   Time stamp of our file: 2026-04-30 13:29:16.000
2026-06-25 20:21:34.924   Dest file exists.
2026-06-25 20:21:34.924   Time stamp of existing file: 2026-04-30 13:29:16.000
2026-06-25 20:21:34.924   Installing the file.
2026-06-25 20:21:34.925   Successfully installed the file.
2026-06-25 20:21:34.925   -- File entry --
2026-06-25 20:21:34.925   Dest filename: C:\Program Files\SamaHesab\ko\ReachFramework.resources.dll
2026-06-25 20:21:34.925   Time stamp of our file: 2026-04-30 13:28:38.000
2026-06-25 20:21:34.925   Dest file exists.
2026-06-25 20:21:34.925   Time stamp of existing file: 2026-04-30 13:28:38.000
2026-06-25 20:21:34.925   Installing the file.
2026-06-25 20:21:34.926   Successfully installed the file.
2026-06-25 20:21:34.926   -- File entry --
2026-06-25 20:21:34.926   Dest filename: C:\Program Files\SamaHesab\ko\System.Windows.Controls.Ribbon.resources.dll
2026-06-25 20:21:34.926   Time stamp of our file: 2026-04-30 13:29:38.000
2026-06-25 20:21:34.926   Dest file exists.
2026-06-25 20:21:34.926   Time stamp of existing file: 2026-04-30 13:29:38.000
2026-06-25 20:21:34.926   Installing the file.
2026-06-25 20:21:34.927   Successfully installed the file.
2026-06-25 20:21:34.927   -- File entry --
2026-06-25 20:21:34.927   Dest filename: C:\Program Files\SamaHesab\ko\System.Windows.Forms.Design.resources.dll
2026-06-25 20:21:34.927   Time stamp of our file: 2026-04-30 11:01:24.000
2026-06-25 20:21:34.927   Dest file exists.
2026-06-25 20:21:34.927   Time stamp of existing file: 2026-04-30 11:01:24.000
2026-06-25 20:21:34.927   Installing the file.
2026-06-25 20:21:34.930   Successfully installed the file.
2026-06-25 20:21:34.930   -- File entry --
2026-06-25 20:21:34.930   Dest filename: C:\Program Files\SamaHesab\ko\System.Windows.Forms.Primitives.resources.dll
2026-06-25 20:21:34.930   Time stamp of our file: 2026-04-30 11:00:38.000
2026-06-25 20:21:34.930   Dest file exists.
2026-06-25 20:21:34.930   Time stamp of existing file: 2026-04-30 11:00:38.000
2026-06-25 20:21:34.930   Installing the file.
2026-06-25 20:21:34.930   Successfully installed the file.
2026-06-25 20:21:34.930   -- File entry --
2026-06-25 20:21:34.930   Dest filename: C:\Program Files\SamaHesab\ko\System.Windows.Forms.resources.dll
2026-06-25 20:21:34.932   Time stamp of our file: 2026-04-30 11:01:10.000
2026-06-25 20:21:34.932   Dest file exists.
2026-06-25 20:21:34.932   Time stamp of existing file: 2026-04-30 11:01:10.000
2026-06-25 20:21:34.932   Installing the file.
2026-06-25 20:21:34.936   Successfully installed the file.
2026-06-25 20:21:34.936   -- File entry --
2026-06-25 20:21:34.936   Dest filename: C:\Program Files\SamaHesab\ko\System.Windows.Input.Manipulations.resources.dll
2026-06-25 20:21:34.936   Time stamp of our file: 2026-04-30 13:27:42.000
2026-06-25 20:21:34.936   Dest file exists.
2026-06-25 20:21:34.936   Time stamp of existing file: 2026-04-30 13:27:42.000
2026-06-25 20:21:34.936   Installing the file.
2026-06-25 20:21:34.937   Successfully installed the file.
2026-06-25 20:21:34.937   -- File entry --
2026-06-25 20:21:34.937   Dest filename: C:\Program Files\SamaHesab\ko\System.Xaml.resources.dll
2026-06-25 20:21:34.937   Time stamp of our file: 2026-04-30 13:27:46.000
2026-06-25 20:21:34.937   Dest file exists.
2026-06-25 20:21:34.937   Time stamp of existing file: 2026-04-30 13:27:46.000
2026-06-25 20:21:34.937   Installing the file.
2026-06-25 20:21:34.939   Successfully installed the file.
2026-06-25 20:21:34.939   -- File entry --
2026-06-25 20:21:34.939   Dest filename: C:\Program Files\SamaHesab\ko\UIAutomationClient.resources.dll
2026-06-25 20:21:34.939   Time stamp of our file: 2026-04-30 13:28:30.000
2026-06-25 20:21:34.939   Dest file exists.
2026-06-25 20:21:34.939   Time stamp of existing file: 2026-04-30 13:28:30.000
2026-06-25 20:21:34.939   Installing the file.
2026-06-25 20:21:34.939   Successfully installed the file.
2026-06-25 20:21:34.939   -- File entry --
2026-06-25 20:21:34.939   Dest filename: C:\Program Files\SamaHesab\ko\UIAutomationClientSideProviders.resources.dll
2026-06-25 20:21:34.939   Time stamp of our file: 2026-04-30 13:28:32.000
2026-06-25 20:21:34.939   Dest file exists.
2026-06-25 20:21:34.939   Time stamp of existing file: 2026-04-30 13:28:32.000
2026-06-25 20:21:34.939   Installing the file.
2026-06-25 20:21:34.941   Successfully installed the file.
2026-06-25 20:21:34.941   -- File entry --
2026-06-25 20:21:34.941   Dest filename: C:\Program Files\SamaHesab\ko\UIAutomationProvider.resources.dll
2026-06-25 20:21:34.941   Time stamp of our file: 2026-04-30 13:28:10.000
2026-06-25 20:21:34.941   Dest file exists.
2026-06-25 20:21:34.941   Time stamp of existing file: 2026-04-30 13:28:10.000
2026-06-25 20:21:34.941   Installing the file.
2026-06-25 20:21:34.942   Successfully installed the file.
2026-06-25 20:21:34.942   -- File entry --
2026-06-25 20:21:34.942   Dest filename: C:\Program Files\SamaHesab\ko\UIAutomationTypes.resources.dll
2026-06-25 20:21:34.942   Time stamp of our file: 2026-04-30 13:28:08.000
2026-06-25 20:21:34.942   Dest file exists.
2026-06-25 20:21:34.942   Time stamp of existing file: 2026-04-30 13:28:08.000
2026-06-25 20:21:34.942   Installing the file.
2026-06-25 20:21:34.943   Successfully installed the file.
2026-06-25 20:21:34.943   -- File entry --
2026-06-25 20:21:34.943   Dest filename: C:\Program Files\SamaHesab\ko\WindowsBase.resources.dll
2026-06-25 20:21:34.943   Time stamp of our file: 2026-04-30 13:28:04.000
2026-06-25 20:21:34.943   Dest file exists.
2026-06-25 20:21:34.943   Time stamp of existing file: 2026-04-30 13:28:04.000
2026-06-25 20:21:34.943   Installing the file.
2026-06-25 20:21:34.944   Successfully installed the file.
2026-06-25 20:21:34.944   -- File entry --
2026-06-25 20:21:34.944   Dest filename: C:\Program Files\SamaHesab\LatoFont\Lato-Black.ttf
2026-06-25 20:21:34.945   Time stamp of our file: 2026-06-10 18:30:48.000
2026-06-25 20:21:34.945   Dest file exists.
2026-06-25 20:21:34.945   Time stamp of existing file: 2026-06-10 18:30:48.000
2026-06-25 20:21:34.945   Installing the file.
2026-06-25 20:21:34.959   Successfully installed the file.
2026-06-25 20:21:34.959   -- File entry --
2026-06-25 20:21:34.959   Dest filename: C:\Program Files\SamaHesab\LatoFont\Lato-BlackItalic.ttf
2026-06-25 20:21:34.960   Time stamp of our file: 2026-06-10 18:30:48.000
2026-06-25 20:21:34.960   Dest file exists.
2026-06-25 20:21:34.960   Time stamp of existing file: 2026-06-10 18:30:48.000
2026-06-25 20:21:34.960   Installing the file.
2026-06-25 20:21:34.973   Successfully installed the file.
2026-06-25 20:21:34.973   -- File entry --
2026-06-25 20:21:34.973   Dest filename: C:\Program Files\SamaHesab\LatoFont\Lato-Bold.ttf
2026-06-25 20:21:34.974   Time stamp of our file: 2026-06-10 18:30:48.000
2026-06-25 20:21:34.974   Dest file exists.
2026-06-25 20:21:34.974   Time stamp of existing file: 2026-06-10 18:30:48.000
2026-06-25 20:21:34.974   Installing the file.
2026-06-25 20:21:34.985   Successfully installed the file.
2026-06-25 20:21:34.985   -- File entry --
2026-06-25 20:21:34.985   Dest filename: C:\Program Files\SamaHesab\LatoFont\Lato-BoldItalic.ttf
2026-06-25 20:21:34.986   Time stamp of our file: 2026-06-10 18:30:48.000
2026-06-25 20:21:34.986   Dest file exists.
2026-06-25 20:21:34.986   Time stamp of existing file: 2026-06-10 18:30:48.000
2026-06-25 20:21:34.986   Installing the file.
2026-06-25 20:21:34.999   Successfully installed the file.
2026-06-25 20:21:34.999   -- File entry --
2026-06-25 20:21:34.999   Dest filename: C:\Program Files\SamaHesab\LatoFont\Lato-ExtraBold.ttf
2026-06-25 20:21:34.999   Time stamp of our file: 2026-06-10 18:30:48.000
2026-06-25 20:21:34.999   Dest file exists.
2026-06-25 20:21:34.999   Time stamp of existing file: 2026-06-10 18:30:48.000
2026-06-25 20:21:34.999   Installing the file.
2026-06-25 20:21:35.010   Successfully installed the file.
2026-06-25 20:21:35.010   -- File entry --
2026-06-25 20:21:35.010   Dest filename: C:\Program Files\SamaHesab\LatoFont\Lato-ExtraBoldItalic.ttf
2026-06-25 20:21:35.011   Time stamp of our file: 2026-06-10 18:30:48.000
2026-06-25 20:21:35.011   Dest file exists.
2026-06-25 20:21:35.011   Time stamp of existing file: 2026-06-10 18:30:48.000
2026-06-25 20:21:35.011   Installing the file.
2026-06-25 20:21:35.023   Successfully installed the file.
2026-06-25 20:21:35.023   -- File entry --
2026-06-25 20:21:35.023   Dest filename: C:\Program Files\SamaHesab\LatoFont\Lato-ExtraLight.ttf
2026-06-25 20:21:35.023   Time stamp of our file: 2026-06-10 18:30:48.000
2026-06-25 20:21:35.023   Dest file exists.
2026-06-25 20:21:35.023   Time stamp of existing file: 2026-06-10 18:30:48.000
2026-06-25 20:21:35.023   Installing the file.
2026-06-25 20:21:35.035   Successfully installed the file.
2026-06-25 20:21:35.035   -- File entry --
2026-06-25 20:21:35.035   Dest filename: C:\Program Files\SamaHesab\LatoFont\Lato-ExtraLightItalic.ttf
2026-06-25 20:21:35.035   Time stamp of our file: 2026-06-10 18:30:48.000
2026-06-25 20:21:35.035   Dest file exists.
2026-06-25 20:21:35.035   Time stamp of existing file: 2026-06-10 18:30:48.000
2026-06-25 20:21:35.035   Installing the file.
2026-06-25 20:21:35.047   Successfully installed the file.
2026-06-25 20:21:35.047   -- File entry --
2026-06-25 20:21:35.047   Dest filename: C:\Program Files\SamaHesab\LatoFont\Lato-Italic.ttf
2026-06-25 20:21:35.048   Time stamp of our file: 2026-06-10 18:30:48.000
2026-06-25 20:21:35.048   Dest file exists.
2026-06-25 20:21:35.048   Time stamp of existing file: 2026-06-10 18:30:48.000
2026-06-25 20:21:35.048   Installing the file.
2026-06-25 20:21:35.060   Successfully installed the file.
2026-06-25 20:21:35.060   -- File entry --
2026-06-25 20:21:35.060   Dest filename: C:\Program Files\SamaHesab\LatoFont\Lato-Light.ttf
2026-06-25 20:21:35.060   Time stamp of our file: 2026-06-10 18:30:48.000
2026-06-25 20:21:35.060   Dest file exists.
2026-06-25 20:21:35.060   Time stamp of existing file: 2026-06-10 18:30:48.000
2026-06-25 20:21:35.060   Installing the file.
2026-06-25 20:21:35.072   Successfully installed the file.
2026-06-25 20:21:35.072   -- File entry --
2026-06-25 20:21:35.072   Dest filename: C:\Program Files\SamaHesab\LatoFont\Lato-LightItalic.ttf
2026-06-25 20:21:35.073   Time stamp of our file: 2026-06-10 18:30:48.000
2026-06-25 20:21:35.073   Dest file exists.
2026-06-25 20:21:35.073   Time stamp of existing file: 2026-06-10 18:30:48.000
2026-06-25 20:21:35.073   Installing the file.
2026-06-25 20:21:35.084   Successfully installed the file.
2026-06-25 20:21:35.084   -- File entry --
2026-06-25 20:21:35.084   Dest filename: C:\Program Files\SamaHesab\LatoFont\Lato-Medium.ttf
2026-06-25 20:21:35.085   Time stamp of our file: 2026-06-10 18:30:48.000
2026-06-25 20:21:35.085   Dest file exists.
2026-06-25 20:21:35.085   Time stamp of existing file: 2026-06-10 18:30:48.000
2026-06-25 20:21:35.085   Installing the file.
2026-06-25 20:21:35.095   Successfully installed the file.
2026-06-25 20:21:35.095   -- File entry --
2026-06-25 20:21:35.095   Dest filename: C:\Program Files\SamaHesab\LatoFont\Lato-MediumItalic.ttf
2026-06-25 20:21:35.095   Time stamp of our file: 2026-06-10 18:30:48.000
2026-06-25 20:21:35.096   Dest file exists.
2026-06-25 20:21:35.096   Time stamp of existing file: 2026-06-10 18:30:48.000
2026-06-25 20:21:35.096   Installing the file.
2026-06-25 20:21:35.106   Successfully installed the file.
2026-06-25 20:21:35.106   -- File entry --
2026-06-25 20:21:35.106   Dest filename: C:\Program Files\SamaHesab\LatoFont\Lato-Regular.ttf
2026-06-25 20:21:35.106   Time stamp of our file: 2026-06-10 18:30:48.000
2026-06-25 20:21:35.106   Dest file exists.
2026-06-25 20:21:35.106   Time stamp of existing file: 2026-06-10 18:30:48.000
2026-06-25 20:21:35.106   Installing the file.
2026-06-25 20:21:35.117   Successfully installed the file.
2026-06-25 20:21:35.117   -- File entry --
2026-06-25 20:21:35.117   Dest filename: C:\Program Files\SamaHesab\LatoFont\Lato-SemiBold.ttf
2026-06-25 20:21:35.117   Time stamp of our file: 2026-06-10 18:30:48.000
2026-06-25 20:21:35.117   Dest file exists.
2026-06-25 20:21:35.117   Time stamp of existing file: 2026-06-10 18:30:48.000
2026-06-25 20:21:35.117   Installing the file.
2026-06-25 20:21:35.127   Successfully installed the file.
2026-06-25 20:21:35.127   -- File entry --
2026-06-25 20:21:35.128   Dest filename: C:\Program Files\SamaHesab\LatoFont\Lato-SemiBoldItalic.ttf
2026-06-25 20:21:35.128   Time stamp of our file: 2026-06-10 18:30:48.000
2026-06-25 20:21:35.128   Dest file exists.
2026-06-25 20:21:35.128   Time stamp of existing file: 2026-06-10 18:30:48.000
2026-06-25 20:21:35.128   Installing the file.
2026-06-25 20:21:35.138   Successfully installed the file.
2026-06-25 20:21:35.138   -- File entry --
2026-06-25 20:21:35.138   Dest filename: C:\Program Files\SamaHesab\LatoFont\Lato-Thin.ttf
2026-06-25 20:21:35.139   Time stamp of our file: 2026-06-10 18:30:48.000
2026-06-25 20:21:35.139   Dest file exists.
2026-06-25 20:21:35.139   Time stamp of existing file: 2026-06-10 18:30:48.000
2026-06-25 20:21:35.139   Installing the file.
2026-06-25 20:21:35.150   Successfully installed the file.
2026-06-25 20:21:35.150   -- File entry --
2026-06-25 20:21:35.150   Dest filename: C:\Program Files\SamaHesab\LatoFont\Lato-ThinItalic.ttf
2026-06-25 20:21:35.150   Time stamp of our file: 2026-06-10 18:30:48.000
2026-06-25 20:21:35.150   Dest file exists.
2026-06-25 20:21:35.150   Time stamp of existing file: 2026-06-10 18:30:48.000
2026-06-25 20:21:35.150   Installing the file.
2026-06-25 20:21:35.160   Successfully installed the file.
2026-06-25 20:21:35.160   -- File entry --
2026-06-25 20:21:35.160   Dest filename: C:\Program Files\SamaHesab\LatoFont\OFL.txt
2026-06-25 20:21:35.160   Time stamp of our file: 2026-06-10 18:30:48.000
2026-06-25 20:21:35.160   Dest file exists.
2026-06-25 20:21:35.160   Time stamp of existing file: 2026-06-10 18:30:48.000
2026-06-25 20:21:35.160   Installing the file.
2026-06-25 20:21:35.161   Successfully installed the file.
2026-06-25 20:21:35.161   -- File entry --
2026-06-25 20:21:35.161   Dest filename: C:\Program Files\SamaHesab\pl\Microsoft.VisualBasic.Forms.resources.dll
2026-06-25 20:21:35.161   Time stamp of our file: 2026-04-30 11:01:14.000
2026-06-25 20:21:35.161   Dest file exists.
2026-06-25 20:21:35.161   Time stamp of existing file: 2026-04-30 11:01:14.000
2026-06-25 20:21:35.161   Installing the file.
2026-06-25 20:21:35.162   Successfully installed the file.
2026-06-25 20:21:35.162   -- File entry --
2026-06-25 20:21:35.162   Dest filename: C:\Program Files\SamaHesab\pl\PresentationCore.resources.dll
2026-06-25 20:21:35.162   Time stamp of our file: 2026-04-30 13:28:26.000
2026-06-25 20:21:35.162   Dest file exists.
2026-06-25 20:21:35.163   Time stamp of existing file: 2026-04-30 13:28:26.000
2026-06-25 20:21:35.163   Installing the file.
2026-06-25 20:21:35.165   Successfully installed the file.
2026-06-25 20:21:35.165   -- File entry --
2026-06-25 20:21:35.165   Dest filename: C:\Program Files\SamaHesab\pl\PresentationFramework.resources.dll
2026-06-25 20:21:35.165   Time stamp of our file: 2026-04-30 13:28:50.000
2026-06-25 20:21:35.165   Dest file exists.
2026-06-25 20:21:35.165   Time stamp of existing file: 2026-04-30 13:28:50.000
2026-06-25 20:21:35.165   Installing the file.
2026-06-25 20:21:35.168   Successfully installed the file.
2026-06-25 20:21:35.168   -- File entry --
2026-06-25 20:21:35.168   Dest filename: C:\Program Files\SamaHesab\pl\PresentationUI.resources.dll
2026-06-25 20:21:35.168   Time stamp of our file: 2026-04-30 13:29:16.000
2026-06-25 20:21:35.168   Dest file exists.
2026-06-25 20:21:35.168   Time stamp of existing file: 2026-04-30 13:29:16.000
2026-06-25 20:21:35.168   Installing the file.
2026-06-25 20:21:35.169   Successfully installed the file.
2026-06-25 20:21:35.170   -- File entry --
2026-06-25 20:21:35.170   Dest filename: C:\Program Files\SamaHesab\pl\ReachFramework.resources.dll
2026-06-25 20:21:35.170   Time stamp of our file: 2026-04-30 13:28:38.000
2026-06-25 20:21:35.170   Dest file exists.
2026-06-25 20:21:35.170   Time stamp of existing file: 2026-04-30 13:28:38.000
2026-06-25 20:21:35.170   Installing the file.
2026-06-25 20:21:35.171   Successfully installed the file.
2026-06-25 20:21:35.171   -- File entry --
2026-06-25 20:21:35.171   Dest filename: C:\Program Files\SamaHesab\pl\System.Windows.Controls.Ribbon.resources.dll
2026-06-25 20:21:35.171   Time stamp of our file: 2026-04-30 13:29:38.000
2026-06-25 20:21:35.171   Dest file exists.
2026-06-25 20:21:35.171   Time stamp of existing file: 2026-04-30 13:29:38.000
2026-06-25 20:21:35.171   Installing the file.
2026-06-25 20:21:35.172   Successfully installed the file.
2026-06-25 20:21:35.172   -- File entry --
2026-06-25 20:21:35.172   Dest filename: C:\Program Files\SamaHesab\pl\System.Windows.Forms.Design.resources.dll
2026-06-25 20:21:35.172   Time stamp of our file: 2026-04-30 11:01:24.000
2026-06-25 20:21:35.172   Dest file exists.
2026-06-25 20:21:35.172   Time stamp of existing file: 2026-04-30 11:01:24.000
2026-06-25 20:21:35.172   Installing the file.
2026-06-25 20:21:35.175   Successfully installed the file.
2026-06-25 20:21:35.175   -- File entry --
2026-06-25 20:21:35.175   Dest filename: C:\Program Files\SamaHesab\pl\System.Windows.Forms.Primitives.resources.dll
2026-06-25 20:21:35.175   Time stamp of our file: 2026-04-30 11:00:38.000
2026-06-25 20:21:35.175   Dest file exists.
2026-06-25 20:21:35.175   Time stamp of existing file: 2026-04-30 11:00:38.000
2026-06-25 20:21:35.175   Installing the file.
2026-06-25 20:21:35.176   Successfully installed the file.
2026-06-25 20:21:35.176   -- File entry --
2026-06-25 20:21:35.176   Dest filename: C:\Program Files\SamaHesab\pl\System.Windows.Forms.resources.dll
2026-06-25 20:21:35.176   Time stamp of our file: 2026-04-30 11:01:10.000
2026-06-25 20:21:35.176   Dest file exists.
2026-06-25 20:21:35.176   Time stamp of existing file: 2026-04-30 11:01:10.000
2026-06-25 20:21:35.176   Installing the file.
2026-06-25 20:21:35.181   Successfully installed the file.
2026-06-25 20:21:35.181   -- File entry --
2026-06-25 20:21:35.181   Dest filename: C:\Program Files\SamaHesab\pl\System.Windows.Input.Manipulations.resources.dll
2026-06-25 20:21:35.182   Time stamp of our file: 2026-04-30 13:27:42.000
2026-06-25 20:21:35.182   Dest file exists.
2026-06-25 20:21:35.182   Time stamp of existing file: 2026-04-30 13:27:42.000
2026-06-25 20:21:35.182   Installing the file.
2026-06-25 20:21:35.182   Successfully installed the file.
2026-06-25 20:21:35.182   -- File entry --
2026-06-25 20:21:35.182   Dest filename: C:\Program Files\SamaHesab\pl\System.Xaml.resources.dll
2026-06-25 20:21:35.183   Time stamp of our file: 2026-04-30 13:27:46.000
2026-06-25 20:21:35.183   Dest file exists.
2026-06-25 20:21:35.183   Time stamp of existing file: 2026-04-30 13:27:46.000
2026-06-25 20:21:35.183   Installing the file.
2026-06-25 20:21:35.184   Successfully installed the file.
2026-06-25 20:21:35.184   -- File entry --
2026-06-25 20:21:35.184   Dest filename: C:\Program Files\SamaHesab\pl\UIAutomationClient.resources.dll
2026-06-25 20:21:35.184   Time stamp of our file: 2026-04-30 13:28:30.000
2026-06-25 20:21:35.184   Dest file exists.
2026-06-25 20:21:35.184   Time stamp of existing file: 2026-04-30 13:28:30.000
2026-06-25 20:21:35.184   Installing the file.
2026-06-25 20:21:35.185   Successfully installed the file.
2026-06-25 20:21:35.185   -- File entry --
2026-06-25 20:21:35.185   Dest filename: C:\Program Files\SamaHesab\pl\UIAutomationClientSideProviders.resources.dll
2026-06-25 20:21:35.185   Time stamp of our file: 2026-04-30 13:28:34.000
2026-06-25 20:21:35.185   Dest file exists.
2026-06-25 20:21:35.185   Time stamp of existing file: 2026-04-30 13:28:34.000
2026-06-25 20:21:35.185   Installing the file.
2026-06-25 20:21:35.186   Successfully installed the file.
2026-06-25 20:21:35.186   -- File entry --
2026-06-25 20:21:35.186   Dest filename: C:\Program Files\SamaHesab\pl\UIAutomationProvider.resources.dll
2026-06-25 20:21:35.186   Time stamp of our file: 2026-04-30 13:28:10.000
2026-06-25 20:21:35.186   Dest file exists.
2026-06-25 20:21:35.186   Time stamp of existing file: 2026-04-30 13:28:10.000
2026-06-25 20:21:35.186   Installing the file.
2026-06-25 20:21:35.187   Successfully installed the file.
2026-06-25 20:21:35.187   -- File entry --
2026-06-25 20:21:35.187   Dest filename: C:\Program Files\SamaHesab\pl\UIAutomationTypes.resources.dll
2026-06-25 20:21:35.187   Time stamp of our file: 2026-04-30 13:28:08.000
2026-06-25 20:21:35.187   Dest file exists.
2026-06-25 20:21:35.187   Time stamp of existing file: 2026-04-30 13:28:08.000
2026-06-25 20:21:35.187   Installing the file.
2026-06-25 20:21:35.188   Successfully installed the file.
2026-06-25 20:21:35.188   -- File entry --
2026-06-25 20:21:35.188   Dest filename: C:\Program Files\SamaHesab\pl\WindowsBase.resources.dll
2026-06-25 20:21:35.188   Time stamp of our file: 2026-04-30 13:28:04.000
2026-06-25 20:21:35.188   Dest file exists.
2026-06-25 20:21:35.188   Time stamp of existing file: 2026-04-30 13:28:04.000
2026-06-25 20:21:35.188   Installing the file.
2026-06-25 20:21:35.190   Successfully installed the file.
2026-06-25 20:21:35.190   -- File entry --
2026-06-25 20:21:35.190   Dest filename: C:\Program Files\SamaHesab\pt-BR\Microsoft.Data.SqlClient.resources.dll
2026-06-25 20:21:35.190   Time stamp of our file: 2024-08-27 22:16:52.000
2026-06-25 20:21:35.190   Dest file exists.
2026-06-25 20:21:35.190   Time stamp of existing file: 2024-08-27 22:16:52.000
2026-06-25 20:21:35.190   Installing the file.
2026-06-25 20:21:35.193   Successfully installed the file.
2026-06-25 20:21:35.193   -- File entry --
2026-06-25 20:21:35.193   Dest filename: C:\Program Files\SamaHesab\pt-BR\Microsoft.VisualBasic.Forms.resources.dll
2026-06-25 20:21:35.193   Time stamp of our file: 2026-04-30 11:01:14.000
2026-06-25 20:21:35.193   Dest file exists.
2026-06-25 20:21:35.193   Time stamp of existing file: 2026-04-30 11:01:14.000
2026-06-25 20:21:35.194   Installing the file.
2026-06-25 20:21:35.194   Successfully installed the file.
2026-06-25 20:21:35.194   -- File entry --
2026-06-25 20:21:35.194   Dest filename: C:\Program Files\SamaHesab\pt-BR\PresentationCore.resources.dll
2026-06-25 20:21:35.195   Time stamp of our file: 2026-04-30 13:28:26.000
2026-06-25 20:21:35.195   Dest file exists.
2026-06-25 20:21:35.195   Time stamp of existing file: 2026-04-30 13:28:26.000
2026-06-25 20:21:35.195   Installing the file.
2026-06-25 20:21:35.196   Successfully installed the file.
2026-06-25 20:21:35.196   -- File entry --
2026-06-25 20:21:35.196   Dest filename: C:\Program Files\SamaHesab\pt-BR\PresentationFramework.resources.dll
2026-06-25 20:21:35.196   Time stamp of our file: 2026-04-30 13:28:50.000
2026-06-25 20:21:35.197   Dest file exists.
2026-06-25 20:21:35.197   Time stamp of existing file: 2026-04-30 13:28:50.000
2026-06-25 20:21:35.197   Installing the file.
2026-06-25 20:21:35.199   Successfully installed the file.
2026-06-25 20:21:35.199   -- File entry --
2026-06-25 20:21:35.199   Dest filename: C:\Program Files\SamaHesab\pt-BR\PresentationUI.resources.dll
2026-06-25 20:21:35.200   Time stamp of our file: 2026-04-30 13:29:16.000
2026-06-25 20:21:35.200   Dest file exists.
2026-06-25 20:21:35.200   Time stamp of existing file: 2026-04-30 13:29:16.000
2026-06-25 20:21:35.200   Installing the file.
2026-06-25 20:21:35.201   Successfully installed the file.
2026-06-25 20:21:35.201   -- File entry --
2026-06-25 20:21:35.201   Dest filename: C:\Program Files\SamaHesab\pt-BR\ReachFramework.resources.dll
2026-06-25 20:21:35.201   Time stamp of our file: 2026-04-30 13:28:38.000
2026-06-25 20:21:35.201   Dest file exists.
2026-06-25 20:21:35.201   Time stamp of existing file: 2026-04-30 13:28:38.000
2026-06-25 20:21:35.201   Installing the file.
2026-06-25 20:21:35.202   Successfully installed the file.
2026-06-25 20:21:35.202   -- File entry --
2026-06-25 20:21:35.202   Dest filename: C:\Program Files\SamaHesab\pt-BR\System.Windows.Controls.Ribbon.resources.dll
2026-06-25 20:21:35.202   Time stamp of our file: 2026-04-30 13:29:38.000
2026-06-25 20:21:35.202   Dest file exists.
2026-06-25 20:21:35.202   Time stamp of existing file: 2026-04-30 13:29:38.000
2026-06-25 20:21:35.202   Installing the file.
2026-06-25 20:21:35.203   Successfully installed the file.
2026-06-25 20:21:35.203   -- File entry --
2026-06-25 20:21:35.203   Dest filename: C:\Program Files\SamaHesab\pt-BR\System.Windows.Forms.Design.resources.dll
2026-06-25 20:21:35.203   Time stamp of our file: 2026-04-30 11:01:24.000
2026-06-25 20:21:35.203   Dest file exists.
2026-06-25 20:21:35.203   Time stamp of existing file: 2026-04-30 11:01:24.000
2026-06-25 20:21:35.203   Installing the file.
2026-06-25 20:21:35.206   Successfully installed the file.
2026-06-25 20:21:35.206   -- File entry --
2026-06-25 20:21:35.206   Dest filename: C:\Program Files\SamaHesab\pt-BR\System.Windows.Forms.Primitives.resources.dll
2026-06-25 20:21:35.206   Time stamp of our file: 2026-04-30 11:00:38.000
2026-06-25 20:21:35.206   Dest file exists.
2026-06-25 20:21:35.206   Time stamp of existing file: 2026-04-30 11:00:38.000
2026-06-25 20:21:35.206   Installing the file.
2026-06-25 20:21:35.207   Successfully installed the file.
2026-06-25 20:21:35.207   -- File entry --
2026-06-25 20:21:35.207   Dest filename: C:\Program Files\SamaHesab\pt-BR\System.Windows.Forms.resources.dll
2026-06-25 20:21:35.207   Time stamp of our file: 2026-04-30 11:01:10.000
2026-06-25 20:21:35.207   Dest file exists.
2026-06-25 20:21:35.207   Time stamp of existing file: 2026-04-30 11:01:10.000
2026-06-25 20:21:35.207   Installing the file.
2026-06-25 20:21:35.211   Successfully installed the file.
2026-06-25 20:21:35.211   -- File entry --
2026-06-25 20:21:35.211   Dest filename: C:\Program Files\SamaHesab\pt-BR\System.Windows.Input.Manipulations.resources.dll
2026-06-25 20:21:35.211   Time stamp of our file: 2026-04-30 13:27:42.000
2026-06-25 20:21:35.211   Dest file exists.
2026-06-25 20:21:35.211   Time stamp of existing file: 2026-04-30 13:27:42.000
2026-06-25 20:21:35.212   Installing the file.
2026-06-25 20:21:35.213   Successfully installed the file.
2026-06-25 20:21:35.213   -- File entry --
2026-06-25 20:21:35.213   Dest filename: C:\Program Files\SamaHesab\pt-BR\System.Xaml.resources.dll
2026-06-25 20:21:35.213   Time stamp of our file: 2026-04-30 13:27:46.000
2026-06-25 20:21:35.213   Dest file exists.
2026-06-25 20:21:35.213   Time stamp of existing file: 2026-04-30 13:27:46.000
2026-06-25 20:21:35.213   Installing the file.
2026-06-25 20:21:35.214   Successfully installed the file.
2026-06-25 20:21:35.214   -- File entry --
2026-06-25 20:21:35.214   Dest filename: C:\Program Files\SamaHesab\pt-BR\UIAutomationClient.resources.dll
2026-06-25 20:21:35.214   Time stamp of our file: 2026-04-30 13:28:30.000
2026-06-25 20:21:35.214   Dest file exists.
2026-06-25 20:21:35.214   Time stamp of existing file: 2026-04-30 13:28:30.000
2026-06-25 20:21:35.214   Installing the file.
2026-06-25 20:21:35.215   Successfully installed the file.
2026-06-25 20:21:35.215   -- File entry --
2026-06-25 20:21:35.215   Dest filename: C:\Program Files\SamaHesab\pt-BR\UIAutomationClientSideProviders.resources.dll
2026-06-25 20:21:35.215   Time stamp of our file: 2026-04-30 13:28:34.000
2026-06-25 20:21:35.215   Dest file exists.
2026-06-25 20:21:35.215   Time stamp of existing file: 2026-04-30 13:28:34.000
2026-06-25 20:21:35.215   Installing the file.
2026-06-25 20:21:35.216   Successfully installed the file.
2026-06-25 20:21:35.216   -- File entry --
2026-06-25 20:21:35.216   Dest filename: C:\Program Files\SamaHesab\pt-BR\UIAutomationProvider.resources.dll
2026-06-25 20:21:35.216   Time stamp of our file: 2026-04-30 13:28:10.000
2026-06-25 20:21:35.216   Dest file exists.
2026-06-25 20:21:35.216   Time stamp of existing file: 2026-04-30 13:28:10.000
2026-06-25 20:21:35.216   Installing the file.
2026-06-25 20:21:35.217   Successfully installed the file.
2026-06-25 20:21:35.217   -- File entry --
2026-06-25 20:21:35.217   Dest filename: C:\Program Files\SamaHesab\pt-BR\UIAutomationTypes.resources.dll
2026-06-25 20:21:35.217   Time stamp of our file: 2026-04-30 13:28:08.000
2026-06-25 20:21:35.217   Dest file exists.
2026-06-25 20:21:35.217   Time stamp of existing file: 2026-04-30 13:28:08.000
2026-06-25 20:21:35.217   Installing the file.
2026-06-25 20:21:35.218   Successfully installed the file.
2026-06-25 20:21:35.218   -- File entry --
2026-06-25 20:21:35.218   Dest filename: C:\Program Files\SamaHesab\pt-BR\WindowsBase.resources.dll
2026-06-25 20:21:35.218   Time stamp of our file: 2026-04-30 13:28:04.000
2026-06-25 20:21:35.218   Dest file exists.
2026-06-25 20:21:35.218   Time stamp of existing file: 2026-04-30 13:28:04.000
2026-06-25 20:21:35.218   Installing the file.
2026-06-25 20:21:35.220   Successfully installed the file.
2026-06-25 20:21:35.220   -- File entry --
2026-06-25 20:21:35.220   Dest filename: C:\Program Files\SamaHesab\ru\Microsoft.Data.SqlClient.resources.dll
2026-06-25 20:21:35.221   Time stamp of our file: 2024-08-27 22:16:52.000
2026-06-25 20:21:35.221   Dest file exists.
2026-06-25 20:21:35.221   Time stamp of existing file: 2024-08-27 22:16:52.000
2026-06-25 20:21:35.221   Installing the file.
2026-06-25 20:21:35.225   Successfully installed the file.
2026-06-25 20:21:35.225   -- File entry --
2026-06-25 20:21:35.225   Dest filename: C:\Program Files\SamaHesab\ru\Microsoft.VisualBasic.Forms.resources.dll
2026-06-25 20:21:35.225   Time stamp of our file: 2026-04-30 11:01:14.000
2026-06-25 20:21:35.225   Dest file exists.
2026-06-25 20:21:35.225   Time stamp of existing file: 2026-04-30 11:01:14.000
2026-06-25 20:21:35.225   Installing the file.
2026-06-25 20:21:35.226   Successfully installed the file.
2026-06-25 20:21:35.226   -- File entry --
2026-06-25 20:21:35.226   Dest filename: C:\Program Files\SamaHesab\ru\PresentationCore.resources.dll
2026-06-25 20:21:35.226   Time stamp of our file: 2026-04-30 13:28:26.000
2026-06-25 20:21:35.226   Dest file exists.
2026-06-25 20:21:35.226   Time stamp of existing file: 2026-04-30 13:28:26.000
2026-06-25 20:21:35.227   Installing the file.
2026-06-25 20:21:35.228   Successfully installed the file.
2026-06-25 20:21:35.228   -- File entry --
2026-06-25 20:21:35.228   Dest filename: C:\Program Files\SamaHesab\ru\PresentationFramework.resources.dll
2026-06-25 20:21:35.228   Time stamp of our file: 2026-04-30 13:28:50.000
2026-06-25 20:21:35.228   Dest file exists.
2026-06-25 20:21:35.228   Time stamp of existing file: 2026-04-30 13:28:50.000
2026-06-25 20:21:35.228   Installing the file.
2026-06-25 20:21:35.232   Successfully installed the file.
2026-06-25 20:21:35.232   -- File entry --
2026-06-25 20:21:35.232   Dest filename: C:\Program Files\SamaHesab\ru\PresentationUI.resources.dll
2026-06-25 20:21:35.232   Time stamp of our file: 2026-04-30 13:29:16.000
2026-06-25 20:21:35.232   Dest file exists.
2026-06-25 20:21:35.232   Time stamp of existing file: 2026-04-30 13:29:16.000
2026-06-25 20:21:35.232   Installing the file.
2026-06-25 20:21:35.234   Successfully installed the file.
2026-06-25 20:21:35.234   -- File entry --
2026-06-25 20:21:35.234   Dest filename: C:\Program Files\SamaHesab\ru\ReachFramework.resources.dll
2026-06-25 20:21:35.234   Time stamp of our file: 2026-04-30 13:28:38.000
2026-06-25 20:21:35.234   Dest file exists.
2026-06-25 20:21:35.234   Time stamp of existing file: 2026-04-30 13:28:38.000
2026-06-25 20:21:35.234   Installing the file.
2026-06-25 20:21:35.235   Successfully installed the file.
2026-06-25 20:21:35.235   -- File entry --
2026-06-25 20:21:35.235   Dest filename: C:\Program Files\SamaHesab\ru\System.Windows.Controls.Ribbon.resources.dll
2026-06-25 20:21:35.235   Time stamp of our file: 2026-04-30 13:29:38.000
2026-06-25 20:21:35.235   Dest file exists.
2026-06-25 20:21:35.236   Time stamp of existing file: 2026-04-30 13:29:38.000
2026-06-25 20:21:35.236   Installing the file.
2026-06-25 20:21:35.237   Successfully installed the file.
2026-06-25 20:21:35.237   -- File entry --
2026-06-25 20:21:35.237   Dest filename: C:\Program Files\SamaHesab\ru\System.Windows.Forms.Design.resources.dll
2026-06-25 20:21:35.237   Time stamp of our file: 2026-04-30 11:01:24.000
2026-06-25 20:21:35.237   Dest file exists.
2026-06-25 20:21:35.237   Time stamp of existing file: 2026-04-30 11:01:24.000
2026-06-25 20:21:35.237   Installing the file.
2026-06-25 20:21:35.240   Successfully installed the file.
2026-06-25 20:21:35.240   -- File entry --
2026-06-25 20:21:35.240   Dest filename: C:\Program Files\SamaHesab\ru\System.Windows.Forms.Primitives.resources.dll
2026-06-25 20:21:35.240   Time stamp of our file: 2026-04-30 11:00:38.000
2026-06-25 20:21:35.240   Dest file exists.
2026-06-25 20:21:35.240   Time stamp of existing file: 2026-04-30 11:00:38.000
2026-06-25 20:21:35.241   Installing the file.
2026-06-25 20:21:35.241   Successfully installed the file.
2026-06-25 20:21:35.241   -- File entry --
2026-06-25 20:21:35.241   Dest filename: C:\Program Files\SamaHesab\ru\System.Windows.Forms.resources.dll
2026-06-25 20:21:35.241   Time stamp of our file: 2026-04-30 11:01:10.000
2026-06-25 20:21:35.241   Dest file exists.
2026-06-25 20:21:35.241   Time stamp of existing file: 2026-04-30 11:01:10.000
2026-06-25 20:21:35.241   Installing the file.
2026-06-25 20:21:35.247   Successfully installed the file.
2026-06-25 20:21:35.247   -- File entry --
2026-06-25 20:21:35.247   Dest filename: C:\Program Files\SamaHesab\ru\System.Windows.Input.Manipulations.resources.dll
2026-06-25 20:21:35.247   Time stamp of our file: 2026-04-30 13:27:42.000
2026-06-25 20:21:35.247   Dest file exists.
2026-06-25 20:21:35.247   Time stamp of existing file: 2026-04-30 13:27:42.000
2026-06-25 20:21:35.247   Installing the file.
2026-06-25 20:21:35.248   Successfully installed the file.
2026-06-25 20:21:35.248   -- File entry --
2026-06-25 20:21:35.248   Dest filename: C:\Program Files\SamaHesab\ru\System.Xaml.resources.dll
2026-06-25 20:21:35.248   Time stamp of our file: 2026-04-30 13:27:46.000
2026-06-25 20:21:35.248   Dest file exists.
2026-06-25 20:21:35.248   Time stamp of existing file: 2026-04-30 13:27:46.000
2026-06-25 20:21:35.248   Installing the file.
2026-06-25 20:21:35.250   Successfully installed the file.
2026-06-25 20:21:35.250   -- File entry --
2026-06-25 20:21:35.250   Dest filename: C:\Program Files\SamaHesab\ru\UIAutomationClient.resources.dll
2026-06-25 20:21:35.250   Time stamp of our file: 2026-04-30 13:28:30.000
2026-06-25 20:21:35.250   Dest file exists.
2026-06-25 20:21:35.250   Time stamp of existing file: 2026-04-30 13:28:30.000
2026-06-25 20:21:35.250   Installing the file.
2026-06-25 20:21:35.251   Successfully installed the file.
2026-06-25 20:21:35.251   -- File entry --
2026-06-25 20:21:35.251   Dest filename: C:\Program Files\SamaHesab\ru\UIAutomationClientSideProviders.resources.dll
2026-06-25 20:21:35.251   Time stamp of our file: 2026-04-30 13:28:34.000
2026-06-25 20:21:35.251   Dest file exists.
2026-06-25 20:21:35.251   Time stamp of existing file: 2026-04-30 13:28:34.000
2026-06-25 20:21:35.251   Installing the file.
2026-06-25 20:21:35.252   Successfully installed the file.
2026-06-25 20:21:35.252   -- File entry --
2026-06-25 20:21:35.252   Dest filename: C:\Program Files\SamaHesab\ru\UIAutomationProvider.resources.dll
2026-06-25 20:21:35.252   Time stamp of our file: 2026-04-30 13:28:10.000
2026-06-25 20:21:35.252   Dest file exists.
2026-06-25 20:21:35.252   Time stamp of existing file: 2026-04-30 13:28:10.000
2026-06-25 20:21:35.252   Installing the file.
2026-06-25 20:21:35.253   Successfully installed the file.
2026-06-25 20:21:35.253   -- File entry --
2026-06-25 20:21:35.253   Dest filename: C:\Program Files\SamaHesab\ru\UIAutomationTypes.resources.dll
2026-06-25 20:21:35.253   Time stamp of our file: 2026-04-30 13:28:08.000
2026-06-25 20:21:35.253   Dest file exists.
2026-06-25 20:21:35.253   Time stamp of existing file: 2026-04-30 13:28:08.000
2026-06-25 20:21:35.253   Installing the file.
2026-06-25 20:21:35.254   Successfully installed the file.
2026-06-25 20:21:35.254   -- File entry --
2026-06-25 20:21:35.254   Dest filename: C:\Program Files\SamaHesab\ru\WindowsBase.resources.dll
2026-06-25 20:21:35.254   Time stamp of our file: 2026-04-30 13:28:04.000
2026-06-25 20:21:35.254   Dest file exists.
2026-06-25 20:21:35.254   Time stamp of existing file: 2026-04-30 13:28:04.000
2026-06-25 20:21:35.254   Installing the file.
2026-06-25 20:21:35.256   Successfully installed the file.
2026-06-25 20:21:35.256   -- File entry --
2026-06-25 20:21:35.256   Dest filename: C:\Program Files\SamaHesab\Templates\Accounting\01_AccountingVoucher.shtpl
2026-06-25 20:21:35.256   Time stamp of our file: 2026-06-20 12:30:38.000
2026-06-25 20:21:35.256   Dest file exists.
2026-06-25 20:21:35.256   Time stamp of existing file: 2026-06-20 12:30:38.000
2026-06-25 20:21:35.256   Installing the file.
2026-06-25 20:21:35.257   Successfully installed the file.
2026-06-25 20:21:35.257   -- File entry --
2026-06-25 20:21:35.257   Dest filename: C:\Program Files\SamaHesab\Templates\Accounting\02_JournalVoucher.shtpl
2026-06-25 20:21:35.257   Time stamp of our file: 2026-06-20 12:30:38.000
2026-06-25 20:21:35.257   Dest file exists.
2026-06-25 20:21:35.257   Time stamp of existing file: 2026-06-20 12:30:38.000
2026-06-25 20:21:35.257   Installing the file.
2026-06-25 20:21:35.258   Successfully installed the file.
2026-06-25 20:21:35.258   -- File entry --
2026-06-25 20:21:35.258   Dest filename: C:\Program Files\SamaHesab\Templates\Accounting\03_LedgerReport.shtpl
2026-06-25 20:21:35.259   Time stamp of our file: 2026-06-20 12:30:38.000
2026-06-25 20:21:35.259   Dest file exists.
2026-06-25 20:21:35.259   Time stamp of existing file: 2026-06-20 12:30:38.000
2026-06-25 20:21:35.259   Installing the file.
2026-06-25 20:21:35.259   Successfully installed the file.
2026-06-25 20:21:35.259   -- File entry --
2026-06-25 20:21:35.259   Dest filename: C:\Program Files\SamaHesab\Templates\Accounting\04_TrialBalance.shtpl
2026-06-25 20:21:35.259   Time stamp of our file: 2026-06-20 12:30:38.000
2026-06-25 20:21:35.259   Dest file exists.
2026-06-25 20:21:35.260   Time stamp of existing file: 2026-06-20 12:30:38.000
2026-06-25 20:21:35.260   Installing the file.
2026-06-25 20:21:35.260   Successfully installed the file.
2026-06-25 20:21:35.260   -- File entry --
2026-06-25 20:21:35.260   Dest filename: C:\Program Files\SamaHesab\Templates\Accounting\05_BalanceSheet.shtpl
2026-06-25 20:21:35.260   Time stamp of our file: 2026-06-20 12:30:38.000
2026-06-25 20:21:35.260   Dest file exists.
2026-06-25 20:21:35.260   Time stamp of existing file: 2026-06-20 12:30:38.000
2026-06-25 20:21:35.260   Installing the file.
2026-06-25 20:21:35.261   Successfully installed the file.
2026-06-25 20:21:35.261   -- File entry --
2026-06-25 20:21:35.261   Dest filename: C:\Program Files\SamaHesab\Templates\Accounting\06_ProfitLoss.shtpl
2026-06-25 20:21:35.261   Time stamp of our file: 2026-06-20 12:30:38.000
2026-06-25 20:21:35.261   Dest file exists.
2026-06-25 20:21:35.261   Time stamp of existing file: 2026-06-20 12:30:38.000
2026-06-25 20:21:35.261   Installing the file.
2026-06-25 20:21:35.262   Successfully installed the file.
2026-06-25 20:21:35.262   -- File entry --
2026-06-25 20:21:35.262   Dest filename: C:\Program Files\SamaHesab\Templates\Customers\01_CustomerStatement.shtpl
2026-06-25 20:21:35.262   Time stamp of our file: 2026-06-20 12:30:38.000
2026-06-25 20:21:35.262   Dest file exists.
2026-06-25 20:21:35.262   Time stamp of existing file: 2026-06-20 12:30:38.000
2026-06-25 20:21:35.262   Installing the file.
2026-06-25 20:21:35.262   Successfully installed the file.
2026-06-25 20:21:35.262   -- File entry --
2026-06-25 20:21:35.262   Dest filename: C:\Program Files\SamaHesab\Templates\Customers\02_CustomerBalance.shtpl
2026-06-25 20:21:35.263   Time stamp of our file: 2026-06-20 12:30:38.000
2026-06-25 20:21:35.263   Dest file exists.
2026-06-25 20:21:35.263   Time stamp of existing file: 2026-06-20 12:30:38.000
2026-06-25 20:21:35.263   Installing the file.
2026-06-25 20:21:35.263   Successfully installed the file.
2026-06-25 20:21:35.263   -- File entry --
2026-06-25 20:21:35.263   Dest filename: C:\Program Files\SamaHesab\Templates\Customers\03_CustomerAccountCard.shtpl
2026-06-25 20:21:35.263   Time stamp of our file: 2026-06-20 12:30:38.000
2026-06-25 20:21:35.263   Dest file exists.
2026-06-25 20:21:35.263   Time stamp of existing file: 2026-06-20 12:30:38.000
2026-06-25 20:21:35.263   Installing the file.
2026-06-25 20:21:35.264   Successfully installed the file.
2026-06-25 20:21:35.264   -- File entry --
2026-06-25 20:21:35.264   Dest filename: C:\Program Files\SamaHesab\Templates\Inventory\01_WarehouseReceipt.shtpl
2026-06-25 20:21:35.264   Time stamp of our file: 2026-06-20 12:30:38.000
2026-06-25 20:21:35.264   Dest file exists.
2026-06-25 20:21:35.264   Time stamp of existing file: 2026-06-20 12:30:38.000
2026-06-25 20:21:35.264   Installing the file.
2026-06-25 20:21:35.265   Successfully installed the file.
2026-06-25 20:21:35.265   -- File entry --
2026-06-25 20:21:35.265   Dest filename: C:\Program Files\SamaHesab\Templates\Inventory\02_WarehouseIssue.shtpl
2026-06-25 20:21:35.265   Time stamp of our file: 2026-06-20 12:30:38.000
2026-06-25 20:21:35.265   Dest file exists.
2026-06-25 20:21:35.265   Time stamp of existing file: 2026-06-20 12:30:38.000
2026-06-25 20:21:35.266   Installing the file.
2026-06-25 20:21:35.266   Successfully installed the file.
2026-06-25 20:21:35.266   -- File entry --
2026-06-25 20:21:35.266   Dest filename: C:\Program Files\SamaHesab\Templates\Inventory\03_InventoryTransfer.shtpl
2026-06-25 20:21:35.266   Time stamp of our file: 2026-06-20 12:30:38.000
2026-06-25 20:21:35.266   Dest file exists.
2026-06-25 20:21:35.266   Time stamp of existing file: 2026-06-20 12:30:38.000
2026-06-25 20:21:35.266   Installing the file.
2026-06-25 20:21:35.267   Successfully installed the file.
2026-06-25 20:21:35.267   -- File entry --
2026-06-25 20:21:35.267   Dest filename: C:\Program Files\SamaHesab\Templates\Inventory\04_InventoryCount.shtpl
2026-06-25 20:21:35.267   Time stamp of our file: 2026-06-20 12:30:38.000
2026-06-25 20:21:35.267   Dest file exists.
2026-06-25 20:21:35.267   Time stamp of existing file: 2026-06-20 12:30:38.000
2026-06-25 20:21:35.267   Installing the file.
2026-06-25 20:21:35.268   Successfully installed the file.
2026-06-25 20:21:35.268   -- File entry --
2026-06-25 20:21:35.268   Dest filename: C:\Program Files\SamaHesab\Templates\Inventory\05_InventoryAdjustment.shtpl
2026-06-25 20:21:35.268   Time stamp of our file: 2026-06-20 12:30:38.000
2026-06-25 20:21:35.268   Dest file exists.
2026-06-25 20:21:35.268   Time stamp of existing file: 2026-06-20 12:30:38.000
2026-06-25 20:21:35.268   Installing the file.
2026-06-25 20:21:35.269   Successfully installed the file.
2026-06-25 20:21:35.269   -- File entry --
2026-06-25 20:21:35.269   Dest filename: C:\Program Files\SamaHesab\Templates\Inventory\06_ProductCardex.shtpl
2026-06-25 20:21:35.269   Time stamp of our file: 2026-06-20 12:30:38.000
2026-06-25 20:21:35.269   Dest file exists.
2026-06-25 20:21:35.269   Time stamp of existing file: 2026-06-20 12:30:38.000
2026-06-25 20:21:35.270   Installing the file.
2026-06-25 20:21:35.270   Successfully installed the file.
2026-06-25 20:21:35.270   -- File entry --
2026-06-25 20:21:35.270   Dest filename: C:\Program Files\SamaHesab\Templates\POS\01_Receipt58mm.shtpl
2026-06-25 20:21:35.271   Time stamp of our file: 2026-06-20 12:30:38.000
2026-06-25 20:21:35.271   Dest file exists.
2026-06-25 20:21:35.271   Time stamp of existing file: 2026-06-20 12:30:38.000
2026-06-25 20:21:35.271   Installing the file.
2026-06-25 20:21:35.271   Successfully installed the file.
2026-06-25 20:21:35.271   -- File entry --
2026-06-25 20:21:35.271   Dest filename: C:\Program Files\SamaHesab\Templates\POS\02_Receipt80mm.shtpl
2026-06-25 20:21:35.272   Time stamp of our file: 2026-06-20 12:30:38.000
2026-06-25 20:21:35.272   Dest file exists.
2026-06-25 20:21:35.272   Time stamp of existing file: 2026-06-20 12:30:38.000
2026-06-25 20:21:35.272   Installing the file.
2026-06-25 20:21:35.272   Successfully installed the file.
2026-06-25 20:21:35.272   -- File entry --
2026-06-25 20:21:35.272   Dest filename: C:\Program Files\SamaHesab\Templates\POS\03_DetailedReceipt.shtpl
2026-06-25 20:21:35.272   Time stamp of our file: 2026-06-20 12:30:38.000
2026-06-25 20:21:35.272   Dest file exists.
2026-06-25 20:21:35.272   Time stamp of existing file: 2026-06-20 12:30:38.000
2026-06-25 20:21:35.272   Installing the file.
2026-06-25 20:21:35.273   Successfully installed the file.
2026-06-25 20:21:35.273   -- File entry --
2026-06-25 20:21:35.273   Dest filename: C:\Program Files\SamaHesab\Templates\Purchase\01_PurchaseInvoice.shtpl
2026-06-25 20:21:35.273   Time stamp of our file: 2026-06-20 12:30:38.000
2026-06-25 20:21:35.273   Dest file exists.
2026-06-25 20:21:35.273   Time stamp of existing file: 2026-06-20 12:30:38.000
2026-06-25 20:21:35.273   Installing the file.
2026-06-25 20:21:35.274   Successfully installed the file.
2026-06-25 20:21:35.274   -- File entry --
2026-06-25 20:21:35.274   Dest filename: C:\Program Files\SamaHesab\Templates\Purchase\02_PurchaseReturn.shtpl
2026-06-25 20:21:35.274   Time stamp of our file: 2026-06-20 12:30:38.000
2026-06-25 20:21:35.274   Dest file exists.
2026-06-25 20:21:35.274   Time stamp of existing file: 2026-06-20 12:30:38.000
2026-06-25 20:21:35.275   Installing the file.
2026-06-25 20:21:35.275   Successfully installed the file.
2026-06-25 20:21:35.275   -- File entry --
2026-06-25 20:21:35.275   Dest filename: C:\Program Files\SamaHesab\Templates\Purchase\03_SupplierSettlement.shtpl
2026-06-25 20:21:35.275   Time stamp of our file: 2026-06-20 12:30:38.000
2026-06-25 20:21:35.275   Dest file exists.
2026-06-25 20:21:35.276   Time stamp of existing file: 2026-06-20 12:30:38.000
2026-06-25 20:21:35.276   Installing the file.
2026-06-25 20:21:35.276   Successfully installed the file.
2026-06-25 20:21:35.276   -- File entry --
2026-06-25 20:21:35.276   Dest filename: C:\Program Files\SamaHesab\Templates\Restaurant\01_KitchenOrderTicket.shtpl
2026-06-25 20:21:35.276   Time stamp of our file: 2026-06-20 12:30:38.000
2026-06-25 20:21:35.276   Dest file exists.
2026-06-25 20:21:35.277   Time stamp of existing file: 2026-06-20 12:30:38.000
2026-06-25 20:21:35.277   Installing the file.
2026-06-25 20:21:35.277   Successfully installed the file.
2026-06-25 20:21:35.277   -- File entry --
2026-06-25 20:21:35.277   Dest filename: C:\Program Files\SamaHesab\Templates\Restaurant\02_RestaurantReceipt.shtpl
2026-06-25 20:21:35.277   Time stamp of our file: 2026-06-20 12:30:38.000
2026-06-25 20:21:35.277   Dest file exists.
2026-06-25 20:21:35.277   Time stamp of existing file: 2026-06-20 12:30:38.000
2026-06-25 20:21:35.277   Installing the file.
2026-06-25 20:21:35.278   Successfully installed the file.
2026-06-25 20:21:35.278   -- File entry --
2026-06-25 20:21:35.278   Dest filename: C:\Program Files\SamaHesab\Templates\Restaurant\03_DeliveryReceipt.shtpl
2026-06-25 20:21:35.278   Time stamp of our file: 2026-06-20 12:30:38.000
2026-06-25 20:21:35.278   Dest file exists.
2026-06-25 20:21:35.278   Time stamp of existing file: 2026-06-20 12:30:38.000
2026-06-25 20:21:35.278   Installing the file.
2026-06-25 20:21:35.279   Successfully installed the file.
2026-06-25 20:21:35.279   -- File entry --
2026-06-25 20:21:35.279   Dest filename: C:\Program Files\SamaHesab\Templates\Restaurant\04_TableSettlement.shtpl
2026-06-25 20:21:35.279   Time stamp of our file: 2026-06-20 12:30:38.000
2026-06-25 20:21:35.279   Dest file exists.
2026-06-25 20:21:35.279   Time stamp of existing file: 2026-06-20 12:30:38.000
2026-06-25 20:21:35.279   Installing the file.
2026-06-25 20:21:35.280   Successfully installed the file.
2026-06-25 20:21:35.280   -- File entry --
2026-06-25 20:21:35.280   Dest filename: C:\Program Files\SamaHesab\Templates\Sales\01_OfficialInvoice.shtpl
2026-06-25 20:21:35.280   Time stamp of our file: 2026-06-20 12:30:38.000
2026-06-25 20:21:35.280   Dest file exists.
2026-06-25 20:21:35.280   Time stamp of existing file: 2026-06-20 12:30:38.000
2026-06-25 20:21:35.280   Installing the file.
2026-06-25 20:21:35.281   Successfully installed the file.
2026-06-25 20:21:35.281   -- File entry --
2026-06-25 20:21:35.281   Dest filename: C:\Program Files\SamaHesab\Templates\Sales\02_RetailInvoice.shtpl
2026-06-25 20:21:35.281   Time stamp of our file: 2026-06-20 12:30:38.000
2026-06-25 20:21:35.281   Dest file exists.
2026-06-25 20:21:35.281   Time stamp of existing file: 2026-06-20 12:30:38.000
2026-06-25 20:21:35.281   Installing the file.
2026-06-25 20:21:35.282   Successfully installed the file.
2026-06-25 20:21:35.282   -- File entry --
2026-06-25 20:21:35.282   Dest filename: C:\Program Files\SamaHesab\Templates\Sales\03_WholesaleInvoice.shtpl
2026-06-25 20:21:35.282   Time stamp of our file: 2026-06-20 12:30:38.000
2026-06-25 20:21:35.282   Dest file exists.
2026-06-25 20:21:35.282   Time stamp of existing file: 2026-06-20 12:30:38.000
2026-06-25 20:21:35.282   Installing the file.
2026-06-25 20:21:35.283   Successfully installed the file.
2026-06-25 20:21:35.283   -- File entry --
2026-06-25 20:21:35.283   Dest filename: C:\Program Files\SamaHesab\Templates\Sales\04_ServiceInvoice.shtpl
2026-06-25 20:21:35.283   Time stamp of our file: 2026-06-20 12:30:38.000
2026-06-25 20:21:35.283   Dest file exists.
2026-06-25 20:21:35.283   Time stamp of existing file: 2026-06-20 12:30:38.000
2026-06-25 20:21:35.283   Installing the file.
2026-06-25 20:21:35.284   Successfully installed the file.
2026-06-25 20:21:35.284   -- File entry --
2026-06-25 20:21:35.284   Dest filename: C:\Program Files\SamaHesab\Templates\Sales\05_ProformaInvoice.shtpl
2026-06-25 20:21:35.284   Time stamp of our file: 2026-06-20 12:30:38.000
2026-06-25 20:21:35.284   Dest file exists.
2026-06-25 20:21:35.284   Time stamp of existing file: 2026-06-20 12:30:38.000
2026-06-25 20:21:35.284   Installing the file.
2026-06-25 20:21:35.284   Successfully installed the file.
2026-06-25 20:21:35.284   -- File entry --
2026-06-25 20:21:35.284   Dest filename: C:\Program Files\SamaHesab\Templates\Sales\06_ExportInvoice.shtpl
2026-06-25 20:21:35.286   Time stamp of our file: 2026-06-20 12:30:38.000
2026-06-25 20:21:35.286   Dest file exists.
2026-06-25 20:21:35.286   Time stamp of existing file: 2026-06-20 12:30:38.000
2026-06-25 20:21:35.286   Installing the file.
2026-06-25 20:21:35.286   Successfully installed the file.
2026-06-25 20:21:35.286   -- File entry --
2026-06-25 20:21:35.286   Dest filename: C:\Program Files\SamaHesab\Templates\Sales\07_MultiBranchInvoice.shtpl
2026-06-25 20:21:35.286   Time stamp of our file: 2026-06-20 12:30:38.000
2026-06-25 20:21:35.286   Dest file exists.
2026-06-25 20:21:35.286   Time stamp of existing file: 2026-06-20 12:30:38.000
2026-06-25 20:21:35.286   Installing the file.
2026-06-25 20:21:35.287   Successfully installed the file.
2026-06-25 20:21:35.287   -- File entry --
2026-06-25 20:21:35.287   Dest filename: C:\Program Files\SamaHesab\Templates\Tourism\01_HotelVoucher.shtpl
2026-06-25 20:21:35.287   Time stamp of our file: 2026-06-20 12:30:38.000
2026-06-25 20:21:35.287   Dest file exists.
2026-06-25 20:21:35.287   Time stamp of existing file: 2026-06-20 12:30:38.000
2026-06-25 20:21:35.287   Installing the file.
2026-06-25 20:21:35.287   Successfully installed the file.
2026-06-25 20:21:35.287   -- File entry --
2026-06-25 20:21:35.287   Dest filename: C:\Program Files\SamaHesab\Templates\Tourism\02_ReservationConfirmation.shtpl
2026-06-25 20:21:35.289   Time stamp of our file: 2026-06-20 12:30:38.000
2026-06-25 20:21:35.289   Dest file exists.
2026-06-25 20:21:35.289   Time stamp of existing file: 2026-06-20 12:30:38.000
2026-06-25 20:21:35.289   Installing the file.
2026-06-25 20:21:35.289   Successfully installed the file.
2026-06-25 20:21:35.289   -- File entry --
2026-06-25 20:21:35.289   Dest filename: C:\Program Files\SamaHesab\Templates\Tourism\03_TravelContract.shtpl
2026-06-25 20:21:35.290   Time stamp of our file: 2026-06-20 12:30:38.000
2026-06-25 20:21:35.290   Dest file exists.
2026-06-25 20:21:35.290   Time stamp of existing file: 2026-06-20 12:30:38.000
2026-06-25 20:21:35.290   Installing the file.
2026-06-25 20:21:35.290   Successfully installed the file.
2026-06-25 20:21:35.290   -- File entry --
2026-06-25 20:21:35.290   Dest filename: C:\Program Files\SamaHesab\Templates\Tourism\04_PassengerList.shtpl
2026-06-25 20:21:35.290   Time stamp of our file: 2026-06-20 12:30:38.000
2026-06-25 20:21:35.290   Dest file exists.
2026-06-25 20:21:35.290   Time stamp of existing file: 2026-06-20 12:30:38.000
2026-06-25 20:21:35.290   Installing the file.
2026-06-25 20:21:35.291   Successfully installed the file.
2026-06-25 20:21:35.291   -- File entry --
2026-06-25 20:21:35.291   Dest filename: C:\Program Files\SamaHesab\Templates\Treasury\01_ReceiptVoucher.shtpl
2026-06-25 20:21:35.291   Time stamp of our file: 2026-06-20 12:30:38.000
2026-06-25 20:21:35.291   Dest file exists.
2026-06-25 20:21:35.291   Time stamp of existing file: 2026-06-20 12:30:38.000
2026-06-25 20:21:35.291   Installing the file.
2026-06-25 20:21:35.292   Successfully installed the file.
2026-06-25 20:21:35.292   -- File entry --
2026-06-25 20:21:35.292   Dest filename: C:\Program Files\SamaHesab\Templates\Treasury\02_PaymentVoucher.shtpl
2026-06-25 20:21:35.292   Time stamp of our file: 2026-06-20 12:30:38.000
2026-06-25 20:21:35.292   Dest file exists.
2026-06-25 20:21:35.292   Time stamp of existing file: 2026-06-20 12:30:38.000
2026-06-25 20:21:35.292   Installing the file.
2026-06-25 20:21:35.293   Successfully installed the file.
2026-06-25 20:21:35.293   -- File entry --
2026-06-25 20:21:35.293   Dest filename: C:\Program Files\SamaHesab\Templates\Treasury\03_CashReceipt.shtpl
2026-06-25 20:21:35.293   Time stamp of our file: 2026-06-20 12:30:38.000
2026-06-25 20:21:35.293   Dest file exists.
2026-06-25 20:21:35.293   Time stamp of existing file: 2026-06-20 12:30:38.000
2026-06-25 20:21:35.293   Installing the file.
2026-06-25 20:21:35.294   Successfully installed the file.
2026-06-25 20:21:35.294   -- File entry --
2026-06-25 20:21:35.294   Dest filename: C:\Program Files\SamaHesab\Templates\Treasury\04_CashPayment.shtpl
2026-06-25 20:21:35.294   Time stamp of our file: 2026-06-20 12:30:38.000
2026-06-25 20:21:35.294   Dest file exists.
2026-06-25 20:21:35.294   Time stamp of existing file: 2026-06-20 12:30:38.000
2026-06-25 20:21:35.294   Installing the file.
2026-06-25 20:21:35.294   Successfully installed the file.
2026-06-25 20:21:35.294   -- File entry --
2026-06-25 20:21:35.294   Dest filename: C:\Program Files\SamaHesab\Templates\Treasury\05_ChequeReceipt.shtpl
2026-06-25 20:21:35.294   Time stamp of our file: 2026-06-20 12:30:38.000
2026-06-25 20:21:35.294   Dest file exists.
2026-06-25 20:21:35.294   Time stamp of existing file: 2026-06-20 12:30:38.000
2026-06-25 20:21:35.294   Installing the file.
2026-06-25 20:21:35.295   Successfully installed the file.
2026-06-25 20:21:35.295   -- File entry --
2026-06-25 20:21:35.295   Dest filename: C:\Program Files\SamaHesab\Templates\Treasury\06_ChequePayment.shtpl
2026-06-25 20:21:35.295   Time stamp of our file: 2026-06-20 12:30:38.000
2026-06-25 20:21:35.295   Dest file exists.
2026-06-25 20:21:35.295   Time stamp of existing file: 2026-06-20 12:30:38.000
2026-06-25 20:21:35.295   Installing the file.
2026-06-25 20:21:35.295   Successfully installed the file.
2026-06-25 20:21:35.295   -- File entry --
2026-06-25 20:21:35.295   Dest filename: C:\Program Files\SamaHesab\tr\Microsoft.VisualBasic.Forms.resources.dll
2026-06-25 20:21:35.296   Time stamp of our file: 2026-04-30 11:01:14.000
2026-06-25 20:21:35.296   Dest file exists.
2026-06-25 20:21:35.296   Time stamp of existing file: 2026-04-30 11:01:14.000
2026-06-25 20:21:35.296   Installing the file.
2026-06-25 20:21:35.297   Successfully installed the file.
2026-06-25 20:21:35.297   -- File entry --
2026-06-25 20:21:35.297   Dest filename: C:\Program Files\SamaHesab\tr\PresentationCore.resources.dll
2026-06-25 20:21:35.297   Time stamp of our file: 2026-04-30 13:28:26.000
2026-06-25 20:21:35.297   Dest file exists.
2026-06-25 20:21:35.297   Time stamp of existing file: 2026-04-30 13:28:26.000
2026-06-25 20:21:35.297   Installing the file.
2026-06-25 20:21:35.299   Successfully installed the file.
2026-06-25 20:21:35.299   -- File entry --
2026-06-25 20:21:35.299   Dest filename: C:\Program Files\SamaHesab\tr\PresentationFramework.resources.dll
2026-06-25 20:21:35.299   Time stamp of our file: 2026-04-30 13:28:50.000
2026-06-25 20:21:35.299   Dest file exists.
2026-06-25 20:21:35.299   Time stamp of existing file: 2026-04-30 13:28:50.000
2026-06-25 20:21:35.299   Installing the file.
2026-06-25 20:21:35.302   Successfully installed the file.
2026-06-25 20:21:35.302   -- File entry --
2026-06-25 20:21:35.302   Dest filename: C:\Program Files\SamaHesab\tr\PresentationUI.resources.dll
2026-06-25 20:21:35.302   Time stamp of our file: 2026-04-30 13:29:16.000
2026-06-25 20:21:35.302   Dest file exists.
2026-06-25 20:21:35.302   Time stamp of existing file: 2026-04-30 13:29:16.000
2026-06-25 20:21:35.302   Installing the file.
2026-06-25 20:21:35.303   Successfully installed the file.
2026-06-25 20:21:35.303   -- File entry --
2026-06-25 20:21:35.303   Dest filename: C:\Program Files\SamaHesab\tr\ReachFramework.resources.dll
2026-06-25 20:21:35.304   Time stamp of our file: 2026-04-30 13:28:38.000
2026-06-25 20:21:35.304   Dest file exists.
2026-06-25 20:21:35.304   Time stamp of existing file: 2026-04-30 13:28:38.000
2026-06-25 20:21:35.304   Installing the file.
2026-06-25 20:21:35.305   Successfully installed the file.
2026-06-25 20:21:35.305   -- File entry --
2026-06-25 20:21:35.305   Dest filename: C:\Program Files\SamaHesab\tr\System.Windows.Controls.Ribbon.resources.dll
2026-06-25 20:21:35.305   Time stamp of our file: 2026-04-30 13:29:38.000
2026-06-25 20:21:35.305   Dest file exists.
2026-06-25 20:21:35.305   Time stamp of existing file: 2026-04-30 13:29:38.000
2026-06-25 20:21:35.305   Installing the file.
2026-06-25 20:21:35.306   Successfully installed the file.
2026-06-25 20:21:35.306   -- File entry --
2026-06-25 20:21:35.306   Dest filename: C:\Program Files\SamaHesab\tr\System.Windows.Forms.Design.resources.dll
2026-06-25 20:21:35.306   Time stamp of our file: 2026-04-30 11:01:24.000
2026-06-25 20:21:35.306   Dest file exists.
2026-06-25 20:21:35.306   Time stamp of existing file: 2026-04-30 11:01:24.000
2026-06-25 20:21:35.306   Installing the file.
2026-06-25 20:21:35.309   Successfully installed the file.
2026-06-25 20:21:35.309   -- File entry --
2026-06-25 20:21:35.309   Dest filename: C:\Program Files\SamaHesab\tr\System.Windows.Forms.Primitives.resources.dll
2026-06-25 20:21:35.309   Time stamp of our file: 2026-04-30 11:00:38.000
2026-06-25 20:21:35.309   Dest file exists.
2026-06-25 20:21:35.309   Time stamp of existing file: 2026-04-30 11:00:38.000
2026-06-25 20:21:35.309   Installing the file.
2026-06-25 20:21:35.310   Successfully installed the file.
2026-06-25 20:21:35.310   -- File entry --
2026-06-25 20:21:35.310   Dest filename: C:\Program Files\SamaHesab\tr\System.Windows.Forms.resources.dll
2026-06-25 20:21:35.310   Time stamp of our file: 2026-04-30 11:01:10.000
2026-06-25 20:21:35.310   Dest file exists.
2026-06-25 20:21:35.310   Time stamp of existing file: 2026-04-30 11:01:10.000
2026-06-25 20:21:35.310   Installing the file.
2026-06-25 20:21:35.316   Successfully installed the file.
2026-06-25 20:21:35.316   -- File entry --
2026-06-25 20:21:35.316   Dest filename: C:\Program Files\SamaHesab\tr\System.Windows.Input.Manipulations.resources.dll
2026-06-25 20:21:35.316   Time stamp of our file: 2026-04-30 13:27:42.000
2026-06-25 20:21:35.316   Dest file exists.
2026-06-25 20:21:35.316   Time stamp of existing file: 2026-04-30 13:27:42.000
2026-06-25 20:21:35.316   Installing the file.
2026-06-25 20:21:35.317   Successfully installed the file.
2026-06-25 20:21:35.317   -- File entry --
2026-06-25 20:21:35.317   Dest filename: C:\Program Files\SamaHesab\tr\System.Xaml.resources.dll
2026-06-25 20:21:35.317   Time stamp of our file: 2026-04-30 13:27:46.000
2026-06-25 20:21:35.317   Dest file exists.
2026-06-25 20:21:35.317   Time stamp of existing file: 2026-04-30 13:27:46.000
2026-06-25 20:21:35.317   Installing the file.
2026-06-25 20:21:35.319   Successfully installed the file.
2026-06-25 20:21:35.319   -- File entry --
2026-06-25 20:21:35.319   Dest filename: C:\Program Files\SamaHesab\tr\UIAutomationClient.resources.dll
2026-06-25 20:21:35.319   Time stamp of our file: 2026-04-30 13:28:30.000
2026-06-25 20:21:35.319   Dest file exists.
2026-06-25 20:21:35.319   Time stamp of existing file: 2026-04-30 13:28:30.000
2026-06-25 20:21:35.319   Installing the file.
2026-06-25 20:21:35.320   Successfully installed the file.
2026-06-25 20:21:35.320   -- File entry --
2026-06-25 20:21:35.320   Dest filename: C:\Program Files\SamaHesab\tr\UIAutomationClientSideProviders.resources.dll
2026-06-25 20:21:35.320   Time stamp of our file: 2026-04-30 13:28:34.000
2026-06-25 20:21:35.320   Dest file exists.
2026-06-25 20:21:35.320   Time stamp of existing file: 2026-04-30 13:28:34.000
2026-06-25 20:21:35.320   Installing the file.
2026-06-25 20:21:35.321   Successfully installed the file.
2026-06-25 20:21:35.321   -- File entry --
2026-06-25 20:21:35.321   Dest filename: C:\Program Files\SamaHesab\tr\UIAutomationProvider.resources.dll
2026-06-25 20:21:35.321   Time stamp of our file: 2026-04-30 13:28:10.000
2026-06-25 20:21:35.321   Dest file exists.
2026-06-25 20:21:35.321   Time stamp of existing file: 2026-04-30 13:28:10.000
2026-06-25 20:21:35.321   Installing the file.
2026-06-25 20:21:35.322   Successfully installed the file.
2026-06-25 20:21:35.322   -- File entry --
2026-06-25 20:21:35.322   Dest filename: C:\Program Files\SamaHesab\tr\UIAutomationTypes.resources.dll
2026-06-25 20:21:35.322   Time stamp of our file: 2026-04-30 13:28:08.000
2026-06-25 20:21:35.322   Dest file exists.
2026-06-25 20:21:35.322   Time stamp of existing file: 2026-04-30 13:28:08.000
2026-06-25 20:21:35.322   Installing the file.
2026-06-25 20:21:35.323   Successfully installed the file.
2026-06-25 20:21:35.323   -- File entry --
2026-06-25 20:21:35.323   Dest filename: C:\Program Files\SamaHesab\tr\WindowsBase.resources.dll
2026-06-25 20:21:35.323   Time stamp of our file: 2026-04-30 13:28:04.000
2026-06-25 20:21:35.323   Dest file exists.
2026-06-25 20:21:35.323   Time stamp of existing file: 2026-04-30 13:28:04.000
2026-06-25 20:21:35.323   Installing the file.
2026-06-25 20:21:35.325   Successfully installed the file.
2026-06-25 20:21:35.325   -- File entry --
2026-06-25 20:21:35.325   Dest filename: C:\Program Files\SamaHesab\zh-Hans\Microsoft.Data.SqlClient.resources.dll
2026-06-25 20:21:35.325   Time stamp of our file: 2024-08-27 22:16:52.000
2026-06-25 20:21:35.325   Dest file exists.
2026-06-25 20:21:35.325   Time stamp of existing file: 2024-08-27 22:16:52.000
2026-06-25 20:21:35.325   Installing the file.
2026-06-25 20:21:35.328   Successfully installed the file.
2026-06-25 20:21:35.328   -- File entry --
2026-06-25 20:21:35.328   Dest filename: C:\Program Files\SamaHesab\zh-Hans\Microsoft.VisualBasic.Forms.resources.dll
2026-06-25 20:21:35.329   Time stamp of our file: 2026-04-30 11:01:14.000
2026-06-25 20:21:35.329   Dest file exists.
2026-06-25 20:21:35.329   Time stamp of existing file: 2026-04-30 11:01:14.000
2026-06-25 20:21:35.329   Installing the file.
2026-06-25 20:21:35.329   Successfully installed the file.
2026-06-25 20:21:35.329   -- File entry --
2026-06-25 20:21:35.329   Dest filename: C:\Program Files\SamaHesab\zh-Hans\PresentationCore.resources.dll
2026-06-25 20:21:35.330   Time stamp of our file: 2026-04-30 13:28:26.000
2026-06-25 20:21:35.330   Dest file exists.
2026-06-25 20:21:35.330   Time stamp of existing file: 2026-04-30 13:28:26.000
2026-06-25 20:21:35.330   Installing the file.
2026-06-25 20:21:35.331   Successfully installed the file.
2026-06-25 20:21:35.331   -- File entry --
2026-06-25 20:21:35.331   Dest filename: C:\Program Files\SamaHesab\zh-Hans\PresentationFramework.resources.dll
2026-06-25 20:21:35.332   Time stamp of our file: 2026-04-30 13:28:50.000
2026-06-25 20:21:35.332   Dest file exists.
2026-06-25 20:21:35.332   Time stamp of existing file: 2026-04-30 13:28:50.000
2026-06-25 20:21:35.332   Installing the file.
2026-06-25 20:21:35.334   Successfully installed the file.
2026-06-25 20:21:35.334   -- File entry --
2026-06-25 20:21:35.334   Dest filename: C:\Program Files\SamaHesab\zh-Hans\PresentationUI.resources.dll
2026-06-25 20:21:35.335   Time stamp of our file: 2026-04-30 13:29:16.000
2026-06-25 20:21:35.335   Dest file exists.
2026-06-25 20:21:35.335   Time stamp of existing file: 2026-04-30 13:29:16.000
2026-06-25 20:21:35.335   Installing the file.
2026-06-25 20:21:35.336   Successfully installed the file.
2026-06-25 20:21:35.336   -- File entry --
2026-06-25 20:21:35.336   Dest filename: C:\Program Files\SamaHesab\zh-Hans\ReachFramework.resources.dll
2026-06-25 20:21:35.336   Time stamp of our file: 2026-04-30 13:28:38.000
2026-06-25 20:21:35.336   Dest file exists.
2026-06-25 20:21:35.336   Time stamp of existing file: 2026-04-30 13:28:38.000
2026-06-25 20:21:35.336   Installing the file.
2026-06-25 20:21:35.337   Successfully installed the file.
2026-06-25 20:21:35.337   -- File entry --
2026-06-25 20:21:35.337   Dest filename: C:\Program Files\SamaHesab\zh-Hans\System.Windows.Controls.Ribbon.resources.dll
2026-06-25 20:21:35.337   Time stamp of our file: 2026-04-30 13:29:38.000
2026-06-25 20:21:35.337   Dest file exists.
2026-06-25 20:21:35.337   Time stamp of existing file: 2026-04-30 13:29:38.000
2026-06-25 20:21:35.337   Installing the file.
2026-06-25 20:21:35.338   Successfully installed the file.
2026-06-25 20:21:35.338   -- File entry --
2026-06-25 20:21:35.338   Dest filename: C:\Program Files\SamaHesab\zh-Hans\System.Windows.Forms.Design.resources.dll
2026-06-25 20:21:35.338   Time stamp of our file: 2026-04-30 11:01:24.000
2026-06-25 20:21:35.338   Dest file exists.
2026-06-25 20:21:35.338   Time stamp of existing file: 2026-04-30 11:01:24.000
2026-06-25 20:21:35.338   Installing the file.
2026-06-25 20:21:35.341   Successfully installed the file.
2026-06-25 20:21:35.341   -- File entry --
2026-06-25 20:21:35.341   Dest filename: C:\Program Files\SamaHesab\zh-Hans\System.Windows.Forms.Primitives.resources.dll
2026-06-25 20:21:35.341   Time stamp of our file: 2026-04-30 11:00:38.000
2026-06-25 20:21:35.341   Dest file exists.
2026-06-25 20:21:35.341   Time stamp of existing file: 2026-04-30 11:00:38.000
2026-06-25 20:21:35.341   Installing the file.
2026-06-25 20:21:35.342   Successfully installed the file.
2026-06-25 20:21:35.342   -- File entry --
2026-06-25 20:21:35.342   Dest filename: C:\Program Files\SamaHesab\zh-Hans\System.Windows.Forms.resources.dll
2026-06-25 20:21:35.342   Time stamp of our file: 2026-04-30 11:01:10.000
2026-06-25 20:21:35.342   Dest file exists.
2026-06-25 20:21:35.342   Time stamp of existing file: 2026-04-30 11:01:10.000
2026-06-25 20:21:35.342   Installing the file.
2026-06-25 20:21:35.347   Successfully installed the file.
2026-06-25 20:21:35.347   -- File entry --
2026-06-25 20:21:35.347   Dest filename: C:\Program Files\SamaHesab\zh-Hans\System.Windows.Input.Manipulations.resources.dll
2026-06-25 20:21:35.348   Time stamp of our file: 2026-04-30 13:27:44.000
2026-06-25 20:21:35.348   Dest file exists.
2026-06-25 20:21:35.348   Time stamp of existing file: 2026-04-30 13:27:44.000
2026-06-25 20:21:35.348   Installing the file.
2026-06-25 20:21:35.348   Successfully installed the file.
2026-06-25 20:21:35.348   -- File entry --
2026-06-25 20:21:35.348   Dest filename: C:\Program Files\SamaHesab\zh-Hans\System.Xaml.resources.dll
2026-06-25 20:21:35.349   Time stamp of our file: 2026-04-30 13:27:48.000
2026-06-25 20:21:35.349   Dest file exists.
2026-06-25 20:21:35.349   Time stamp of existing file: 2026-04-30 13:27:48.000
2026-06-25 20:21:35.349   Installing the file.
2026-06-25 20:21:35.350   Successfully installed the file.
2026-06-25 20:21:35.350   -- File entry --
2026-06-25 20:21:35.350   Dest filename: C:\Program Files\SamaHesab\zh-Hans\UIAutomationClient.resources.dll
2026-06-25 20:21:35.350   Time stamp of our file: 2026-04-30 13:28:30.000
2026-06-25 20:21:35.350   Dest file exists.
2026-06-25 20:21:35.350   Time stamp of existing file: 2026-04-30 13:28:30.000
2026-06-25 20:21:35.350   Installing the file.
2026-06-25 20:21:35.351   Successfully installed the file.
2026-06-25 20:21:35.351   -- File entry --
2026-06-25 20:21:35.351   Dest filename: C:\Program Files\SamaHesab\zh-Hans\UIAutomationClientSideProviders.resources.dll
2026-06-25 20:21:35.351   Time stamp of our file: 2026-04-30 13:28:34.000
2026-06-25 20:21:35.351   Dest file exists.
2026-06-25 20:21:35.351   Time stamp of existing file: 2026-04-30 13:28:34.000
2026-06-25 20:21:35.351   Installing the file.
2026-06-25 20:21:35.352   Successfully installed the file.
2026-06-25 20:21:35.352   -- File entry --
2026-06-25 20:21:35.352   Dest filename: C:\Program Files\SamaHesab\zh-Hans\UIAutomationProvider.resources.dll
2026-06-25 20:21:35.352   Time stamp of our file: 2026-04-30 13:28:10.000
2026-06-25 20:21:35.352   Dest file exists.
2026-06-25 20:21:35.352   Time stamp of existing file: 2026-04-30 13:28:10.000
2026-06-25 20:21:35.352   Installing the file.
2026-06-25 20:21:35.353   Successfully installed the file.
2026-06-25 20:21:35.353   -- File entry --
2026-06-25 20:21:35.353   Dest filename: C:\Program Files\SamaHesab\zh-Hans\UIAutomationTypes.resources.dll
2026-06-25 20:21:35.353   Time stamp of our file: 2026-04-30 13:28:08.000
2026-06-25 20:21:35.353   Dest file exists.
2026-06-25 20:21:35.353   Time stamp of existing file: 2026-04-30 13:28:08.000
2026-06-25 20:21:35.353   Installing the file.
2026-06-25 20:21:35.354   Successfully installed the file.
2026-06-25 20:21:35.354   -- File entry --
2026-06-25 20:21:35.354   Dest filename: C:\Program Files\SamaHesab\zh-Hans\WindowsBase.resources.dll
2026-06-25 20:21:35.354   Time stamp of our file: 2026-04-30 13:28:04.000
2026-06-25 20:21:35.354   Dest file exists.
2026-06-25 20:21:35.354   Time stamp of existing file: 2026-04-30 13:28:04.000
2026-06-25 20:21:35.354   Installing the file.
2026-06-25 20:21:35.356   Successfully installed the file.
2026-06-25 20:21:35.356   -- File entry --
2026-06-25 20:21:35.356   Dest filename: C:\Program Files\SamaHesab\zh-Hant\Microsoft.Data.SqlClient.resources.dll
2026-06-25 20:21:35.356   Time stamp of our file: 2024-08-27 22:16:52.000
2026-06-25 20:21:35.356   Dest file exists.
2026-06-25 20:21:35.356   Time stamp of existing file: 2024-08-27 22:16:52.000
2026-06-25 20:21:35.356   Installing the file.
2026-06-25 20:21:35.359   Successfully installed the file.
2026-06-25 20:21:35.359   -- File entry --
2026-06-25 20:21:35.359   Dest filename: C:\Program Files\SamaHesab\zh-Hant\Microsoft.VisualBasic.Forms.resources.dll
2026-06-25 20:21:35.359   Time stamp of our file: 2026-04-30 11:01:14.000
2026-06-25 20:21:35.359   Dest file exists.
2026-06-25 20:21:35.359   Time stamp of existing file: 2026-04-30 11:01:14.000
2026-06-25 20:21:35.359   Installing the file.
2026-06-25 20:21:35.360   Successfully installed the file.
2026-06-25 20:21:35.360   -- File entry --
2026-06-25 20:21:35.360   Dest filename: C:\Program Files\SamaHesab\zh-Hant\PresentationCore.resources.dll
2026-06-25 20:21:35.360   Time stamp of our file: 2026-04-30 13:28:26.000
2026-06-25 20:21:35.360   Dest file exists.
2026-06-25 20:21:35.361   Time stamp of existing file: 2026-04-30 13:28:26.000
2026-06-25 20:21:35.361   Installing the file.
2026-06-25 20:21:35.362   Successfully installed the file.
2026-06-25 20:21:35.362   -- File entry --
2026-06-25 20:21:35.362   Dest filename: C:\Program Files\SamaHesab\zh-Hant\PresentationFramework.resources.dll
2026-06-25 20:21:35.363   Time stamp of our file: 2026-04-30 13:28:50.000
2026-06-25 20:21:35.363   Dest file exists.
2026-06-25 20:21:35.363   Time stamp of existing file: 2026-04-30 13:28:50.000
2026-06-25 20:21:35.363   Installing the file.
2026-06-25 20:21:35.365   Successfully installed the file.
2026-06-25 20:21:35.365   -- File entry --
2026-06-25 20:21:35.365   Dest filename: C:\Program Files\SamaHesab\zh-Hant\PresentationUI.resources.dll
2026-06-25 20:21:35.365   Time stamp of our file: 2026-04-30 13:29:16.000
2026-06-25 20:21:35.365   Dest file exists.
2026-06-25 20:21:35.365   Time stamp of existing file: 2026-04-30 13:29:16.000
2026-06-25 20:21:35.365   Installing the file.
2026-06-25 20:21:35.367   Successfully installed the file.
2026-06-25 20:21:35.367   -- File entry --
2026-06-25 20:21:35.367   Dest filename: C:\Program Files\SamaHesab\zh-Hant\ReachFramework.resources.dll
2026-06-25 20:21:35.367   Time stamp of our file: 2026-04-30 13:28:38.000
2026-06-25 20:21:35.367   Dest file exists.
2026-06-25 20:21:35.367   Time stamp of existing file: 2026-04-30 13:28:38.000
2026-06-25 20:21:35.367   Installing the file.
2026-06-25 20:21:35.368   Successfully installed the file.
2026-06-25 20:21:35.368   -- File entry --
2026-06-25 20:21:35.368   Dest filename: C:\Program Files\SamaHesab\zh-Hant\System.Windows.Controls.Ribbon.resources.dll
2026-06-25 20:21:35.368   Time stamp of our file: 2026-04-30 13:29:38.000
2026-06-25 20:21:35.368   Dest file exists.
2026-06-25 20:21:35.368   Time stamp of existing file: 2026-04-30 13:29:38.000
2026-06-25 20:21:35.368   Installing the file.
2026-06-25 20:21:35.368   Successfully installed the file.
2026-06-25 20:21:35.368   -- File entry --
2026-06-25 20:21:35.368   Dest filename: C:\Program Files\SamaHesab\zh-Hant\System.Windows.Forms.Design.resources.dll
2026-06-25 20:21:35.368   Time stamp of our file: 2026-04-30 11:01:24.000
2026-06-25 20:21:35.368   Dest file exists.
2026-06-25 20:21:35.370   Time stamp of existing file: 2026-04-30 11:01:24.000
2026-06-25 20:21:35.370   Installing the file.
2026-06-25 20:21:35.372   Successfully installed the file.
2026-06-25 20:21:35.372   -- File entry --
2026-06-25 20:21:35.372   Dest filename: C:\Program Files\SamaHesab\zh-Hant\System.Windows.Forms.Primitives.resources.dll
2026-06-25 20:21:35.372   Time stamp of our file: 2026-04-30 11:00:38.000
2026-06-25 20:21:35.372   Dest file exists.
2026-06-25 20:21:35.372   Time stamp of existing file: 2026-04-30 11:00:38.000
2026-06-25 20:21:35.372   Installing the file.
2026-06-25 20:21:35.373   Successfully installed the file.
2026-06-25 20:21:35.373   -- File entry --
2026-06-25 20:21:35.373   Dest filename: C:\Program Files\SamaHesab\zh-Hant\System.Windows.Forms.resources.dll
2026-06-25 20:21:35.373   Time stamp of our file: 2026-04-30 11:01:10.000
2026-06-25 20:21:35.373   Dest file exists.
2026-06-25 20:21:35.373   Time stamp of existing file: 2026-04-30 11:01:10.000
2026-06-25 20:21:35.373   Installing the file.
2026-06-25 20:21:35.379   Successfully installed the file.
2026-06-25 20:21:35.379   -- File entry --
2026-06-25 20:21:35.379   Dest filename: C:\Program Files\SamaHesab\zh-Hant\System.Windows.Input.Manipulations.resources.dll
2026-06-25 20:21:35.379   Time stamp of our file: 2026-04-30 13:27:44.000
2026-06-25 20:21:35.379   Dest file exists.
2026-06-25 20:21:35.379   Time stamp of existing file: 2026-04-30 13:27:44.000
2026-06-25 20:21:35.379   Installing the file.
2026-06-25 20:21:35.380   Successfully installed the file.
2026-06-25 20:21:35.380   -- File entry --
2026-06-25 20:21:35.380   Dest filename: C:\Program Files\SamaHesab\zh-Hant\System.Xaml.resources.dll
2026-06-25 20:21:35.380   Time stamp of our file: 2026-04-30 13:27:48.000
2026-06-25 20:21:35.380   Dest file exists.
2026-06-25 20:21:35.380   Time stamp of existing file: 2026-04-30 13:27:48.000
2026-06-25 20:21:35.380   Installing the file.
2026-06-25 20:21:35.382   Successfully installed the file.
2026-06-25 20:21:35.382   -- File entry --
2026-06-25 20:21:35.382   Dest filename: C:\Program Files\SamaHesab\zh-Hant\UIAutomationClient.resources.dll
2026-06-25 20:21:35.382   Time stamp of our file: 2026-04-30 13:28:30.000
2026-06-25 20:21:35.382   Dest file exists.
2026-06-25 20:21:35.382   Time stamp of existing file: 2026-04-30 13:28:30.000
2026-06-25 20:21:35.382   Installing the file.
2026-06-25 20:21:35.383   Successfully installed the file.
2026-06-25 20:21:35.383   -- File entry --
2026-06-25 20:21:35.383   Dest filename: C:\Program Files\SamaHesab\zh-Hant\UIAutomationClientSideProviders.resources.dll
2026-06-25 20:21:35.383   Time stamp of our file: 2026-04-30 13:28:34.000
2026-06-25 20:21:35.383   Dest file exists.
2026-06-25 20:21:35.383   Time stamp of existing file: 2026-04-30 13:28:34.000
2026-06-25 20:21:35.383   Installing the file.
2026-06-25 20:21:35.384   Successfully installed the file.
2026-06-25 20:21:35.384   -- File entry --
2026-06-25 20:21:35.384   Dest filename: C:\Program Files\SamaHesab\zh-Hant\UIAutomationProvider.resources.dll
2026-06-25 20:21:35.384   Time stamp of our file: 2026-04-30 13:28:10.000
2026-06-25 20:21:35.384   Dest file exists.
2026-06-25 20:21:35.384   Time stamp of existing file: 2026-04-30 13:28:10.000
2026-06-25 20:21:35.384   Installing the file.
2026-06-25 20:21:35.385   Successfully installed the file.
2026-06-25 20:21:35.385   -- File entry --
2026-06-25 20:21:35.385   Dest filename: C:\Program Files\SamaHesab\zh-Hant\UIAutomationTypes.resources.dll
2026-06-25 20:21:35.385   Time stamp of our file: 2026-04-30 13:28:08.000
2026-06-25 20:21:35.385   Dest file exists.
2026-06-25 20:21:35.385   Time stamp of existing file: 2026-04-30 13:28:08.000
2026-06-25 20:21:35.385   Installing the file.
2026-06-25 20:21:35.386   Successfully installed the file.
2026-06-25 20:21:35.386   -- File entry --
2026-06-25 20:21:35.386   Dest filename: C:\Program Files\SamaHesab\zh-Hant\WindowsBase.resources.dll
2026-06-25 20:21:35.386   Time stamp of our file: 2026-04-30 13:28:04.000
2026-06-25 20:21:35.386   Dest file exists.
2026-06-25 20:21:35.386   Time stamp of existing file: 2026-04-30 13:28:04.000
2026-06-25 20:21:35.386   Installing the file.
2026-06-25 20:21:35.388   Successfully installed the file.
2026-06-25 20:21:35.388   -- File entry --
2026-06-25 20:21:35.388   Dest filename: C:\Program Files\SamaHesab\server\appsettings.json
2026-06-25 20:21:35.388   Time stamp of our file: 2026-06-20 12:30:38.000
2026-06-25 20:21:35.388   Dest file exists.
2026-06-25 20:21:35.388   Time stamp of existing file: 2026-06-25 16:43:35.615
2026-06-25 20:21:35.388   Installing the file.
2026-06-25 20:21:35.389   Successfully installed the file.
2026-06-25 20:21:35.389   -- File entry --
2026-06-25 20:21:35.389   Dest filename: C:\Program Files\SamaHesab\server\Asp.Versioning.Abstractions.dll
2026-06-25 20:21:35.389   Time stamp of our file: 2024-03-26 21:06:46.000
2026-06-25 20:21:35.389   Dest file exists.
2026-06-25 20:21:35.389   Time stamp of existing file: 2024-03-26 21:06:46.000
2026-06-25 20:21:35.389   Installing the file.
2026-06-25 20:21:35.391   Successfully installed the file.
2026-06-25 20:21:35.391   -- File entry --
2026-06-25 20:21:35.391   Dest filename: C:\Program Files\SamaHesab\server\Asp.Versioning.Http.dll
2026-06-25 20:21:35.391   Time stamp of our file: 2024-03-26 21:06:46.000
2026-06-25 20:21:35.391   Dest file exists.
2026-06-25 20:21:35.391   Time stamp of existing file: 2024-03-26 21:06:46.000
2026-06-25 20:21:35.391   Installing the file.
2026-06-25 20:21:35.395   Successfully installed the file.
2026-06-25 20:21:35.395   -- File entry --
2026-06-25 20:21:35.395   Dest filename: C:\Program Files\SamaHesab\server\Asp.Versioning.Mvc.ApiExplorer.dll
2026-06-25 20:21:35.395   Time stamp of our file: 2024-03-26 21:06:48.000
2026-06-25 20:21:35.395   Dest file exists.
2026-06-25 20:21:35.395   Time stamp of existing file: 2024-03-26 21:06:48.000
2026-06-25 20:21:35.395   Installing the file.
2026-06-25 20:21:35.396   Successfully installed the file.
2026-06-25 20:21:35.396   -- File entry --
2026-06-25 20:21:35.396   Dest filename: C:\Program Files\SamaHesab\server\Asp.Versioning.Mvc.dll
2026-06-25 20:21:35.396   Time stamp of our file: 2024-03-26 21:06:46.000
2026-06-25 20:21:35.396   Dest file exists.
2026-06-25 20:21:35.396   Time stamp of existing file: 2024-03-26 21:06:46.000
2026-06-25 20:21:35.396   Installing the file.
2026-06-25 20:21:35.399   Successfully installed the file.
2026-06-25 20:21:35.399   -- File entry --
2026-06-25 20:21:35.399   Dest filename: C:\Program Files\SamaHesab\server\aspnetcorev2_inprocess.dll
2026-06-25 20:21:35.399   Time stamp of our file: 2026-04-30 13:44:38.000
2026-06-25 20:21:35.399   Dest file exists.
2026-06-25 20:21:35.399   Time stamp of existing file: 2026-04-30 13:44:38.000
2026-06-25 20:21:35.399   Installing the file.
2026-06-25 20:21:35.407   Successfully installed the file.
2026-06-25 20:21:35.407   -- File entry --
2026-06-25 20:21:35.407   Dest filename: C:\Program Files\SamaHesab\server\Azure.Core.dll
2026-06-25 20:21:35.407   Time stamp of our file: 2024-02-26 18:54:40.000
2026-06-25 20:21:35.407   Dest file exists.
2026-06-25 20:21:35.407   Time stamp of existing file: 2024-02-26 18:54:40.000
2026-06-25 20:21:35.407   Installing the file.
2026-06-25 20:21:35.416   Successfully installed the file.
2026-06-25 20:21:35.416   -- File entry --
2026-06-25 20:21:35.416   Dest filename: C:\Program Files\SamaHesab\server\Azure.Identity.dll
2026-06-25 20:21:35.417   Time stamp of our file: 2024-06-10 20:13:48.000
2026-06-25 20:21:35.417   Dest file exists.
2026-06-25 20:21:35.417   Time stamp of existing file: 2024-06-10 20:13:48.000
2026-06-25 20:21:35.417   Installing the file.
2026-06-25 20:21:35.424   Successfully installed the file.
2026-06-25 20:21:35.424   -- File entry --
2026-06-25 20:21:35.424   Dest filename: C:\Program Files\SamaHesab\server\ClosedXML.dll
2026-06-25 20:21:35.424   Time stamp of our file: 2024-11-15 03:56:30.000
2026-06-25 20:21:35.424   Dest file exists.
2026-06-25 20:21:35.424   Time stamp of existing file: 2024-11-15 03:56:30.000
2026-06-25 20:21:35.424   Installing the file.
2026-06-25 20:21:35.457   Successfully installed the file.
2026-06-25 20:21:35.457   -- File entry --
2026-06-25 20:21:35.457   Dest filename: C:\Program Files\SamaHesab\server\ClosedXML.Parser.dll
2026-06-25 20:21:35.457   Time stamp of our file: 2024-01-17 23:21:36.000
2026-06-25 20:21:35.457   Dest file exists.
2026-06-25 20:21:35.457   Time stamp of existing file: 2024-01-17 23:21:36.000
2026-06-25 20:21:35.457   Installing the file.
2026-06-25 20:21:35.460   Successfully installed the file.
2026-06-25 20:21:35.460   -- File entry --
2026-06-25 20:21:35.460   Dest filename: C:\Program Files\SamaHesab\server\clretwrc.dll
2026-06-25 20:21:35.460   Time stamp of our file: 2026-04-30 02:48:30.000
2026-06-25 20:21:35.460   Dest file exists.
2026-06-25 20:21:35.460   Time stamp of existing file: 2026-04-30 02:48:30.000
2026-06-25 20:21:35.460   Installing the file.
2026-06-25 20:21:35.465   Successfully installed the file.
2026-06-25 20:21:35.465   -- File entry --
2026-06-25 20:21:35.465   Dest filename: C:\Program Files\SamaHesab\server\clrgc.dll
2026-06-25 20:21:35.465   Time stamp of our file: 2026-04-30 02:46:10.000
2026-06-25 20:21:35.465   Dest file exists.
2026-06-25 20:21:35.465   Time stamp of existing file: 2026-04-30 02:46:10.000
2026-06-25 20:21:35.465   Installing the file.
2026-06-25 20:21:35.482   Successfully installed the file.
2026-06-25 20:21:35.482   -- File entry --
2026-06-25 20:21:35.482   Dest filename: C:\Program Files\SamaHesab\server\clrgcexp.dll
2026-06-25 20:21:35.482   Time stamp of our file: 2026-04-30 02:46:10.000
2026-06-25 20:21:35.482   Dest file exists.
2026-06-25 20:21:35.482   Time stamp of existing file: 2026-04-30 02:46:10.000
2026-06-25 20:21:35.482   Installing the file.
2026-06-25 20:21:35.495   Successfully installed the file.
2026-06-25 20:21:35.495   -- File entry --
2026-06-25 20:21:35.495   Dest filename: C:\Program Files\SamaHesab\server\clrjit.dll
2026-06-25 20:21:35.495   Time stamp of our file: 2026-04-30 02:45:20.000
2026-06-25 20:21:35.496   Dest file exists.
2026-06-25 20:21:35.496   Time stamp of existing file: 2026-04-30 02:45:20.000
2026-06-25 20:21:35.496   Installing the file.
2026-06-25 20:21:35.543   Successfully installed the file.
2026-06-25 20:21:35.543   -- File entry --
2026-06-25 20:21:35.543   Dest filename: C:\Program Files\SamaHesab\server\coreclr.dll
2026-06-25 20:21:35.543   Time stamp of our file: 2026-04-30 02:42:54.000
2026-06-25 20:21:35.543   Dest file exists.
2026-06-25 20:21:35.543   Time stamp of existing file: 2026-04-30 02:42:54.000
2026-06-25 20:21:35.543   Installing the file.
2026-06-25 20:21:35.649   Successfully installed the file.
2026-06-25 20:21:35.649   -- File entry --
2026-06-25 20:21:35.649   Dest filename: C:\Program Files\SamaHesab\server\createdump.exe
2026-06-25 20:21:35.649   Time stamp of our file: 2026-04-30 02:48:30.000
2026-06-25 20:21:35.649   Dest file exists.
2026-06-25 20:21:35.649   Time stamp of existing file: 2026-04-30 02:48:30.000
2026-06-25 20:21:35.649   Installing the file.
2026-06-25 20:21:35.651   Successfully installed the file.
2026-06-25 20:21:35.651   -- File entry --
2026-06-25 20:21:35.651   Dest filename: C:\Program Files\SamaHesab\server\DocumentFormat.OpenXml.dll
2026-06-25 20:21:35.651   Time stamp of our file: 2024-10-15 22:48:56.000
2026-06-25 20:21:35.651   Dest file exists.
2026-06-25 20:21:35.651   Time stamp of existing file: 2024-10-15 22:48:56.000
2026-06-25 20:21:35.651   Installing the file.
2026-06-25 20:21:35.737   Successfully installed the file.
2026-06-25 20:21:35.738   -- File entry --
2026-06-25 20:21:35.738   Dest filename: C:\Program Files\SamaHesab\server\DocumentFormat.OpenXml.Framework.dll
2026-06-25 20:21:35.738   Time stamp of our file: 2024-10-15 22:48:56.000
2026-06-25 20:21:35.738   Dest file exists.
2026-06-25 20:21:35.738   Time stamp of existing file: 2024-10-15 22:48:56.000
2026-06-25 20:21:35.738   Installing the file.
2026-06-25 20:21:35.747   Successfully installed the file.
2026-06-25 20:21:35.747   -- File entry --
2026-06-25 20:21:35.747   Dest filename: C:\Program Files\SamaHesab\server\ExcelNumberFormat.dll
2026-06-25 20:21:35.747   Time stamp of our file: 2020-10-02 12:12:28.000
2026-06-25 20:21:35.747   Dest file exists.
2026-06-25 20:21:35.747   Time stamp of existing file: 2020-10-02 12:12:28.000
2026-06-25 20:21:35.747   Installing the file.
2026-06-25 20:21:35.748   Successfully installed the file.
2026-06-25 20:21:35.748   -- File entry --
2026-06-25 20:21:35.748   Dest filename: C:\Program Files\SamaHesab\server\FluentValidation.DependencyInjectionExtensions.dll
2026-06-25 20:21:35.748   Time stamp of our file: 2024-11-16 23:13:22.000
2026-06-25 20:21:35.748   Dest file exists.
2026-06-25 20:21:35.749   Time stamp of existing file: 2024-11-16 23:13:22.000
2026-06-25 20:21:35.749   Installing the file.
2026-06-25 20:21:35.749   Successfully installed the file.
2026-06-25 20:21:35.749   -- File entry --
2026-06-25 20:21:35.749   Dest filename: C:\Program Files\SamaHesab\server\FluentValidation.dll
2026-06-25 20:21:35.749   Time stamp of our file: 2024-11-16 23:13:24.000
2026-06-25 20:21:35.749   Dest file exists.
2026-06-25 20:21:35.751   Time stamp of existing file: 2024-11-16 23:13:24.000
2026-06-25 20:21:35.751   Installing the file.
2026-06-25 20:21:35.759   Successfully installed the file.
2026-06-25 20:21:35.759   -- File entry --
2026-06-25 20:21:35.759   Dest filename: C:\Program Files\SamaHesab\server\hostfxr.dll
2026-06-25 20:21:35.759   Time stamp of our file: 2026-04-30 02:58:16.000
2026-06-25 20:21:35.759   Dest file exists.
2026-06-25 20:21:35.759   Time stamp of existing file: 2026-04-30 02:58:16.000
2026-06-25 20:21:35.759   Installing the file.
2026-06-25 20:21:35.766   Successfully installed the file.
2026-06-25 20:21:35.766   -- File entry --
2026-06-25 20:21:35.766   Dest filename: C:\Program Files\SamaHesab\server\hostpolicy.dll
2026-06-25 20:21:35.766   Time stamp of our file: 2026-04-30 02:58:18.000
2026-06-25 20:21:35.766   Dest file exists.
2026-06-25 20:21:35.766   Time stamp of existing file: 2026-04-30 02:58:18.000
2026-06-25 20:21:35.766   Installing the file.
2026-06-25 20:21:35.773   Successfully installed the file.
2026-06-25 20:21:35.773   -- File entry --
2026-06-25 20:21:35.773   Dest filename: C:\Program Files\SamaHesab\server\ICSharpCode.SharpZipLib.dll
2026-06-25 20:21:35.773   Time stamp of our file: 2023-01-29 18:29:10.000
2026-06-25 20:21:35.773   Dest file exists.
2026-06-25 20:21:35.773   Time stamp of existing file: 2023-01-29 18:29:10.000
2026-06-25 20:21:35.773   Installing the file.
2026-06-25 20:21:35.779   Successfully installed the file.
2026-06-25 20:21:35.779   -- File entry --
2026-06-25 20:21:35.779   Dest filename: C:\Program Files\SamaHesab\server\MediatR.Contracts.dll
2026-06-25 20:21:35.780   Time stamp of our file: 2023-02-22 22:18:20.000
2026-06-25 20:21:35.780   Dest file exists.
2026-06-25 20:21:35.780   Time stamp of existing file: 2023-02-22 22:18:20.000
2026-06-25 20:21:35.780   Installing the file.
2026-06-25 20:21:35.780   Successfully installed the file.
2026-06-25 20:21:35.780   -- File entry --
2026-06-25 20:21:35.780   Dest filename: C:\Program Files\SamaHesab\server\MediatR.dll
2026-06-25 20:21:35.780   Time stamp of our file: 2024-09-09 17:38:14.000
2026-06-25 20:21:35.780   Dest file exists.
2026-06-25 20:21:35.780   Time stamp of existing file: 2024-09-09 17:38:14.000
2026-06-25 20:21:35.780   Installing the file.
2026-06-25 20:21:35.783   Successfully installed the file.
2026-06-25 20:21:35.783   -- File entry --
2026-06-25 20:21:35.783   Dest filename: C:\Program Files\SamaHesab\server\Microsoft.AspNetCore.Antiforgery.dll
2026-06-25 20:21:35.783   Time stamp of our file: 2026-04-30 13:56:52.000
2026-06-25 20:21:35.783   Dest file exists.
2026-06-25 20:21:35.783   Time stamp of existing file: 2026-04-30 13:56:52.000
2026-06-25 20:21:35.783   Installing the file.
2026-06-25 20:21:35.786   Successfully installed the file.
2026-06-25 20:21:35.786   -- File entry --
2026-06-25 20:21:35.786   Dest filename: C:\Program Files\SamaHesab\server\Microsoft.AspNetCore.Authentication.Abstractions.dll
2026-06-25 20:21:35.786   Time stamp of our file: 2026-04-30 13:56:54.000
2026-06-25 20:21:35.786   Dest file exists.
2026-06-25 20:21:35.786   Time stamp of existing file: 2026-04-30 13:56:54.000
2026-06-25 20:21:35.786   Installing the file.
2026-06-25 20:21:35.788   Successfully installed the file.
2026-06-25 20:21:35.788   -- File entry --
2026-06-25 20:21:35.788   Dest filename: C:\Program Files\SamaHesab\server\Microsoft.AspNetCore.Authentication.BearerToken.dll
2026-06-25 20:21:35.788   Time stamp of our file: 2026-04-30 13:56:54.000
2026-06-25 20:21:35.788   Dest file exists.
2026-06-25 20:21:35.789   Time stamp of existing file: 2026-04-30 13:56:54.000
2026-06-25 20:21:35.789   Installing the file.
2026-06-25 20:21:35.790   Successfully installed the file.
2026-06-25 20:21:35.790   -- File entry --
2026-06-25 20:21:35.790   Dest filename: C:\Program Files\SamaHesab\server\Microsoft.AspNetCore.Authentication.Cookies.dll
2026-06-25 20:21:35.791   Time stamp of our file: 2026-04-30 13:56:54.000
2026-06-25 20:21:35.791   Dest file exists.
2026-06-25 20:21:35.791   Time stamp of existing file: 2026-04-30 13:56:54.000
2026-06-25 20:21:35.791   Installing the file.
2026-06-25 20:21:35.793   Successfully installed the file.
2026-06-25 20:21:35.793   -- File entry --
2026-06-25 20:21:35.793   Dest filename: C:\Program Files\SamaHesab\server\Microsoft.AspNetCore.Authentication.Core.dll
2026-06-25 20:21:35.793   Time stamp of our file: 2026-04-30 13:56:54.000
2026-06-25 20:21:35.793   Dest file exists.
2026-06-25 20:21:35.794   Time stamp of existing file: 2026-04-30 13:56:54.000
2026-06-25 20:21:35.794   Installing the file.
2026-06-25 20:21:35.796   Successfully installed the file.
2026-06-25 20:21:35.796   -- File entry --
2026-06-25 20:21:35.796   Dest filename: C:\Program Files\SamaHesab\server\Microsoft.AspNetCore.Authentication.dll
2026-06-25 20:21:35.796   Time stamp of our file: 2026-04-30 13:56:54.000
2026-06-25 20:21:35.796   Dest file exists.
2026-06-25 20:21:35.796   Time stamp of existing file: 2026-04-30 13:56:54.000
2026-06-25 20:21:35.796   Installing the file.
2026-06-25 20:21:35.800   Successfully installed the file.
2026-06-25 20:21:35.800   -- File entry --
2026-06-25 20:21:35.800   Dest filename: C:\Program Files\SamaHesab\server\Microsoft.AspNetCore.Authentication.JwtBearer.dll
2026-06-25 20:21:35.800   Time stamp of our file: 2024-10-29 17:00:22.000
2026-06-25 20:21:35.800   Dest file exists.
2026-06-25 20:21:35.800   Time stamp of existing file: 2024-10-29 17:00:22.000
2026-06-25 20:21:35.800   Installing the file.
2026-06-25 20:21:35.802   Successfully installed the file.
2026-06-25 20:21:35.802   -- File entry --
2026-06-25 20:21:35.802   Dest filename: C:\Program Files\SamaHesab\server\Microsoft.AspNetCore.Authentication.OAuth.dll
2026-06-25 20:21:35.802   Time stamp of our file: 2026-04-30 13:56:54.000
2026-06-25 20:21:35.802   Dest file exists.
2026-06-25 20:21:35.802   Time stamp of existing file: 2026-04-30 13:56:54.000
2026-06-25 20:21:35.802   Installing the file.
2026-06-25 20:21:35.804   Successfully installed the file.
2026-06-25 20:21:35.804   -- File entry --
2026-06-25 20:21:35.804   Dest filename: C:\Program Files\SamaHesab\server\Microsoft.AspNetCore.Authorization.dll
2026-06-25 20:21:35.805   Time stamp of our file: 2026-04-30 13:56:54.000
2026-06-25 20:21:35.805   Dest file exists.
2026-06-25 20:21:35.805   Time stamp of existing file: 2026-04-30 13:56:54.000
2026-06-25 20:21:35.805   Installing the file.
2026-06-25 20:21:35.807   Successfully installed the file.
2026-06-25 20:21:35.807   -- File entry --
2026-06-25 20:21:35.807   Dest filename: C:\Program Files\SamaHesab\server\Microsoft.AspNetCore.Authorization.Policy.dll
2026-06-25 20:21:35.808   Time stamp of our file: 2026-04-30 13:56:54.000
2026-06-25 20:21:35.808   Dest file exists.
2026-06-25 20:21:35.808   Time stamp of existing file: 2026-04-30 13:56:54.000
2026-06-25 20:21:35.808   Installing the file.
2026-06-25 20:21:35.810   Successfully installed the file.
2026-06-25 20:21:35.810   -- File entry --
2026-06-25 20:21:35.810   Dest filename: C:\Program Files\SamaHesab\server\Microsoft.AspNetCore.Components.Authorization.dll
2026-06-25 20:21:35.810   Time stamp of our file: 2026-04-30 13:56:54.000
2026-06-25 20:21:35.810   Dest file exists.
2026-06-25 20:21:35.810   Time stamp of existing file: 2026-04-30 13:56:54.000
2026-06-25 20:21:35.810   Installing the file.
2026-06-25 20:21:35.812   Successfully installed the file.
2026-06-25 20:21:35.812   -- File entry --
2026-06-25 20:21:35.812   Dest filename: C:\Program Files\SamaHesab\server\Microsoft.AspNetCore.Components.dll
2026-06-25 20:21:35.813   Time stamp of our file: 2026-04-30 13:56:56.000
2026-06-25 20:21:35.813   Dest file exists.
2026-06-25 20:21:35.813   Time stamp of existing file: 2026-04-30 13:56:56.000
2026-06-25 20:21:35.813   Installing the file.
2026-06-25 20:21:35.832   Successfully installed the file.
2026-06-25 20:21:35.832   -- File entry --
2026-06-25 20:21:35.832   Dest filename: C:\Program Files\SamaHesab\server\Microsoft.AspNetCore.Components.Endpoints.dll
2026-06-25 20:21:35.833   Time stamp of our file: 2026-04-30 13:56:56.000
2026-06-25 20:21:35.833   Dest file exists.
2026-06-25 20:21:35.833   Time stamp of existing file: 2026-04-30 13:56:56.000
2026-06-25 20:21:35.833   Installing the file.
2026-06-25 20:21:35.850   Successfully installed the file.
2026-06-25 20:21:35.850   -- File entry --
2026-06-25 20:21:35.850   Dest filename: C:\Program Files\SamaHesab\server\Microsoft.AspNetCore.Components.Forms.dll
2026-06-25 20:21:35.850   Time stamp of our file: 2026-04-30 13:56:56.000
2026-06-25 20:21:35.850   Dest file exists.
2026-06-25 20:21:35.850   Time stamp of existing file: 2026-04-30 13:56:56.000
2026-06-25 20:21:35.850   Installing the file.
2026-06-25 20:21:35.853   Successfully installed the file.
2026-06-25 20:21:35.853   -- File entry --
2026-06-25 20:21:35.853   Dest filename: C:\Program Files\SamaHesab\server\Microsoft.AspNetCore.Components.Server.dll
2026-06-25 20:21:35.853   Time stamp of our file: 2026-04-30 13:56:56.000
2026-06-25 20:21:35.853   Dest file exists.
2026-06-25 20:21:35.853   Time stamp of existing file: 2026-04-30 13:56:56.000
2026-06-25 20:21:35.853   Installing the file.
2026-06-25 20:21:35.870   Successfully installed the file.
2026-06-25 20:21:35.870   -- File entry --
2026-06-25 20:21:35.870   Dest filename: C:\Program Files\SamaHesab\server\Microsoft.AspNetCore.Components.Web.dll
2026-06-25 20:21:35.870   Time stamp of our file: 2026-04-30 13:56:56.000
2026-06-25 20:21:35.870   Dest file exists.
2026-06-25 20:21:35.870   Time stamp of existing file: 2026-04-30 13:56:56.000
2026-06-25 20:21:35.870   Installing the file.
2026-06-25 20:21:35.880   Successfully installed the file.
2026-06-25 20:21:35.880   -- File entry --
2026-06-25 20:21:35.880   Dest filename: C:\Program Files\SamaHesab\server\Microsoft.AspNetCore.Connections.Abstractions.dll
2026-06-25 20:21:35.880   Time stamp of our file: 2026-04-30 13:56:56.000
2026-06-25 20:21:35.880   Dest file exists.
2026-06-25 20:21:35.880   Time stamp of existing file: 2026-04-30 13:56:56.000
2026-06-25 20:21:35.880   Installing the file.
2026-06-25 20:21:35.882   Successfully installed the file.
2026-06-25 20:21:35.882   -- File entry --
2026-06-25 20:21:35.882   Dest filename: C:\Program Files\SamaHesab\server\Microsoft.AspNetCore.CookiePolicy.dll
2026-06-25 20:21:35.882   Time stamp of our file: 2026-04-30 13:56:58.000
2026-06-25 20:21:35.882   Dest file exists.
2026-06-25 20:21:35.882   Time stamp of existing file: 2026-04-30 13:56:58.000
2026-06-25 20:21:35.882   Installing the file.
2026-06-25 20:21:35.884   Successfully installed the file.
2026-06-25 20:21:35.884   -- File entry --
2026-06-25 20:21:35.884   Dest filename: C:\Program Files\SamaHesab\server\Microsoft.AspNetCore.Cors.dll
2026-06-25 20:21:35.884   Time stamp of our file: 2026-04-30 13:56:58.000
2026-06-25 20:21:35.884   Dest file exists.
2026-06-25 20:21:35.884   Time stamp of existing file: 2026-04-30 13:56:58.000
2026-06-25 20:21:35.884   Installing the file.
2026-06-25 20:21:35.886   Successfully installed the file.
2026-06-25 20:21:35.886   -- File entry --
2026-06-25 20:21:35.886   Dest filename: C:\Program Files\SamaHesab\server\Microsoft.AspNetCore.Cryptography.Internal.dll
2026-06-25 20:21:35.886   Time stamp of our file: 2026-04-30 13:56:58.000
2026-06-25 20:21:35.886   Dest file exists.
2026-06-25 20:21:35.886   Time stamp of existing file: 2026-04-30 13:56:58.000
2026-06-25 20:21:35.886   Installing the file.
2026-06-25 20:21:35.889   Successfully installed the file.
2026-06-25 20:21:35.889   -- File entry --
2026-06-25 20:21:35.889   Dest filename: C:\Program Files\SamaHesab\server\Microsoft.AspNetCore.Cryptography.KeyDerivation.dll
2026-06-25 20:21:35.889   Time stamp of our file: 2026-04-30 13:56:58.000
2026-06-25 20:21:35.889   Dest file exists.
2026-06-25 20:21:35.889   Time stamp of existing file: 2026-04-30 13:56:58.000
2026-06-25 20:21:35.889   Installing the file.
2026-06-25 20:21:35.891   Successfully installed the file.
2026-06-25 20:21:35.891   -- File entry --
2026-06-25 20:21:35.891   Dest filename: C:\Program Files\SamaHesab\server\Microsoft.AspNetCore.DataProtection.Abstractions.dll
2026-06-25 20:21:35.891   Time stamp of our file: 2026-04-30 13:56:58.000
2026-06-25 20:21:35.891   Dest file exists.
2026-06-25 20:21:35.891   Time stamp of existing file: 2026-04-30 13:56:58.000
2026-06-25 20:21:35.891   Installing the file.
2026-06-25 20:21:35.892   Successfully installed the file.
2026-06-25 20:21:35.892   -- File entry --
2026-06-25 20:21:35.892   Dest filename: C:\Program Files\SamaHesab\server\Microsoft.AspNetCore.DataProtection.dll
2026-06-25 20:21:35.892   Time stamp of our file: 2026-04-30 13:56:58.000
2026-06-25 20:21:35.892   Dest file exists.
2026-06-25 20:21:35.892   Time stamp of existing file: 2026-04-30 13:56:58.000
2026-06-25 20:21:35.892   Installing the file.
2026-06-25 20:21:35.903   Successfully installed the file.
2026-06-25 20:21:35.903   -- File entry --
2026-06-25 20:21:35.903   Dest filename: C:\Program Files\SamaHesab\server\Microsoft.AspNetCore.DataProtection.Extensions.dll
2026-06-25 20:21:35.903   Time stamp of our file: 2026-04-30 13:56:58.000
2026-06-25 20:21:35.903   Dest file exists.
2026-06-25 20:21:35.903   Time stamp of existing file: 2026-04-30 13:56:58.000
2026-06-25 20:21:35.903   Installing the file.
2026-06-25 20:21:35.904   Successfully installed the file.
2026-06-25 20:21:35.904   -- File entry --
2026-06-25 20:21:35.904   Dest filename: C:\Program Files\SamaHesab\server\Microsoft.AspNetCore.Diagnostics.Abstractions.dll
2026-06-25 20:21:35.904   Time stamp of our file: 2026-04-30 13:56:58.000
2026-06-25 20:21:35.904   Dest file exists.
2026-06-25 20:21:35.904   Time stamp of existing file: 2026-04-30 13:56:58.000
2026-06-25 20:21:35.904   Installing the file.
2026-06-25 20:21:35.906   Successfully installed the file.
2026-06-25 20:21:35.906   -- File entry --
2026-06-25 20:21:35.906   Dest filename: C:\Program Files\SamaHesab\server\Microsoft.AspNetCore.Diagnostics.dll
2026-06-25 20:21:35.906   Time stamp of our file: 2026-04-30 13:56:58.000
2026-06-25 20:21:35.906   Dest file exists.
2026-06-25 20:21:35.906   Time stamp of existing file: 2026-04-30 13:56:58.000
2026-06-25 20:21:35.906   Installing the file.
2026-06-25 20:21:35.916   Successfully installed the file.
2026-06-25 20:21:35.916   -- File entry --
2026-06-25 20:21:35.916   Dest filename: C:\Program Files\SamaHesab\server\Microsoft.AspNetCore.Diagnostics.HealthChecks.dll
2026-06-25 20:21:35.916   Time stamp of our file: 2026-04-30 13:57:00.000
2026-06-25 20:21:35.916   Dest file exists.
2026-06-25 20:21:35.916   Time stamp of existing file: 2026-04-30 13:57:00.000
2026-06-25 20:21:35.916   Installing the file.
2026-06-25 20:21:35.918   Successfully installed the file.
2026-06-25 20:21:35.918   -- File entry --
2026-06-25 20:21:35.918   Dest filename: C:\Program Files\SamaHesab\server\Microsoft.AspNetCore.dll
2026-06-25 20:21:35.918   Time stamp of our file: 2026-04-30 13:57:00.000
2026-06-25 20:21:35.918   Dest file exists.
2026-06-25 20:21:35.918   Time stamp of existing file: 2026-04-30 13:57:00.000
2026-06-25 20:21:35.918   Installing the file.
2026-06-25 20:21:35.921   Successfully installed the file.
2026-06-25 20:21:35.921   -- File entry --
2026-06-25 20:21:35.921   Dest filename: C:\Program Files\SamaHesab\server\Microsoft.AspNetCore.HostFiltering.dll
2026-06-25 20:21:35.921   Time stamp of our file: 2026-04-30 13:57:00.000
2026-06-25 20:21:35.921   Dest file exists.
2026-06-25 20:21:35.921   Time stamp of existing file: 2026-04-30 13:57:00.000
2026-06-25 20:21:35.921   Installing the file.
2026-06-25 20:21:35.922   Successfully installed the file.
2026-06-25 20:21:35.922   -- File entry --
2026-06-25 20:21:35.922   Dest filename: C:\Program Files\SamaHesab\server\Microsoft.AspNetCore.Hosting.Abstractions.dll
2026-06-25 20:21:35.922   Time stamp of our file: 2026-04-30 13:57:00.000
2026-06-25 20:21:35.922   Dest file exists.
2026-06-25 20:21:35.922   Time stamp of existing file: 2026-04-30 13:57:00.000
2026-06-25 20:21:35.922   Installing the file.
2026-06-25 20:21:35.924   Successfully installed the file.
2026-06-25 20:21:35.924   -- File entry --
2026-06-25 20:21:35.924   Dest filename: C:\Program Files\SamaHesab\server\Microsoft.AspNetCore.Hosting.dll
2026-06-25 20:21:35.924   Time stamp of our file: 2026-04-30 13:57:00.000
2026-06-25 20:21:35.924   Dest file exists.
2026-06-25 20:21:35.924   Time stamp of existing file: 2026-04-30 13:57:00.000
2026-06-25 20:21:35.924   Installing the file.
2026-06-25 20:21:35.934   Successfully installed the file.
2026-06-25 20:21:35.934   -- File entry --
2026-06-25 20:21:35.934   Dest filename: C:\Program Files\SamaHesab\server\Microsoft.AspNetCore.Hosting.Server.Abstractions.dll
2026-06-25 20:21:35.934   Time stamp of our file: 2026-04-30 13:57:00.000
2026-06-25 20:21:35.934   Dest file exists.
2026-06-25 20:21:35.934   Time stamp of existing file: 2026-04-30 13:57:00.000
2026-06-25 20:21:35.934   Installing the file.
2026-06-25 20:21:35.935   Successfully installed the file.
2026-06-25 20:21:35.935   -- File entry --
2026-06-25 20:21:35.935   Dest filename: C:\Program Files\SamaHesab\server\Microsoft.AspNetCore.Html.Abstractions.dll
2026-06-25 20:21:35.935   Time stamp of our file: 2026-04-30 13:57:00.000
2026-06-25 20:21:35.935   Dest file exists.
2026-06-25 20:21:35.935   Time stamp of existing file: 2026-04-30 13:57:00.000
2026-06-25 20:21:35.935   Installing the file.
2026-06-25 20:21:35.936   Successfully installed the file.
2026-06-25 20:21:35.936   -- File entry --
2026-06-25 20:21:35.936   Dest filename: C:\Program Files\SamaHesab\server\Microsoft.AspNetCore.Http.Abstractions.dll
2026-06-25 20:21:35.936   Time stamp of our file: 2026-04-30 13:57:00.000
2026-06-25 20:21:35.936   Dest file exists.
2026-06-25 20:21:35.936   Time stamp of existing file: 2026-04-30 13:57:00.000
2026-06-25 20:21:35.936   Installing the file.
2026-06-25 20:21:35.943   Successfully installed the file.
2026-06-25 20:21:35.943   -- File entry --
2026-06-25 20:21:35.943   Dest filename: C:\Program Files\SamaHesab\server\Microsoft.AspNetCore.Http.Connections.Common.dll
2026-06-25 20:21:35.943   Time stamp of our file: 2026-04-30 13:57:00.000
2026-06-25 20:21:35.943   Dest file exists.
2026-06-25 20:21:35.943   Time stamp of existing file: 2026-04-30 13:57:00.000
2026-06-25 20:21:35.943   Installing the file.
2026-06-25 20:21:35.945   Successfully installed the file.
2026-06-25 20:21:35.945   -- File entry --
2026-06-25 20:21:35.946   Dest filename: C:\Program Files\SamaHesab\server\Microsoft.AspNetCore.Http.Connections.dll
2026-06-25 20:21:35.946   Time stamp of our file: 2026-04-30 13:57:02.000
2026-06-25 20:21:35.946   Dest file exists.
2026-06-25 20:21:35.946   Time stamp of existing file: 2026-04-30 13:57:02.000
2026-06-25 20:21:35.946   Installing the file.
2026-06-25 20:21:35.953   Successfully installed the file.
2026-06-25 20:21:35.953   -- File entry --
2026-06-25 20:21:35.953   Dest filename: C:\Program Files\SamaHesab\server\Microsoft.AspNetCore.Http.dll
2026-06-25 20:21:35.953   Time stamp of our file: 2026-04-30 13:57:02.000
2026-06-25 20:21:35.953   Dest file exists.
2026-06-25 20:21:35.953   Time stamp of existing file: 2026-04-30 13:57:02.000
2026-06-25 20:21:35.953   Installing the file.
2026-06-25 20:21:35.960   Successfully installed the file.
2026-06-25 20:21:35.960   -- File entry --
2026-06-25 20:21:35.960   Dest filename: C:\Program Files\SamaHesab\server\Microsoft.AspNetCore.Http.Extensions.dll
2026-06-25 20:21:35.960   Time stamp of our file: 2026-04-30 13:57:02.000
2026-06-25 20:21:35.960   Dest file exists.
2026-06-25 20:21:35.960   Time stamp of existing file: 2026-04-30 13:57:02.000
2026-06-25 20:21:35.960   Installing the file.
2026-06-25 20:21:35.975   Successfully installed the file.
2026-06-25 20:21:35.975   -- File entry --
2026-06-25 20:21:35.975   Dest filename: C:\Program Files\SamaHesab\server\Microsoft.AspNetCore.Http.Features.dll
2026-06-25 20:21:35.975   Time stamp of our file: 2026-04-30 13:57:02.000
2026-06-25 20:21:35.975   Dest file exists.
2026-06-25 20:21:35.975   Time stamp of existing file: 2026-04-30 13:57:02.000
2026-06-25 20:21:35.975   Installing the file.
2026-06-25 20:21:35.977   Successfully installed the file.
2026-06-25 20:21:35.977   -- File entry --
2026-06-25 20:21:35.977   Dest filename: C:\Program Files\SamaHesab\server\Microsoft.AspNetCore.Http.Results.dll
2026-06-25 20:21:35.977   Time stamp of our file: 2026-04-30 13:57:02.000
2026-06-25 20:21:35.977   Dest file exists.
2026-06-25 20:21:35.977   Time stamp of existing file: 2026-04-30 13:57:02.000
2026-06-25 20:21:35.977   Installing the file.
2026-06-25 20:21:35.983   Successfully installed the file.
2026-06-25 20:21:35.984   -- File entry --
2026-06-25 20:21:35.984   Dest filename: C:\Program Files\SamaHesab\server\Microsoft.AspNetCore.HttpLogging.dll
2026-06-25 20:21:35.984   Time stamp of our file: 2026-04-30 13:57:02.000
2026-06-25 20:21:35.984   Dest file exists.
2026-06-25 20:21:35.984   Time stamp of existing file: 2026-04-30 13:57:02.000
2026-06-25 20:21:35.984   Installing the file.
2026-06-25 20:21:35.988   Successfully installed the file.
2026-06-25 20:21:35.988   -- File entry --
2026-06-25 20:21:35.988   Dest filename: C:\Program Files\SamaHesab\server\Microsoft.AspNetCore.HttpOverrides.dll
2026-06-25 20:21:35.988   Time stamp of our file: 2026-04-30 13:57:02.000
2026-06-25 20:21:35.988   Dest file exists.
2026-06-25 20:21:35.990   Time stamp of existing file: 2026-04-30 13:57:02.000
2026-06-25 20:21:35.990   Installing the file.
2026-06-25 20:21:35.992   Successfully installed the file.
2026-06-25 20:21:35.992   -- File entry --
2026-06-25 20:21:35.992   Dest filename: C:\Program Files\SamaHesab\server\Microsoft.AspNetCore.HttpsPolicy.dll
2026-06-25 20:21:35.992   Time stamp of our file: 2026-04-30 13:57:04.000
2026-06-25 20:21:35.992   Dest file exists.
2026-06-25 20:21:35.992   Time stamp of existing file: 2026-04-30 13:57:04.000
2026-06-25 20:21:35.992   Installing the file.
2026-06-25 20:21:35.993   Successfully installed the file.
2026-06-25 20:21:35.993   -- File entry --
2026-06-25 20:21:35.993   Dest filename: C:\Program Files\SamaHesab\server\Microsoft.AspNetCore.Identity.dll
2026-06-25 20:21:35.993   Time stamp of our file: 2026-04-30 13:57:04.000
2026-06-25 20:21:35.993   Dest file exists.
2026-06-25 20:21:35.993   Time stamp of existing file: 2026-04-30 13:57:04.000
2026-06-25 20:21:35.993   Installing the file.
2026-06-25 20:21:36.004   Successfully installed the file.
2026-06-25 20:21:36.004   -- File entry --
2026-06-25 20:21:36.004   Dest filename: C:\Program Files\SamaHesab\server\Microsoft.AspNetCore.Localization.dll
2026-06-25 20:21:36.004   Time stamp of our file: 2026-04-30 13:57:04.000
2026-06-25 20:21:36.004   Dest file exists.
2026-06-25 20:21:36.004   Time stamp of existing file: 2026-04-30 13:57:04.000
2026-06-25 20:21:36.004   Installing the file.
2026-06-25 20:21:36.006   Successfully installed the file.
2026-06-25 20:21:36.006   -- File entry --
2026-06-25 20:21:36.006   Dest filename: C:\Program Files\SamaHesab\server\Microsoft.AspNetCore.Localization.Routing.dll
2026-06-25 20:21:36.006   Time stamp of our file: 2026-04-30 13:57:04.000
2026-06-25 20:21:36.006   Dest file exists.
2026-06-25 20:21:36.006   Time stamp of existing file: 2026-04-30 13:57:04.000
2026-06-25 20:21:36.006   Installing the file.
2026-06-25 20:21:36.007   Successfully installed the file.
2026-06-25 20:21:36.007   -- File entry --
2026-06-25 20:21:36.007   Dest filename: C:\Program Files\SamaHesab\server\Microsoft.AspNetCore.Metadata.dll
2026-06-25 20:21:36.007   Time stamp of our file: 2026-04-30 13:57:04.000
2026-06-25 20:21:36.007   Dest file exists.
2026-06-25 20:21:36.007   Time stamp of existing file: 2026-04-30 13:57:04.000
2026-06-25 20:21:36.007   Installing the file.
2026-06-25 20:21:36.008   Successfully installed the file.
2026-06-25 20:21:36.008   -- File entry --
2026-06-25 20:21:36.008   Dest filename: C:\Program Files\SamaHesab\server\Microsoft.AspNetCore.Mvc.Abstractions.dll
2026-06-25 20:21:36.008   Time stamp of our file: 2026-04-30 13:57:04.000
2026-06-25 20:21:36.008   Dest file exists.
2026-06-25 20:21:36.008   Time stamp of existing file: 2026-04-30 13:57:04.000
2026-06-25 20:21:36.008   Installing the file.
2026-06-25 20:21:36.016   Successfully installed the file.
2026-06-25 20:21:36.016   -- File entry --
2026-06-25 20:21:36.016   Dest filename: C:\Program Files\SamaHesab\server\Microsoft.AspNetCore.Mvc.ApiExplorer.dll
2026-06-25 20:21:36.016   Time stamp of our file: 2026-04-30 13:57:04.000
2026-06-25 20:21:36.016   Dest file exists.
2026-06-25 20:21:36.016   Time stamp of existing file: 2026-04-30 13:57:04.000
2026-06-25 20:21:36.016   Installing the file.
2026-06-25 20:21:36.020   Successfully installed the file.
2026-06-25 20:21:36.020   -- File entry --
2026-06-25 20:21:36.020   Dest filename: C:\Program Files\SamaHesab\server\Microsoft.AspNetCore.Mvc.Core.dll
2026-06-25 20:21:36.020   Time stamp of our file: 2026-04-30 13:57:06.000
2026-06-25 20:21:36.020   Dest file exists.
2026-06-25 20:21:36.020   Time stamp of existing file: 2026-04-30 13:57:06.000
2026-06-25 20:21:36.020   Installing the file.
2026-06-25 20:21:36.060   Successfully installed the file.
2026-06-25 20:21:36.060   -- File entry --
2026-06-25 20:21:36.060   Dest filename: C:\Program Files\SamaHesab\server\Microsoft.AspNetCore.Mvc.Cors.dll
2026-06-25 20:21:36.060   Time stamp of our file: 2026-04-30 13:57:06.000
2026-06-25 20:21:36.060   Dest file exists.
2026-06-25 20:21:36.060   Time stamp of existing file: 2026-04-30 13:57:06.000
2026-06-25 20:21:36.060   Installing the file.
2026-06-25 20:21:36.061   Successfully installed the file.
2026-06-25 20:21:36.061   -- File entry --
2026-06-25 20:21:36.061   Dest filename: C:\Program Files\SamaHesab\server\Microsoft.AspNetCore.Mvc.DataAnnotations.dll
2026-06-25 20:21:36.062   Time stamp of our file: 2026-04-30 13:57:06.000
2026-06-25 20:21:36.062   Dest file exists.
2026-06-25 20:21:36.062   Time stamp of existing file: 2026-04-30 13:57:06.000
2026-06-25 20:21:36.062   Installing the file.
2026-06-25 20:21:36.064   Successfully installed the file.
2026-06-25 20:21:36.064   -- File entry --
2026-06-25 20:21:36.064   Dest filename: C:\Program Files\SamaHesab\server\Microsoft.AspNetCore.Mvc.dll
2026-06-25 20:21:36.064   Time stamp of our file: 2026-04-30 13:57:06.000
2026-06-25 20:21:36.064   Dest file exists.
2026-06-25 20:21:36.064   Time stamp of existing file: 2026-04-30 13:57:06.000
2026-06-25 20:21:36.064   Installing the file.
2026-06-25 20:21:36.066   Successfully installed the file.
2026-06-25 20:21:36.066   -- File entry --
2026-06-25 20:21:36.066   Dest filename: C:\Program Files\SamaHesab\server\Microsoft.AspNetCore.Mvc.Formatters.Json.dll
2026-06-25 20:21:36.066   Time stamp of our file: 2026-04-30 13:57:06.000
2026-06-25 20:21:36.066   Dest file exists.
2026-06-25 20:21:36.066   Time stamp of existing file: 2026-04-30 13:57:06.000
2026-06-25 20:21:36.066   Installing the file.
2026-06-25 20:21:36.067   Successfully installed the file.
2026-06-25 20:21:36.067   -- File entry --
2026-06-25 20:21:36.067   Dest filename: C:\Program Files\SamaHesab\server\Microsoft.AspNetCore.Mvc.Formatters.Xml.dll
2026-06-25 20:21:36.067   Time stamp of our file: 2026-04-30 13:57:06.000
2026-06-25 20:21:36.067   Dest file exists.
2026-06-25 20:21:36.067   Time stamp of existing file: 2026-04-30 13:57:06.000
2026-06-25 20:21:36.067   Installing the file.
2026-06-25 20:21:36.070   Successfully installed the file.
2026-06-25 20:21:36.070   -- File entry --
2026-06-25 20:21:36.070   Dest filename: C:\Program Files\SamaHesab\server\Microsoft.AspNetCore.Mvc.Localization.dll
2026-06-25 20:21:36.070   Time stamp of our file: 2026-04-30 13:57:06.000
2026-06-25 20:21:36.070   Dest file exists.
2026-06-25 20:21:36.070   Time stamp of existing file: 2026-04-30 13:57:06.000
2026-06-25 20:21:36.070   Installing the file.
2026-06-25 20:21:36.072   Successfully installed the file.
2026-06-25 20:21:36.072   -- File entry --
2026-06-25 20:21:36.072   Dest filename: C:\Program Files\SamaHesab\server\Microsoft.AspNetCore.Mvc.Razor.dll
2026-06-25 20:21:36.072   Time stamp of our file: 2026-04-30 13:57:06.000
2026-06-25 20:21:36.072   Dest file exists.
2026-06-25 20:21:36.072   Time stamp of existing file: 2026-04-30 13:57:06.000
2026-06-25 20:21:36.072   Installing the file.
2026-06-25 20:21:36.077   Successfully installed the file.
2026-06-25 20:21:36.078   -- File entry --
2026-06-25 20:21:36.078   Dest filename: C:\Program Files\SamaHesab\server\Microsoft.AspNetCore.Mvc.RazorPages.dll
2026-06-25 20:21:36.078   Time stamp of our file: 2026-04-30 13:57:08.000
2026-06-25 20:21:36.078   Dest file exists.
2026-06-25 20:21:36.078   Time stamp of existing file: 2026-04-30 13:57:08.000
2026-06-25 20:21:36.078   Installing the file.
2026-06-25 20:21:36.088   Successfully installed the file.
2026-06-25 20:21:36.088   -- File entry --
2026-06-25 20:21:36.088   Dest filename: C:\Program Files\SamaHesab\server\Microsoft.AspNetCore.Mvc.TagHelpers.dll
2026-06-25 20:21:36.088   Time stamp of our file: 2026-04-30 13:57:08.000
2026-06-25 20:21:36.088   Dest file exists.
2026-06-25 20:21:36.088   Time stamp of existing file: 2026-04-30 13:57:08.000
2026-06-25 20:21:36.088   Installing the file.
2026-06-25 20:21:36.094   Successfully installed the file.
2026-06-25 20:21:36.094   -- File entry --
2026-06-25 20:21:36.094   Dest filename: C:\Program Files\SamaHesab\server\Microsoft.AspNetCore.Mvc.ViewFeatures.dll
2026-06-25 20:21:36.095   Time stamp of our file: 2026-04-30 13:57:08.000
2026-06-25 20:21:36.095   Dest file exists.
2026-06-25 20:21:36.095   Time stamp of existing file: 2026-04-30 13:57:08.000
2026-06-25 20:21:36.095   Installing the file.
2026-06-25 20:21:36.110   Successfully installed the file.
2026-06-25 20:21:36.110   -- File entry --
2026-06-25 20:21:36.110   Dest filename: C:\Program Files\SamaHesab\server\Microsoft.AspNetCore.OutputCaching.dll
2026-06-25 20:21:36.111   Time stamp of our file: 2026-04-30 13:57:08.000
2026-06-25 20:21:36.111   Dest file exists.
2026-06-25 20:21:36.111   Time stamp of existing file: 2026-04-30 13:57:08.000
2026-06-25 20:21:36.111   Installing the file.
2026-06-25 20:21:36.118   Successfully installed the file.
2026-06-25 20:21:36.118   -- File entry --
2026-06-25 20:21:36.118   Dest filename: C:\Program Files\SamaHesab\server\Microsoft.AspNetCore.RateLimiting.dll
2026-06-25 20:21:36.118   Time stamp of our file: 2026-04-30 13:57:08.000
2026-06-25 20:21:36.118   Dest file exists.
2026-06-25 20:21:36.118   Time stamp of existing file: 2026-04-30 13:57:08.000
2026-06-25 20:21:36.118   Installing the file.
2026-06-25 20:21:36.120   Successfully installed the file.
2026-06-25 20:21:36.120   -- File entry --
2026-06-25 20:21:36.121   Dest filename: C:\Program Files\SamaHesab\server\Microsoft.AspNetCore.Razor.dll
2026-06-25 20:21:36.121   Time stamp of our file: 2026-04-30 13:57:08.000
2026-06-25 20:21:36.121   Dest file exists.
2026-06-25 20:21:36.121   Time stamp of existing file: 2026-04-30 13:57:08.000
2026-06-25 20:21:36.121   Installing the file.
2026-06-25 20:21:36.122   Successfully installed the file.
2026-06-25 20:21:36.122   -- File entry --
2026-06-25 20:21:36.122   Dest filename: C:\Program Files\SamaHesab\server\Microsoft.AspNetCore.Razor.Runtime.dll
2026-06-25 20:21:36.122   Time stamp of our file: 2026-04-30 13:57:08.000
2026-06-25 20:21:36.122   Dest file exists.
2026-06-25 20:21:36.122   Time stamp of existing file: 2026-04-30 13:57:08.000
2026-06-25 20:21:36.122   Installing the file.
2026-06-25 20:21:36.124   Successfully installed the file.
2026-06-25 20:21:36.124   -- File entry --
2026-06-25 20:21:36.124   Dest filename: C:\Program Files\SamaHesab\server\Microsoft.AspNetCore.RequestDecompression.dll
2026-06-25 20:21:36.124   Time stamp of our file: 2026-04-30 13:57:10.000
2026-06-25 20:21:36.124   Dest file exists.
2026-06-25 20:21:36.124   Time stamp of existing file: 2026-04-30 13:57:10.000
2026-06-25 20:21:36.124   Installing the file.
2026-06-25 20:21:36.125   Successfully installed the file.
2026-06-25 20:21:36.125   -- File entry --
2026-06-25 20:21:36.125   Dest filename: C:\Program Files\SamaHesab\server\Microsoft.AspNetCore.ResponseCaching.Abstractions.dll
2026-06-25 20:21:36.125   Time stamp of our file: 2026-04-30 13:57:10.000
2026-06-25 20:21:36.125   Dest file exists.
2026-06-25 20:21:36.125   Time stamp of existing file: 2026-04-30 13:57:10.000
2026-06-25 20:21:36.125   Installing the file.
2026-06-25 20:21:36.127   Successfully installed the file.
2026-06-25 20:21:36.127   -- File entry --
2026-06-25 20:21:36.127   Dest filename: C:\Program Files\SamaHesab\server\Microsoft.AspNetCore.ResponseCaching.dll
2026-06-25 20:21:36.127   Time stamp of our file: 2026-04-30 13:57:10.000
2026-06-25 20:21:36.127   Dest file exists.
2026-06-25 20:21:36.127   Time stamp of existing file: 2026-04-30 13:57:10.000
2026-06-25 20:21:36.127   Installing the file.
2026-06-25 20:21:36.131   Successfully installed the file.
2026-06-25 20:21:36.131   -- File entry --
2026-06-25 20:21:36.131   Dest filename: C:\Program Files\SamaHesab\server\Microsoft.AspNetCore.ResponseCompression.dll
2026-06-25 20:21:36.131   Time stamp of our file: 2026-04-30 13:57:10.000
2026-06-25 20:21:36.131   Dest file exists.
2026-06-25 20:21:36.131   Time stamp of existing file: 2026-04-30 13:57:10.000
2026-06-25 20:21:36.131   Installing the file.
2026-06-25 20:21:36.133   Successfully installed the file.
2026-06-25 20:21:36.133   -- File entry --
2026-06-25 20:21:36.133   Dest filename: C:\Program Files\SamaHesab\server\Microsoft.AspNetCore.Rewrite.dll
2026-06-25 20:21:36.133   Time stamp of our file: 2026-04-30 13:57:10.000
2026-06-25 20:21:36.133   Dest file exists.
2026-06-25 20:21:36.133   Time stamp of existing file: 2026-04-30 13:57:10.000
2026-06-25 20:21:36.133   Installing the file.
2026-06-25 20:21:36.138   Successfully installed the file.
2026-06-25 20:21:36.138   -- File entry --
2026-06-25 20:21:36.138   Dest filename: C:\Program Files\SamaHesab\server\Microsoft.AspNetCore.Routing.Abstractions.dll
2026-06-25 20:21:36.138   Time stamp of our file: 2026-04-30 13:57:10.000
2026-06-25 20:21:36.138   Dest file exists.
2026-06-25 20:21:36.138   Time stamp of existing file: 2026-04-30 13:57:10.000
2026-06-25 20:21:36.138   Installing the file.
2026-06-25 20:21:36.140   Successfully installed the file.
2026-06-25 20:21:36.140   -- File entry --
2026-06-25 20:21:36.140   Dest filename: C:\Program Files\SamaHesab\server\Microsoft.AspNetCore.Routing.dll
2026-06-25 20:21:36.140   Time stamp of our file: 2026-04-30 13:57:10.000
2026-06-25 20:21:36.140   Dest file exists.
2026-06-25 20:21:36.140   Time stamp of existing file: 2026-04-30 13:57:10.000
2026-06-25 20:21:36.140   Installing the file.
2026-06-25 20:21:36.159   Successfully installed the file.
2026-06-25 20:21:36.159   -- File entry --
2026-06-25 20:21:36.159   Dest filename: C:\Program Files\SamaHesab\server\Microsoft.AspNetCore.Server.HttpSys.dll
2026-06-25 20:21:36.159   Time stamp of our file: 2026-04-30 13:57:10.000
2026-06-25 20:21:36.159   Dest file exists.
2026-06-25 20:21:36.159   Time stamp of existing file: 2026-04-30 13:57:10.000
2026-06-25 20:21:36.159   Installing the file.
2026-06-25 20:21:36.174   Successfully installed the file.
2026-06-25 20:21:36.174   -- File entry --
2026-06-25 20:21:36.174   Dest filename: C:\Program Files\SamaHesab\server\Microsoft.AspNetCore.Server.IIS.dll
2026-06-25 20:21:36.174   Time stamp of our file: 2026-04-30 13:57:12.000
2026-06-25 20:21:36.174   Dest file exists.
2026-06-25 20:21:36.174   Time stamp of existing file: 2026-04-30 13:57:12.000
2026-06-25 20:21:36.174   Installing the file.
2026-06-25 20:21:36.187   Successfully installed the file.
2026-06-25 20:21:36.187   -- File entry --
2026-06-25 20:21:36.187   Dest filename: C:\Program Files\SamaHesab\server\Microsoft.AspNetCore.Server.IISIntegration.dll
2026-06-25 20:21:36.187   Time stamp of our file: 2026-04-30 13:57:12.000
2026-06-25 20:21:36.187   Dest file exists.
2026-06-25 20:21:36.187   Time stamp of existing file: 2026-04-30 13:57:12.000
2026-06-25 20:21:36.187   Installing the file.
2026-06-25 20:21:36.189   Successfully installed the file.
2026-06-25 20:21:36.189   -- File entry --
2026-06-25 20:21:36.189   Dest filename: C:\Program Files\SamaHesab\server\Microsoft.AspNetCore.Server.Kestrel.Core.dll
2026-06-25 20:21:36.189   Time stamp of our file: 2026-04-30 13:57:12.000
2026-06-25 20:21:36.189   Dest file exists.
2026-06-25 20:21:36.189   Time stamp of existing file: 2026-04-30 13:57:12.000
2026-06-25 20:21:36.189   Installing the file.
2026-06-25 20:21:36.238   Successfully installed the file.
2026-06-25 20:21:36.238   -- File entry --
2026-06-25 20:21:36.238   Dest filename: C:\Program Files\SamaHesab\server\Microsoft.AspNetCore.Server.Kestrel.dll
2026-06-25 20:21:36.238   Time stamp of our file: 2026-04-30 13:57:12.000
2026-06-25 20:21:36.238   Dest file exists.
2026-06-25 20:21:36.238   Time stamp of existing file: 2026-04-30 13:57:12.000
2026-06-25 20:21:36.238   Installing the file.
2026-06-25 20:21:36.239   Successfully installed the file.
2026-06-25 20:21:36.239   -- File entry --
2026-06-25 20:21:36.239   Dest filename: C:\Program Files\SamaHesab\server\Microsoft.AspNetCore.Server.Kestrel.Transport.NamedPipes.dll
2026-06-25 20:21:36.240   Time stamp of our file: 2026-04-30 13:57:12.000
2026-06-25 20:21:36.240   Dest file exists.
2026-06-25 20:21:36.240   Time stamp of existing file: 2026-04-30 13:57:12.000
2026-06-25 20:21:36.240   Installing the file.
2026-06-25 20:21:36.243   Successfully installed the file.
2026-06-25 20:21:36.243   -- File entry --
2026-06-25 20:21:36.243   Dest filename: C:\Program Files\SamaHesab\server\Microsoft.AspNetCore.Server.Kestrel.Transport.Quic.dll
2026-06-25 20:21:36.243   Time stamp of our file: 2026-04-30 13:57:14.000
2026-06-25 20:21:36.243   Dest file exists.
2026-06-25 20:21:36.243   Time stamp of existing file: 2026-04-30 13:57:14.000
2026-06-25 20:21:36.243   Installing the file.
2026-06-25 20:21:36.248   Successfully installed the file.
2026-06-25 20:21:36.248   -- File entry --
2026-06-25 20:21:36.248   Dest filename: C:\Program Files\SamaHesab\server\Microsoft.AspNetCore.Server.Kestrel.Transport.Sockets.dll
2026-06-25 20:21:36.248   Time stamp of our file: 2026-04-30 13:57:14.000
2026-06-25 20:21:36.248   Dest file exists.
2026-06-25 20:21:36.248   Time stamp of existing file: 2026-04-30 13:57:14.000
2026-06-25 20:21:36.248   Installing the file.
2026-06-25 20:21:36.252   Successfully installed the file.
2026-06-25 20:21:36.252   -- File entry --
2026-06-25 20:21:36.252   Dest filename: C:\Program Files\SamaHesab\server\Microsoft.AspNetCore.Session.dll
2026-06-25 20:21:36.252   Time stamp of our file: 2026-04-30 13:57:14.000
2026-06-25 20:21:36.252   Dest file exists.
2026-06-25 20:21:36.252   Time stamp of existing file: 2026-04-30 13:57:14.000
2026-06-25 20:21:36.252   Installing the file.
2026-06-25 20:21:36.254   Successfully installed the file.
2026-06-25 20:21:36.254   -- File entry --
2026-06-25 20:21:36.254   Dest filename: C:\Program Files\SamaHesab\server\Microsoft.AspNetCore.SignalR.Common.dll
2026-06-25 20:21:36.255   Time stamp of our file: 2026-04-30 13:57:14.000
2026-06-25 20:21:36.255   Dest file exists.
2026-06-25 20:21:36.255   Time stamp of existing file: 2026-04-30 13:57:14.000
2026-06-25 20:21:36.255   Installing the file.
2026-06-25 20:21:36.257   Successfully installed the file.
2026-06-25 20:21:36.257   -- File entry --
2026-06-25 20:21:36.257   Dest filename: C:\Program Files\SamaHesab\server\Microsoft.AspNetCore.SignalR.Core.dll
2026-06-25 20:21:36.257   Time stamp of our file: 2026-04-30 13:57:14.000
2026-06-25 20:21:36.257   Dest file exists.
2026-06-25 20:21:36.257   Time stamp of existing file: 2026-04-30 13:57:14.000
2026-06-25 20:21:36.257   Installing the file.
2026-06-25 20:21:36.268   Successfully installed the file.
2026-06-25 20:21:36.268   -- File entry --
2026-06-25 20:21:36.268   Dest filename: C:\Program Files\SamaHesab\server\Microsoft.AspNetCore.SignalR.dll
2026-06-25 20:21:36.268   Time stamp of our file: 2026-04-30 13:57:14.000
2026-06-25 20:21:36.268   Dest file exists.
2026-06-25 20:21:36.268   Time stamp of existing file: 2026-04-30 13:57:14.000
2026-06-25 20:21:36.268   Installing the file.
2026-06-25 20:21:36.270   Successfully installed the file.
2026-06-25 20:21:36.270   -- File entry --
2026-06-25 20:21:36.270   Dest filename: C:\Program Files\SamaHesab\server\Microsoft.AspNetCore.SignalR.Protocols.Json.dll
2026-06-25 20:21:36.270   Time stamp of our file: 2026-04-30 13:57:14.000
2026-06-25 20:21:36.270   Dest file exists.
2026-06-25 20:21:36.270   Time stamp of existing file: 2026-04-30 13:57:14.000
2026-06-25 20:21:36.270   Installing the file.
2026-06-25 20:21:36.272   Successfully installed the file.
2026-06-25 20:21:36.272   -- File entry --
2026-06-25 20:21:36.272   Dest filename: C:\Program Files\SamaHesab\server\Microsoft.AspNetCore.StaticAssets.dll
2026-06-25 20:21:36.272   Time stamp of our file: 2026-04-30 13:57:14.000
2026-06-25 20:21:36.272   Dest file exists.
2026-06-25 20:21:36.272   Time stamp of existing file: 2026-04-30 13:57:14.000
2026-06-25 20:21:36.272   Installing the file.
2026-06-25 20:21:36.277   Successfully installed the file.
2026-06-25 20:21:36.277   -- File entry --
2026-06-25 20:21:36.277   Dest filename: C:\Program Files\SamaHesab\server\Microsoft.AspNetCore.StaticFiles.dll
2026-06-25 20:21:36.277   Time stamp of our file: 2026-04-30 13:57:16.000
2026-06-25 20:21:36.277   Dest file exists.
2026-06-25 20:21:36.277   Time stamp of existing file: 2026-04-30 13:57:16.000
2026-06-25 20:21:36.277   Installing the file.
2026-06-25 20:21:36.280   Successfully installed the file.
2026-06-25 20:21:36.281   -- File entry --
2026-06-25 20:21:36.281   Dest filename: C:\Program Files\SamaHesab\server\Microsoft.AspNetCore.WebSockets.dll
2026-06-25 20:21:36.281   Time stamp of our file: 2026-04-30 13:57:16.000
2026-06-25 20:21:36.281   Dest file exists.
2026-06-25 20:21:36.281   Time stamp of existing file: 2026-04-30 13:57:16.000
2026-06-25 20:21:36.281   Installing the file.
2026-06-25 20:21:36.283   Successfully installed the file.
2026-06-25 20:21:36.283   -- File entry --
2026-06-25 20:21:36.283   Dest filename: C:\Program Files\SamaHesab\server\Microsoft.AspNetCore.WebUtilities.dll
2026-06-25 20:21:36.283   Time stamp of our file: 2026-04-30 13:57:16.000
2026-06-25 20:21:36.283   Dest file exists.
2026-06-25 20:21:36.283   Time stamp of existing file: 2026-04-30 13:57:16.000
2026-06-25 20:21:36.283   Installing the file.
2026-06-25 20:21:36.289   Successfully installed the file.
2026-06-25 20:21:36.289   -- File entry --
2026-06-25 20:21:36.289   Dest filename: C:\Program Files\SamaHesab\server\Microsoft.Bcl.AsyncInterfaces.dll
2026-06-25 20:21:36.289   Time stamp of our file: 2020-04-15 02:09:12.000
2026-06-25 20:21:36.289   Dest file exists.
2026-06-25 20:21:36.289   Time stamp of existing file: 2020-04-15 02:09:12.000
2026-06-25 20:21:36.289   Installing the file.
2026-06-25 20:21:36.290   Successfully installed the file.
2026-06-25 20:21:36.290   -- File entry --
2026-06-25 20:21:36.290   Dest filename: C:\Program Files\SamaHesab\server\Microsoft.CSharp.dll
2026-06-25 20:21:36.290   Time stamp of our file: 2026-04-30 03:06:42.000
2026-06-25 20:21:36.290   Dest file exists.
2026-06-25 20:21:36.290   Time stamp of existing file: 2026-04-30 03:06:42.000
2026-06-25 20:21:36.290   Installing the file.
2026-06-25 20:21:36.314   Successfully installed the file.
2026-06-25 20:21:36.314   -- File entry --
2026-06-25 20:21:36.314   Dest filename: C:\Program Files\SamaHesab\server\Microsoft.Data.SqlClient.dll
2026-06-25 20:21:36.314   Time stamp of our file: 2024-08-27 22:16:52.000
2026-06-25 20:21:36.314   Dest file exists.
2026-06-25 20:21:36.314   Time stamp of existing file: 2024-08-27 22:16:52.000
2026-06-25 20:21:36.314   Installing the file.
2026-06-25 20:21:36.347   Successfully installed the file.
2026-06-25 20:21:36.348   -- File entry --
2026-06-25 20:21:36.348   Dest filename: C:\Program Files\SamaHesab\server\Microsoft.Data.SqlClient.SNI.dll
2026-06-25 20:21:36.348   Time stamp of our file: 2024-02-21 02:00:22.000
2026-06-25 20:21:36.348   Dest file exists.
2026-06-25 20:21:36.348   Time stamp of existing file: 2024-02-21 02:00:22.000
2026-06-25 20:21:36.348   Installing the file.
2026-06-25 20:21:36.359   Successfully installed the file.
2026-06-25 20:21:36.359   -- File entry --
2026-06-25 20:21:36.359   Dest filename: C:\Program Files\SamaHesab\server\Microsoft.DiaSymReader.Native.amd64.dll
2026-06-25 20:21:36.359   Time stamp of our file: 2024-11-27 07:48:14.000
2026-06-25 20:21:36.359   Dest file exists.
2026-06-25 20:21:36.359   Time stamp of existing file: 2024-11-27 07:48:14.000
2026-06-25 20:21:36.359   Installing the file.
2026-06-25 20:21:36.401   Successfully installed the file.
2026-06-25 20:21:36.401   -- File entry --
2026-06-25 20:21:36.401   Dest filename: C:\Program Files\SamaHesab\server\Microsoft.EntityFrameworkCore.Abstractions.dll
2026-06-25 20:21:36.401   Time stamp of our file: 2024-10-29 13:27:06.000
2026-06-25 20:21:36.401   Dest file exists.
2026-06-25 20:21:36.401   Time stamp of existing file: 2024-10-29 13:27:06.000
2026-06-25 20:21:36.401   Installing the file.
2026-06-25 20:21:36.402   Successfully installed the file.
2026-06-25 20:21:36.402   -- File entry --
2026-06-25 20:21:36.402   Dest filename: C:\Program Files\SamaHesab\server\Microsoft.EntityFrameworkCore.dll
2026-06-25 20:21:36.402   Time stamp of our file: 2024-10-29 13:27:48.000
2026-06-25 20:21:36.403   Dest file exists.
2026-06-25 20:21:36.403   Time stamp of existing file: 2024-10-29 13:27:48.000
2026-06-25 20:21:36.403   Installing the file.
2026-06-25 20:21:36.447   Successfully installed the file.
2026-06-25 20:21:36.447   -- File entry --
2026-06-25 20:21:36.447   Dest filename: C:\Program Files\SamaHesab\server\Microsoft.EntityFrameworkCore.Relational.dll
2026-06-25 20:21:36.447   Time stamp of our file: 2024-10-29 13:28:16.000
2026-06-25 20:21:36.447   Dest file exists.
2026-06-25 20:21:36.447   Time stamp of existing file: 2024-10-29 13:28:16.000
2026-06-25 20:21:36.447   Installing the file.
2026-06-25 20:21:36.484   Successfully installed the file.
2026-06-25 20:21:36.484   -- File entry --
2026-06-25 20:21:36.484   Dest filename: C:\Program Files\SamaHesab\server\Microsoft.EntityFrameworkCore.SqlServer.dll
2026-06-25 20:21:36.484   Time stamp of our file: 2024-10-29 13:29:26.000
2026-06-25 20:21:36.484   Dest file exists.
2026-06-25 20:21:36.484   Time stamp of existing file: 2024-10-29 13:29:26.000
2026-06-25 20:21:36.484   Installing the file.
2026-06-25 20:21:36.496   Successfully installed the file.
2026-06-25 20:21:36.496   -- File entry --
2026-06-25 20:21:36.496   Dest filename: C:\Program Files\SamaHesab\server\Microsoft.Extensions.Caching.Abstractions.dll
2026-06-25 20:21:36.496   Time stamp of our file: 2026-04-30 13:56:44.000
2026-06-25 20:21:36.496   Dest file exists.
2026-06-25 20:21:36.496   Time stamp of existing file: 2026-04-30 13:56:44.000
2026-06-25 20:21:36.496   Installing the file.
2026-06-25 20:21:36.497   Successfully installed the file.
2026-06-25 20:21:36.497   -- File entry --
2026-06-25 20:21:36.497   Dest filename: C:\Program Files\SamaHesab\server\Microsoft.Extensions.Caching.Memory.dll
2026-06-25 20:21:36.497   Time stamp of our file: 2026-04-30 13:56:44.000
2026-06-25 20:21:36.497   Dest file exists.
2026-06-25 20:21:36.497   Time stamp of existing file: 2026-04-30 13:56:44.000
2026-06-25 20:21:36.497   Installing the file.
2026-06-25 20:21:36.501   Successfully installed the file.
2026-06-25 20:21:36.501   -- File entry --
2026-06-25 20:21:36.501   Dest filename: C:\Program Files\SamaHesab\server\Microsoft.Extensions.Configuration.Abstractions.dll
2026-06-25 20:21:36.501   Time stamp of our file: 2026-04-30 13:56:44.000
2026-06-25 20:21:36.501   Dest file exists.
2026-06-25 20:21:36.501   Time stamp of existing file: 2026-04-30 13:56:44.000
2026-06-25 20:21:36.501   Installing the file.
2026-06-25 20:21:36.503   Successfully installed the file.
2026-06-25 20:21:36.503   -- File entry --
2026-06-25 20:21:36.503   Dest filename: C:\Program Files\SamaHesab\server\Microsoft.Extensions.Configuration.Binder.dll
2026-06-25 20:21:36.503   Time stamp of our file: 2026-04-30 13:56:44.000
2026-06-25 20:21:36.503   Dest file exists.
2026-06-25 20:21:36.503   Time stamp of existing file: 2026-04-30 13:56:44.000
2026-06-25 20:21:36.503   Installing the file.
2026-06-25 20:21:36.505   Successfully installed the file.
2026-06-25 20:21:36.505   -- File entry --
2026-06-25 20:21:36.505   Dest filename: C:\Program Files\SamaHesab\server\Microsoft.Extensions.Configuration.CommandLine.dll
2026-06-25 20:21:36.505   Time stamp of our file: 2026-04-30 13:56:46.000
2026-06-25 20:21:36.505   Dest file exists.
2026-06-25 20:21:36.505   Time stamp of existing file: 2026-04-30 13:56:46.000
2026-06-25 20:21:36.505   Installing the file.
2026-06-25 20:21:36.506   Successfully installed the file.
2026-06-25 20:21:36.507   -- File entry --
2026-06-25 20:21:36.507   Dest filename: C:\Program Files\SamaHesab\server\Microsoft.Extensions.Configuration.dll
2026-06-25 20:21:36.507   Time stamp of our file: 2026-04-30 13:56:44.000
2026-06-25 20:21:36.507   Dest file exists.
2026-06-25 20:21:36.507   Time stamp of existing file: 2026-04-30 13:56:44.000
2026-06-25 20:21:36.507   Installing the file.
2026-06-25 20:21:36.509   Successfully installed the file.
2026-06-25 20:21:36.509   -- File entry --
2026-06-25 20:21:36.509   Dest filename: C:\Program Files\SamaHesab\server\Microsoft.Extensions.Configuration.EnvironmentVariables.dll
2026-06-25 20:21:36.509   Time stamp of our file: 2026-04-30 13:56:46.000
2026-06-25 20:21:36.509   Dest file exists.
2026-06-25 20:21:36.509   Time stamp of existing file: 2026-04-30 13:56:46.000
2026-06-25 20:21:36.509   Installing the file.
2026-06-25 20:21:36.510   Successfully installed the file.
2026-06-25 20:21:36.510   -- File entry --
2026-06-25 20:21:36.510   Dest filename: C:\Program Files\SamaHesab\server\Microsoft.Extensions.Configuration.FileExtensions.dll
2026-06-25 20:21:36.510   Time stamp of our file: 2026-04-30 13:56:46.000
2026-06-25 20:21:36.510   Dest file exists.
2026-06-25 20:21:36.510   Time stamp of existing file: 2026-04-30 13:56:46.000
2026-06-25 20:21:36.510   Installing the file.
2026-06-25 20:21:36.512   Successfully installed the file.
2026-06-25 20:21:36.512   -- File entry --
2026-06-25 20:21:36.512   Dest filename: C:\Program Files\SamaHesab\server\Microsoft.Extensions.Configuration.Ini.dll
2026-06-25 20:21:36.513   Time stamp of our file: 2026-04-30 13:56:46.000
2026-06-25 20:21:36.513   Dest file exists.
2026-06-25 20:21:36.513   Time stamp of existing file: 2026-04-30 13:56:46.000
2026-06-25 20:21:36.513   Installing the file.
2026-06-25 20:21:36.514   Successfully installed the file.
2026-06-25 20:21:36.514   -- File entry --
2026-06-25 20:21:36.514   Dest filename: C:\Program Files\SamaHesab\server\Microsoft.Extensions.Configuration.Json.dll
2026-06-25 20:21:36.514   Time stamp of our file: 2026-04-30 13:56:46.000
2026-06-25 20:21:36.514   Dest file exists.
2026-06-25 20:21:36.514   Time stamp of existing file: 2026-04-30 13:56:46.000
2026-06-25 20:21:36.514   Installing the file.
2026-06-25 20:21:36.516   Successfully installed the file.
2026-06-25 20:21:36.516   -- File entry --
2026-06-25 20:21:36.516   Dest filename: C:\Program Files\SamaHesab\server\Microsoft.Extensions.Configuration.KeyPerFile.dll
2026-06-25 20:21:36.516   Time stamp of our file: 2026-04-30 13:57:16.000
2026-06-25 20:21:36.516   Dest file exists.
2026-06-25 20:21:36.516   Time stamp of existing file: 2026-04-30 13:57:16.000
2026-06-25 20:21:36.516   Installing the file.
2026-06-25 20:21:36.517   Successfully installed the file.
2026-06-25 20:21:36.517   -- File entry --
2026-06-25 20:21:36.518   Dest filename: C:\Program Files\SamaHesab\server\Microsoft.Extensions.Configuration.UserSecrets.dll
2026-06-25 20:21:36.518   Time stamp of our file: 2026-04-30 13:56:46.000
2026-06-25 20:21:36.518   Dest file exists.
2026-06-25 20:21:36.518   Time stamp of existing file: 2026-04-30 13:56:46.000
2026-06-25 20:21:36.518   Installing the file.
2026-06-25 20:21:36.519   Successfully installed the file.
2026-06-25 20:21:36.519   -- File entry --
2026-06-25 20:21:36.519   Dest filename: C:\Program Files\SamaHesab\server\Microsoft.Extensions.Configuration.Xml.dll
2026-06-25 20:21:36.519   Time stamp of our file: 2026-04-30 13:56:46.000
2026-06-25 20:21:36.519   Dest file exists.
2026-06-25 20:21:36.519   Time stamp of existing file: 2026-04-30 13:56:46.000
2026-06-25 20:21:36.519   Installing the file.
2026-06-25 20:21:36.521   Successfully installed the file.
2026-06-25 20:21:36.521   -- File entry --
2026-06-25 20:21:36.521   Dest filename: C:\Program Files\SamaHesab\server\Microsoft.Extensions.DependencyInjection.Abstractions.dll
2026-06-25 20:21:36.521   Time stamp of our file: 2026-04-30 13:56:46.000
2026-06-25 20:21:36.521   Dest file exists.
2026-06-25 20:21:36.521   Time stamp of existing file: 2026-04-30 13:56:46.000
2026-06-25 20:21:36.521   Installing the file.
2026-06-25 20:21:36.524   Successfully installed the file.
2026-06-25 20:21:36.524   -- File entry --
2026-06-25 20:21:36.524   Dest filename: C:\Program Files\SamaHesab\server\Microsoft.Extensions.DependencyInjection.dll
2026-06-25 20:21:36.525   Time stamp of our file: 2026-04-30 13:56:46.000
2026-06-25 20:21:36.525   Dest file exists.
2026-06-25 20:21:36.525   Time stamp of existing file: 2026-04-30 13:56:46.000
2026-06-25 20:21:36.525   Installing the file.
2026-06-25 20:21:36.530   Successfully installed the file.
2026-06-25 20:21:36.530   -- File entry --
2026-06-25 20:21:36.530   Dest filename: C:\Program Files\SamaHesab\server\Microsoft.Extensions.Diagnostics.Abstractions.dll
2026-06-25 20:21:36.530   Time stamp of our file: 2026-04-30 13:56:48.000
2026-06-25 20:21:36.530   Dest file exists.
2026-06-25 20:21:36.530   Time stamp of existing file: 2026-04-30 13:56:48.000
2026-06-25 20:21:36.530   Installing the file.
2026-06-25 20:21:36.531   Successfully installed the file.
2026-06-25 20:21:36.531   -- File entry --
2026-06-25 20:21:36.531   Dest filename: C:\Program Files\SamaHesab\server\Microsoft.Extensions.Diagnostics.dll
2026-06-25 20:21:36.531   Time stamp of our file: 2026-04-30 13:56:48.000
2026-06-25 20:21:36.531   Dest file exists.
2026-06-25 20:21:36.531   Time stamp of existing file: 2026-04-30 13:56:48.000
2026-06-25 20:21:36.531   Installing the file.
2026-06-25 20:21:36.533   Successfully installed the file.
2026-06-25 20:21:36.533   -- File entry --
2026-06-25 20:21:36.533   Dest filename: C:\Program Files\SamaHesab\server\Microsoft.Extensions.Diagnostics.HealthChecks.Abstractions.dll
2026-06-25 20:21:36.533   Time stamp of our file: 2026-04-30 13:57:16.000
2026-06-25 20:21:36.533   Dest file exists.
2026-06-25 20:21:36.533   Time stamp of existing file: 2026-04-30 13:57:16.000
2026-06-25 20:21:36.533   Installing the file.
2026-06-25 20:21:36.535   Successfully installed the file.
2026-06-25 20:21:36.535   -- File entry --
2026-06-25 20:21:36.535   Dest filename: C:\Program Files\SamaHesab\server\Microsoft.Extensions.Diagnostics.HealthChecks.dll
2026-06-25 20:21:36.535   Time stamp of our file: 2026-04-30 13:57:16.000
2026-06-25 20:21:36.535   Dest file exists.
2026-06-25 20:21:36.535   Time stamp of existing file: 2026-04-30 13:57:16.000
2026-06-25 20:21:36.535   Installing the file.
2026-06-25 20:21:36.538   Successfully installed the file.
2026-06-25 20:21:36.538   -- File entry --
2026-06-25 20:21:36.538   Dest filename: C:\Program Files\SamaHesab\server\Microsoft.Extensions.Features.dll
2026-06-25 20:21:36.538   Time stamp of our file: 2026-04-30 13:57:16.000
2026-06-25 20:21:36.538   Dest file exists.
2026-06-25 20:21:36.538   Time stamp of existing file: 2026-04-30 13:57:16.000
2026-06-25 20:21:36.538   Installing the file.
2026-06-25 20:21:36.539   Successfully installed the file.
2026-06-25 20:21:36.539   -- File entry --
2026-06-25 20:21:36.539   Dest filename: C:\Program Files\SamaHesab\server\Microsoft.Extensions.FileProviders.Abstractions.dll
2026-06-25 20:21:36.539   Time stamp of our file: 2026-04-30 13:56:48.000
2026-06-25 20:21:36.539   Dest file exists.
2026-06-25 20:21:36.539   Time stamp of existing file: 2026-04-30 13:56:48.000
2026-06-25 20:21:36.539   Installing the file.
2026-06-25 20:21:36.540   Successfully installed the file.
2026-06-25 20:21:36.540   -- File entry --
2026-06-25 20:21:36.540   Dest filename: C:\Program Files\SamaHesab\server\Microsoft.Extensions.FileProviders.Composite.dll
2026-06-25 20:21:36.541   Time stamp of our file: 2026-04-30 13:56:48.000
2026-06-25 20:21:36.541   Dest file exists.
2026-06-25 20:21:36.541   Time stamp of existing file: 2026-04-30 13:56:48.000
2026-06-25 20:21:36.541   Installing the file.
2026-06-25 20:21:36.542   Successfully installed the file.
2026-06-25 20:21:36.542   -- File entry --
2026-06-25 20:21:36.542   Dest filename: C:\Program Files\SamaHesab\server\Microsoft.Extensions.FileProviders.Embedded.dll
2026-06-25 20:21:36.542   Time stamp of our file: 2026-04-30 13:57:16.000
2026-06-25 20:21:36.542   Dest file exists.
2026-06-25 20:21:36.542   Time stamp of existing file: 2026-04-30 13:57:16.000
2026-06-25 20:21:36.542   Installing the file.
2026-06-25 20:21:36.544   Successfully installed the file.
2026-06-25 20:21:36.544   -- File entry --
2026-06-25 20:21:36.544   Dest filename: C:\Program Files\SamaHesab\server\Microsoft.Extensions.FileProviders.Physical.dll
2026-06-25 20:21:36.544   Time stamp of our file: 2026-04-30 13:56:48.000
2026-06-25 20:21:36.544   Dest file exists.
2026-06-25 20:21:36.544   Time stamp of existing file: 2026-04-30 13:56:48.000
2026-06-25 20:21:36.544   Installing the file.
2026-06-25 20:21:36.547   Successfully installed the file.
2026-06-25 20:21:36.547   -- File entry --
2026-06-25 20:21:36.547   Dest filename: C:\Program Files\SamaHesab\server\Microsoft.Extensions.FileSystemGlobbing.dll
2026-06-25 20:21:36.547   Time stamp of our file: 2026-04-30 13:56:48.000
2026-06-25 20:21:36.547   Dest file exists.
2026-06-25 20:21:36.547   Time stamp of existing file: 2026-04-30 13:56:48.000
2026-06-25 20:21:36.547   Installing the file.
2026-06-25 20:21:36.550   Successfully installed the file.
2026-06-25 20:21:36.550   -- File entry --
2026-06-25 20:21:36.550   Dest filename: C:\Program Files\SamaHesab\server\Microsoft.Extensions.Hosting.Abstractions.dll
2026-06-25 20:21:36.550   Time stamp of our file: 2026-04-30 13:56:48.000
2026-06-25 20:21:36.550   Dest file exists.
2026-06-25 20:21:36.550   Time stamp of existing file: 2026-04-30 13:56:48.000
2026-06-25 20:21:36.550   Installing the file.
2026-06-25 20:21:36.552   Successfully installed the file.
2026-06-25 20:21:36.552   -- File entry --
2026-06-25 20:21:36.552   Dest filename: C:\Program Files\SamaHesab\server\Microsoft.Extensions.Hosting.dll
2026-06-25 20:21:36.552   Time stamp of our file: 2026-04-30 13:56:48.000
2026-06-25 20:21:36.552   Dest file exists.
2026-06-25 20:21:36.552   Time stamp of existing file: 2026-04-30 13:56:48.000
2026-06-25 20:21:36.552   Installing the file.
2026-06-25 20:21:36.556   Successfully installed the file.
2026-06-25 20:21:36.556   -- File entry --
2026-06-25 20:21:36.556   Dest filename: C:\Program Files\SamaHesab\server\Microsoft.Extensions.Hosting.WindowsServices.dll
2026-06-25 20:21:36.556   Time stamp of our file: 2024-10-29 06:09:00.000
2026-06-25 20:21:36.556   Dest file exists.
2026-06-25 20:21:36.556   Time stamp of existing file: 2024-10-29 06:09:00.000
2026-06-25 20:21:36.556   Installing the file.
2026-06-25 20:21:36.557   Successfully installed the file.
2026-06-25 20:21:36.557   -- File entry --
2026-06-25 20:21:36.557   Dest filename: C:\Program Files\SamaHesab\server\Microsoft.Extensions.Http.dll
2026-06-25 20:21:36.557   Time stamp of our file: 2026-04-30 13:56:48.000
2026-06-25 20:21:36.557   Dest file exists.
2026-06-25 20:21:36.557   Time stamp of existing file: 2026-04-30 13:56:48.000
2026-06-25 20:21:36.557   Installing the file.
2026-06-25 20:21:36.563   Successfully installed the file.
2026-06-25 20:21:36.563   -- File entry --
2026-06-25 20:21:36.563   Dest filename: C:\Program Files\SamaHesab\server\Microsoft.Extensions.Identity.Core.dll
2026-06-25 20:21:36.563   Time stamp of our file: 2026-04-30 13:57:16.000
2026-06-25 20:21:36.563   Dest file exists.
2026-06-25 20:21:36.563   Time stamp of existing file: 2026-04-30 13:57:16.000
2026-06-25 20:21:36.563   Installing the file.
2026-06-25 20:21:36.572   Successfully installed the file.
2026-06-25 20:21:36.572   -- File entry --
2026-06-25 20:21:36.572   Dest filename: C:\Program Files\SamaHesab\server\Microsoft.Extensions.Identity.Stores.dll
2026-06-25 20:21:36.572   Time stamp of our file: 2026-04-30 13:57:18.000
2026-06-25 20:21:36.572   Dest file exists.
2026-06-25 20:21:36.572   Time stamp of existing file: 2026-04-30 13:57:18.000
2026-06-25 20:21:36.572   Installing the file.
2026-06-25 20:21:36.574   Successfully installed the file.
2026-06-25 20:21:36.574   -- File entry --
2026-06-25 20:21:36.574   Dest filename: C:\Program Files\SamaHesab\server\Microsoft.Extensions.Localization.Abstractions.dll
2026-06-25 20:21:36.574   Time stamp of our file: 2026-04-30 13:57:18.000
2026-06-25 20:21:36.574   Dest file exists.
2026-06-25 20:21:36.574   Time stamp of existing file: 2026-04-30 13:57:18.000
2026-06-25 20:21:36.574   Installing the file.
2026-06-25 20:21:36.575   Successfully installed the file.
2026-06-25 20:21:36.575   -- File entry --
2026-06-25 20:21:36.575   Dest filename: C:\Program Files\SamaHesab\server\Microsoft.Extensions.Localization.dll
2026-06-25 20:21:36.575   Time stamp of our file: 2026-04-30 13:57:18.000
2026-06-25 20:21:36.575   Dest file exists.
2026-06-25 20:21:36.575   Time stamp of existing file: 2026-04-30 13:57:18.000
2026-06-25 20:21:36.575   Installing the file.
2026-06-25 20:21:36.576   Successfully installed the file.
2026-06-25 20:21:36.576   -- File entry --
2026-06-25 20:21:36.576   Dest filename: C:\Program Files\SamaHesab\server\Microsoft.Extensions.Logging.Abstractions.dll
2026-06-25 20:21:36.576   Time stamp of our file: 2026-04-30 13:56:50.000
2026-06-25 20:21:36.576   Dest file exists.
2026-06-25 20:21:36.576   Time stamp of existing file: 2026-04-30 13:56:50.000
2026-06-25 20:21:36.576   Installing the file.
2026-06-25 20:21:36.582   Successfully installed the file.
2026-06-25 20:21:36.582   -- File entry --
2026-06-25 20:21:36.582   Dest filename: C:\Program Files\SamaHesab\server\Microsoft.Extensions.Logging.Configuration.dll
2026-06-25 20:21:36.582   Time stamp of our file: 2026-04-30 13:56:50.000
2026-06-25 20:21:36.582   Dest file exists.
2026-06-25 20:21:36.582   Time stamp of existing file: 2026-04-30 13:56:50.000
2026-06-25 20:21:36.582   Installing the file.
2026-06-25 20:21:36.583   Successfully installed the file.
2026-06-25 20:21:36.583   -- File entry --
2026-06-25 20:21:36.583   Dest filename: C:\Program Files\SamaHesab\server\Microsoft.Extensions.Logging.Console.dll
2026-06-25 20:21:36.583   Time stamp of our file: 2026-04-30 13:56:50.000
2026-06-25 20:21:36.583   Dest file exists.
2026-06-25 20:21:36.584   Time stamp of existing file: 2026-04-30 13:56:50.000
2026-06-25 20:21:36.584   Installing the file.
2026-06-25 20:21:36.587   Successfully installed the file.
2026-06-25 20:21:36.587   -- File entry --
2026-06-25 20:21:36.587   Dest filename: C:\Program Files\SamaHesab\server\Microsoft.Extensions.Logging.Debug.dll
2026-06-25 20:21:36.587   Time stamp of our file: 2026-04-30 13:56:50.000
2026-06-25 20:21:36.587   Dest file exists.
2026-06-25 20:21:36.587   Time stamp of existing file: 2026-04-30 13:56:50.000
2026-06-25 20:21:36.587   Installing the file.
2026-06-25 20:21:36.588   Successfully installed the file.
2026-06-25 20:21:36.588   -- File entry --
2026-06-25 20:21:36.588   Dest filename: C:\Program Files\SamaHesab\server\Microsoft.Extensions.Logging.dll
2026-06-25 20:21:36.589   Time stamp of our file: 2026-04-30 13:56:48.000
2026-06-25 20:21:36.589   Dest file exists.
2026-06-25 20:21:36.589   Time stamp of existing file: 2026-04-30 13:56:48.000
2026-06-25 20:21:36.589   Installing the file.
2026-06-25 20:21:36.591   Successfully installed the file.
2026-06-25 20:21:36.591   -- File entry --
2026-06-25 20:21:36.591   Dest filename: C:\Program Files\SamaHesab\server\Microsoft.Extensions.Logging.EventLog.dll
2026-06-25 20:21:36.591   Time stamp of our file: 2026-04-30 13:56:50.000
2026-06-25 20:21:36.591   Dest file exists.
2026-06-25 20:21:36.591   Time stamp of existing file: 2026-04-30 13:56:50.000
2026-06-25 20:21:36.591   Installing the file.
2026-06-25 20:21:36.593   Successfully installed the file.
2026-06-25 20:21:36.593   -- File entry --
2026-06-25 20:21:36.593   Dest filename: C:\Program Files\SamaHesab\server\Microsoft.Extensions.Logging.EventSource.dll
2026-06-25 20:21:36.593   Time stamp of our file: 2026-04-30 13:56:50.000
2026-06-25 20:21:36.593   Dest file exists.
2026-06-25 20:21:36.593   Time stamp of existing file: 2026-04-30 13:56:50.000
2026-06-25 20:21:36.593   Installing the file.
2026-06-25 20:21:36.595   Successfully installed the file.
2026-06-25 20:21:36.595   -- File entry --
2026-06-25 20:21:36.595   Dest filename: C:\Program Files\SamaHesab\server\Microsoft.Extensions.Logging.TraceSource.dll
2026-06-25 20:21:36.595   Time stamp of our file: 2026-04-30 13:56:50.000
2026-06-25 20:21:36.595   Dest file exists.
2026-06-25 20:21:36.595   Time stamp of existing file: 2026-04-30 13:56:50.000
2026-06-25 20:21:36.595   Installing the file.
2026-06-25 20:21:36.596   Successfully installed the file.
2026-06-25 20:21:36.596   -- File entry --
2026-06-25 20:21:36.596   Dest filename: C:\Program Files\SamaHesab\server\Microsoft.Extensions.ObjectPool.dll
2026-06-25 20:21:36.596   Time stamp of our file: 2026-04-30 13:57:18.000
2026-06-25 20:21:36.596   Dest file exists.
2026-06-25 20:21:36.596   Time stamp of existing file: 2026-04-30 13:57:18.000
2026-06-25 20:21:36.596   Installing the file.
2026-06-25 20:21:36.598   Successfully installed the file.
2026-06-25 20:21:36.598   -- File entry --
2026-06-25 20:21:36.598   Dest filename: C:\Program Files\SamaHesab\server\Microsoft.Extensions.Options.ConfigurationExtensions.dll
2026-06-25 20:21:36.598   Time stamp of our file: 2026-04-30 13:56:50.000
2026-06-25 20:21:36.598   Dest file exists.
2026-06-25 20:21:36.598   Time stamp of existing file: 2026-04-30 13:56:50.000
2026-06-25 20:21:36.598   Installing the file.
2026-06-25 20:21:36.600   Successfully installed the file.
2026-06-25 20:21:36.600   -- File entry --
2026-06-25 20:21:36.600   Dest filename: C:\Program Files\SamaHesab\server\Microsoft.Extensions.Options.DataAnnotations.dll
2026-06-25 20:21:36.600   Time stamp of our file: 2026-04-30 13:56:50.000
2026-06-25 20:21:36.600   Dest file exists.
2026-06-25 20:21:36.600   Time stamp of existing file: 2026-04-30 13:56:50.000
2026-06-25 20:21:36.600   Installing the file.
2026-06-25 20:21:36.601   Successfully installed the file.
2026-06-25 20:21:36.601   -- File entry --
2026-06-25 20:21:36.601   Dest filename: C:\Program Files\SamaHesab\server\Microsoft.Extensions.Options.dll
2026-06-25 20:21:36.602   Time stamp of our file: 2026-04-30 13:56:50.000
2026-06-25 20:21:36.602   Dest file exists.
2026-06-25 20:21:36.602   Time stamp of existing file: 2026-04-30 13:56:50.000
2026-06-25 20:21:36.602   Installing the file.
2026-06-25 20:21:36.605   Successfully installed the file.
2026-06-25 20:21:36.605   -- File entry --
2026-06-25 20:21:36.605   Dest filename: C:\Program Files\SamaHesab\server\Microsoft.Extensions.Primitives.dll
2026-06-25 20:21:36.605   Time stamp of our file: 2026-04-30 13:56:52.000
2026-06-25 20:21:36.605   Dest file exists.
2026-06-25 20:21:36.605   Time stamp of existing file: 2026-04-30 13:56:52.000
2026-06-25 20:21:36.605   Installing the file.
2026-06-25 20:21:36.608   Successfully installed the file.
2026-06-25 20:21:36.608   -- File entry --
2026-06-25 20:21:36.608   Dest filename: C:\Program Files\SamaHesab\server\Microsoft.Extensions.WebEncoders.dll
2026-06-25 20:21:36.608   Time stamp of our file: 2026-04-30 13:57:18.000
2026-06-25 20:21:36.608   Dest file exists.
2026-06-25 20:21:36.608   Time stamp of existing file: 2026-04-30 13:57:18.000
2026-06-25 20:21:36.608   Installing the file.
2026-06-25 20:21:36.609   Successfully installed the file.
2026-06-25 20:21:36.609   -- File entry --
2026-06-25 20:21:36.609   Dest filename: C:\Program Files\SamaHesab\server\Microsoft.Identity.Client.dll
2026-06-25 20:21:36.609   Time stamp of our file: 2024-06-07 01:39:28.000
2026-06-25 20:21:36.609   Dest file exists.
2026-06-25 20:21:36.609   Time stamp of existing file: 2024-06-07 01:39:28.000
2026-06-25 20:21:36.610   Installing the file.
2026-06-25 20:21:36.628   Successfully installed the file.
2026-06-25 20:21:36.628   -- File entry --
2026-06-25 20:21:36.628   Dest filename: C:\Program Files\SamaHesab\server\Microsoft.Identity.Client.Extensions.Msal.dll
2026-06-25 20:21:36.628   Time stamp of our file: 2024-06-07 01:44:52.000
2026-06-25 20:21:36.628   Dest file exists.
2026-06-25 20:21:36.628   Time stamp of existing file: 2024-06-07 01:44:52.000
2026-06-25 20:21:36.628   Installing the file.
2026-06-25 20:21:36.630   Successfully installed the file.
2026-06-25 20:21:36.630   -- File entry --
2026-06-25 20:21:36.630   Dest filename: C:\Program Files\SamaHesab\server\Microsoft.IdentityModel.Abstractions.dll
2026-06-25 20:21:36.631   Time stamp of our file: 2024-07-23 03:08:36.000
2026-06-25 20:21:36.631   Dest file exists.
2026-06-25 20:21:36.631   Time stamp of existing file: 2024-07-23 03:08:36.000
2026-06-25 20:21:36.631   Installing the file.
2026-06-25 20:21:36.632   Successfully installed the file.
2026-06-25 20:21:36.632   -- File entry --
2026-06-25 20:21:36.632   Dest filename: C:\Program Files\SamaHesab\server\Microsoft.IdentityModel.JsonWebTokens.dll
2026-06-25 20:21:36.632   Time stamp of our file: 2024-07-23 03:09:16.000
2026-06-25 20:21:36.632   Dest file exists.
2026-06-25 20:21:36.632   Time stamp of existing file: 2024-07-23 03:09:16.000
2026-06-25 20:21:36.632   Installing the file.
2026-06-25 20:21:36.635   Successfully installed the file.
2026-06-25 20:21:36.635   -- File entry --
2026-06-25 20:21:36.635   Dest filename: C:\Program Files\SamaHesab\server\Microsoft.IdentityModel.Logging.dll
2026-06-25 20:21:36.635   Time stamp of our file: 2024-07-23 03:08:56.000
2026-06-25 20:21:36.635   Dest file exists.
2026-06-25 20:21:36.635   Time stamp of existing file: 2024-07-23 03:08:56.000
2026-06-25 20:21:36.635   Installing the file.
2026-06-25 20:21:36.636   Successfully installed the file.
2026-06-25 20:21:36.637   -- File entry --
2026-06-25 20:21:36.637   Dest filename: C:\Program Files\SamaHesab\server\Microsoft.IdentityModel.Protocols.dll
2026-06-25 20:21:36.637   Time stamp of our file: 2024-07-23 03:08:56.000
2026-06-25 20:21:36.637   Dest file exists.
2026-06-25 20:21:36.637   Time stamp of existing file: 2024-07-23 03:08:56.000
2026-06-25 20:21:36.637   Installing the file.
2026-06-25 20:21:36.638   Successfully installed the file.
2026-06-25 20:21:36.638   -- File entry --
2026-06-25 20:21:36.638   Dest filename: C:\Program Files\SamaHesab\server\Microsoft.IdentityModel.Protocols.OpenIdConnect.dll
2026-06-25 20:21:36.638   Time stamp of our file: 2024-07-23 03:08:56.000
2026-06-25 20:21:36.638   Dest file exists.
2026-06-25 20:21:36.638   Time stamp of existing file: 2024-07-23 03:08:56.000
2026-06-25 20:21:36.638   Installing the file.
2026-06-25 20:21:36.641   Successfully installed the file.
2026-06-25 20:21:36.641   -- File entry --
2026-06-25 20:21:36.641   Dest filename: C:\Program Files\SamaHesab\server\Microsoft.IdentityModel.Tokens.dll
2026-06-25 20:21:36.641   Time stamp of our file: 2024-07-23 03:08:36.000
2026-06-25 20:21:36.641   Dest file exists.
2026-06-25 20:21:36.641   Time stamp of existing file: 2024-07-23 03:08:36.000
2026-06-25 20:21:36.641   Installing the file.
2026-06-25 20:21:36.648   Successfully installed the file.
2026-06-25 20:21:36.648   -- File entry --
2026-06-25 20:21:36.648   Dest filename: C:\Program Files\SamaHesab\server\Microsoft.JSInterop.dll
2026-06-25 20:21:36.648   Time stamp of our file: 2026-04-30 13:57:18.000
2026-06-25 20:21:36.648   Dest file exists.
2026-06-25 20:21:36.648   Time stamp of existing file: 2026-04-30 13:57:18.000
2026-06-25 20:21:36.648   Installing the file.
2026-06-25 20:21:36.651   Successfully installed the file.
2026-06-25 20:21:36.651   -- File entry --
2026-06-25 20:21:36.651   Dest filename: C:\Program Files\SamaHesab\server\Microsoft.Net.Http.Headers.dll
2026-06-25 20:21:36.652   Time stamp of our file: 2026-04-30 13:57:18.000
2026-06-25 20:21:36.652   Dest file exists.
2026-06-25 20:21:36.652   Time stamp of existing file: 2026-04-30 13:57:18.000
2026-06-25 20:21:36.652   Installing the file.
2026-06-25 20:21:36.657   Successfully installed the file.
2026-06-25 20:21:36.657   -- File entry --
2026-06-25 20:21:36.657   Dest filename: C:\Program Files\SamaHesab\server\Microsoft.OpenApi.dll
2026-06-25 20:21:36.657   Time stamp of our file: 2024-09-30 13:26:48.000
2026-06-25 20:21:36.657   Dest file exists.
2026-06-25 20:21:36.657   Time stamp of existing file: 2024-09-30 13:26:48.000
2026-06-25 20:21:36.657   Installing the file.
2026-06-25 20:21:36.663   Successfully installed the file.
2026-06-25 20:21:36.663   -- File entry --
2026-06-25 20:21:36.663   Dest filename: C:\Program Files\SamaHesab\server\Microsoft.SqlServer.Server.dll
2026-06-25 20:21:36.663   Time stamp of our file: 2022-01-27 20:49:08.000
2026-06-25 20:21:36.663   Dest file exists.
2026-06-25 20:21:36.663   Time stamp of existing file: 2022-01-27 20:49:08.000
2026-06-25 20:21:36.663   Installing the file.
2026-06-25 20:21:36.664   Successfully installed the file.
2026-06-25 20:21:36.664   -- File entry --
2026-06-25 20:21:36.664   Dest filename: C:\Program Files\SamaHesab\server\Microsoft.VisualBasic.Core.dll
2026-06-25 20:21:36.664   Time stamp of our file: 2026-04-30 03:06:44.000
2026-06-25 20:21:36.664   Dest file exists.
2026-06-25 20:21:36.664   Time stamp of existing file: 2026-04-30 03:06:44.000
2026-06-25 20:21:36.664   Installing the file.
2026-06-25 20:21:36.694   Successfully installed the file.
2026-06-25 20:21:36.694   -- File entry --
2026-06-25 20:21:36.694   Dest filename: C:\Program Files\SamaHesab\server\Microsoft.VisualBasic.dll
2026-06-25 20:21:36.695   Time stamp of our file: 2026-04-30 03:02:56.000
2026-06-25 20:21:36.695   Dest file exists.
2026-06-25 20:21:36.695   Time stamp of existing file: 2026-04-30 03:02:56.000
2026-06-25 20:21:36.695   Installing the file.
2026-06-25 20:21:36.696   Successfully installed the file.
2026-06-25 20:21:36.696   -- File entry --
2026-06-25 20:21:36.696   Dest filename: C:\Program Files\SamaHesab\server\Microsoft.Win32.Primitives.dll
2026-06-25 20:21:36.696   Time stamp of our file: 2026-04-30 03:01:32.000
2026-06-25 20:21:36.696   Dest file exists.
2026-06-25 20:21:36.696   Time stamp of existing file: 2026-04-30 03:01:32.000
2026-06-25 20:21:36.696   Installing the file.
2026-06-25 20:21:36.696   Successfully installed the file.
2026-06-25 20:21:36.696   -- File entry --
2026-06-25 20:21:36.696   Dest filename: C:\Program Files\SamaHesab\server\Microsoft.Win32.Registry.dll
2026-06-25 20:21:36.698   Time stamp of our file: 2026-04-30 03:06:44.000
2026-06-25 20:21:36.698   Dest file exists.
2026-06-25 20:21:36.698   Time stamp of existing file: 2026-04-30 03:06:44.000
2026-06-25 20:21:36.698   Installing the file.
2026-06-25 20:21:36.700   Successfully installed the file.
2026-06-25 20:21:36.700   -- File entry --
2026-06-25 20:21:36.700   Dest filename: C:\Program Files\SamaHesab\server\Microsoft.Win32.SystemEvents.dll
2026-06-25 20:21:36.700   Time stamp of our file: 2021-10-23 03:10:18.000
2026-06-25 20:21:36.700   Dest file exists.
2026-06-25 20:21:36.700   Time stamp of existing file: 2021-10-23 03:10:18.000
2026-06-25 20:21:36.700   Installing the file.
2026-06-25 20:21:36.702   Successfully installed the file.
2026-06-25 20:21:36.702   -- File entry --
2026-06-25 20:21:36.702   Dest filename: C:\Program Files\SamaHesab\server\mscordaccore.dll
2026-06-25 20:21:36.702   Time stamp of our file: 2026-04-30 02:51:10.000
2026-06-25 20:21:36.702   Dest file exists.
2026-06-25 20:21:36.702   Time stamp of existing file: 2026-04-30 02:51:10.000
2026-06-25 20:21:36.702   Installing the file.
2026-06-25 20:21:36.728   Successfully installed the file.
2026-06-25 20:21:36.728   -- File entry --
2026-06-25 20:21:36.728   Dest filename: C:\Program Files\SamaHesab\server\mscordaccore_amd64_amd64_9.0.1626.22923.dll
2026-06-25 20:21:36.728   Time stamp of our file: 2026-04-30 02:51:10.000
2026-06-25 20:21:36.728   Dest file exists.
2026-06-25 20:21:36.728   Time stamp of existing file: 2026-04-30 02:51:10.000
2026-06-25 20:21:36.728   Installing the file.
2026-06-25 20:21:36.737   Successfully installed the file.
2026-06-25 20:21:36.738   -- File entry --
2026-06-25 20:21:36.738   Dest filename: C:\Program Files\SamaHesab\server\mscordbi.dll
2026-06-25 20:21:36.738   Time stamp of our file: 2026-04-30 02:51:10.000
2026-06-25 20:21:36.738   Dest file exists.
2026-06-25 20:21:36.738   Time stamp of existing file: 2026-04-30 02:51:10.000
2026-06-25 20:21:36.738   Installing the file.
2026-06-25 20:21:36.759   Successfully installed the file.
2026-06-25 20:21:36.759   -- File entry --
2026-06-25 20:21:36.759   Dest filename: C:\Program Files\SamaHesab\server\mscorlib.dll
2026-06-25 20:21:36.759   Time stamp of our file: 2026-04-30 03:03:44.000
2026-06-25 20:21:36.759   Dest file exists.
2026-06-25 20:21:36.759   Time stamp of existing file: 2026-04-30 03:03:44.000
2026-06-25 20:21:36.759   Installing the file.
2026-06-25 20:21:36.761   Successfully installed the file.
2026-06-25 20:21:36.761   -- File entry --
2026-06-25 20:21:36.761   Dest filename: C:\Program Files\SamaHesab\server\mscorrc.dll
2026-06-25 20:21:36.762   Time stamp of our file: 2026-04-30 02:48:30.000
2026-06-25 20:21:36.762   Dest file exists.
2026-06-25 20:21:36.762   Time stamp of existing file: 2026-04-30 02:48:30.000
2026-06-25 20:21:36.762   Installing the file.
2026-06-25 20:21:36.764   Successfully installed the file.
2026-06-25 20:21:36.764   -- File entry --
2026-06-25 20:21:36.764   Dest filename: C:\Program Files\SamaHesab\server\msquic.dll
2026-06-25 20:21:36.764   Time stamp of our file: 2026-04-15 01:35:00.000
2026-06-25 20:21:36.764   Dest file exists.
2026-06-25 20:21:36.764   Time stamp of existing file: 2026-04-15 01:35:00.000
2026-06-25 20:21:36.764   Installing the file.
2026-06-25 20:21:36.776   Successfully installed the file.
2026-06-25 20:21:36.776   -- File entry --
2026-06-25 20:21:36.776   Dest filename: C:\Program Files\SamaHesab\server\netstandard.dll
2026-06-25 20:21:36.776   Time stamp of our file: 2026-04-30 03:03:42.000
2026-06-25 20:21:36.776   Dest file exists.
2026-06-25 20:21:36.776   Time stamp of existing file: 2026-04-30 03:03:42.000
2026-06-25 20:21:36.776   Installing the file.
2026-06-25 20:21:36.778   Successfully installed the file.
2026-06-25 20:21:36.778   -- File entry --
2026-06-25 20:21:36.778   Dest filename: C:\Program Files\SamaHesab\server\PdfSharpCore.dll
2026-06-25 20:21:36.778   Time stamp of our file: 2024-07-13 19:34:32.000
2026-06-25 20:21:36.778   Dest file exists.
2026-06-25 20:21:36.778   Time stamp of existing file: 2024-07-13 19:34:32.000
2026-06-25 20:21:36.778   Installing the file.
2026-06-25 20:21:36.790   Successfully installed the file.
2026-06-25 20:21:36.790   -- File entry --
2026-06-25 20:21:36.790   Dest filename: C:\Program Files\SamaHesab\server\qpdf.dll
2026-06-25 20:21:36.790   Time stamp of our file: 2026-06-10 18:30:48.000
2026-06-25 20:21:36.790   Dest file exists.
2026-06-25 20:21:36.790   Time stamp of existing file: 2026-06-10 18:30:48.000
2026-06-25 20:21:36.790   Installing the file.
2026-06-25 20:21:36.865   Successfully installed the file.
2026-06-25 20:21:36.865   -- File entry --
2026-06-25 20:21:36.865   Dest filename: C:\Program Files\SamaHesab\server\QRCoder.dll
2026-06-25 20:21:36.865   Time stamp of our file: 2026-04-04 19:17:34.000
2026-06-25 20:21:36.865   Dest file exists.
2026-06-25 20:21:36.865   Time stamp of existing file: 2026-04-04 19:17:34.000
2026-06-25 20:21:36.865   Installing the file.
2026-06-25 20:21:36.873   Successfully installed the file.
2026-06-25 20:21:36.873   -- File entry --
2026-06-25 20:21:36.873   Dest filename: C:\Program Files\SamaHesab\server\QuestPDF.dll
2026-06-25 20:21:36.873   Time stamp of our file: 2026-06-10 18:35:44.000
2026-06-25 20:21:36.873   Dest file exists.
2026-06-25 20:21:36.873   Time stamp of existing file: 2026-06-10 18:35:44.000
2026-06-25 20:21:36.873   Installing the file.
2026-06-25 20:21:36.884   Successfully installed the file.
2026-06-25 20:21:36.884   -- File entry --
2026-06-25 20:21:36.884   Dest filename: C:\Program Files\SamaHesab\server\QuestPdfSkia.dll
2026-06-25 20:21:36.884   Time stamp of our file: 2026-06-10 18:30:48.000
2026-06-25 20:21:36.884   Dest file exists.
2026-06-25 20:21:36.884   Time stamp of existing file: 2026-06-10 18:30:48.000
2026-06-25 20:21:36.884   Installing the file.
2026-06-25 20:21:37.010   Successfully installed the file.
2026-06-25 20:21:37.010   -- File entry --
2026-06-25 20:21:37.010   Dest filename: C:\Program Files\SamaHesab\server\RBush.dll
2026-06-25 20:21:37.010   Time stamp of our file: 2024-11-14 17:13:18.000
2026-06-25 20:21:37.010   Dest file exists.
2026-06-25 20:21:37.011   Time stamp of existing file: 2024-11-14 17:13:18.000
2026-06-25 20:21:37.011   Installing the file.
2026-06-25 20:21:37.013   Successfully installed the file.
2026-06-25 20:21:37.013   -- File entry --
2026-06-25 20:21:37.013   Dest filename: C:\Program Files\SamaHesab\server\SamaHesab.API.deps.json
2026-06-25 20:21:37.013   Time stamp of our file: 2026-06-25 20:18:40.000
2026-06-25 20:21:37.013   Dest file exists.
2026-06-25 20:21:37.013   Time stamp of existing file: 2026-06-25 16:40:18.000
2026-06-25 20:21:37.013   Installing the file.
2026-06-25 20:21:37.015   Successfully installed the file.
2026-06-25 20:21:37.015   -- File entry --
2026-06-25 20:21:37.015   Dest filename: C:\Program Files\SamaHesab\server\SamaHesab.API.dll
2026-06-25 20:21:37.015   Time stamp of our file: 2026-06-25 20:18:40.000
2026-06-25 20:21:37.015   Dest file exists.
2026-06-25 20:21:37.015   Time stamp of existing file: 2026-06-25 16:40:18.000
2026-06-25 20:21:37.015   Installing the file.
2026-06-25 20:21:37.020   Successfully installed the file.
2026-06-25 20:21:37.020   -- File entry --
2026-06-25 20:21:37.020   Dest filename: C:\Program Files\SamaHesab\server\SamaHesab.API.exe
2026-06-25 20:21:37.020   Time stamp of our file: 2026-06-25 20:18:40.000
2026-06-25 20:21:37.020   Dest file exists.
2026-06-25 20:21:37.020   Time stamp of existing file: 2026-06-25 16:40:18.000
2026-06-25 20:21:37.020   Installing the file.
2026-06-25 20:21:37.023   Successfully installed the file.
2026-06-25 20:21:37.023   -- File entry --
2026-06-25 20:21:37.023   Dest filename: C:\Program Files\SamaHesab\server\SamaHesab.API.runtimeconfig.json
2026-06-25 20:21:37.023   Time stamp of our file: 2026-06-25 20:18:40.000
2026-06-25 20:21:37.023   Dest file exists.
2026-06-25 20:21:37.023   Time stamp of existing file: 2026-06-25 16:40:18.000
2026-06-25 20:21:37.023   Installing the file.
2026-06-25 20:21:37.026   Successfully installed the file.
2026-06-25 20:21:37.026   -- File entry --
2026-06-25 20:21:37.026   Dest filename: C:\Program Files\SamaHesab\server\SamaHesab.API.staticwebassets.endpoints.json
2026-06-25 20:21:37.026   Time stamp of our file: 2026-06-21 11:45:24.000
2026-06-25 20:21:37.026   Dest file exists.
2026-06-25 20:21:37.026   Time stamp of existing file: 2026-06-21 11:45:24.000
2026-06-25 20:21:37.026   Installing the file.
2026-06-25 20:21:37.026   Successfully installed the file.
2026-06-25 20:21:37.026   -- File entry --
2026-06-25 20:21:37.026   Dest filename: C:\Program Files\SamaHesab\server\SamaHesab.Application.dll
2026-06-25 20:21:37.026   Time stamp of our file: 2026-06-25 20:18:20.000
2026-06-25 20:21:37.026   Dest file exists.
2026-06-25 20:21:37.026   Time stamp of existing file: 2026-06-25 16:39:58.000
2026-06-25 20:21:37.026   Installing the file.
2026-06-25 20:21:37.051   Successfully installed the file.
2026-06-25 20:21:37.051   -- File entry --
2026-06-25 20:21:37.051   Dest filename: C:\Program Files\SamaHesab\server\SamaHesab.Domain.dll
2026-06-25 20:21:37.051   Time stamp of our file: 2026-06-25 20:18:20.000
2026-06-25 20:21:37.051   Dest file exists.
2026-06-25 20:21:37.051   Time stamp of existing file: 2026-06-25 16:39:58.000
2026-06-25 20:21:37.051   Installing the file.
2026-06-25 20:21:37.054   Successfully installed the file.
2026-06-25 20:21:37.054   -- File entry --
2026-06-25 20:21:37.054   Dest filename: C:\Program Files\SamaHesab\server\SamaHesab.Infrastructure.dll
2026-06-25 20:21:37.054   Time stamp of our file: 2026-06-25 20:18:20.000
2026-06-25 20:21:37.054   Dest file exists.
2026-06-25 20:21:37.054   Time stamp of existing file: 2026-06-25 16:40:00.000
2026-06-25 20:21:37.054   Installing the file.
2026-06-25 20:21:37.062   Successfully installed the file.
2026-06-25 20:21:37.062   -- File entry --
2026-06-25 20:21:37.062   Dest filename: C:\Program Files\SamaHesab\server\SamaHesab.Modules.Abstractions.dll
2026-06-25 20:21:37.062   Time stamp of our file: 2026-06-25 20:18:20.000
2026-06-25 20:21:37.062   Dest file exists.
2026-06-25 20:21:37.062   Time stamp of existing file: 2026-06-25 16:39:58.000
2026-06-25 20:21:37.062   Installing the file.
2026-06-25 20:21:37.063   Successfully installed the file.
2026-06-25 20:21:37.063   -- File entry --
2026-06-25 20:21:37.063   Dest filename: C:\Program Files\SamaHesab\server\SamaHesab.Modules.Attendance.dll
2026-06-25 20:21:37.063   Time stamp of our file: 2026-06-25 20:18:20.000
2026-06-25 20:21:37.063   Dest file exists.
2026-06-25 20:21:37.063   Time stamp of existing file: 2026-06-25 16:40:00.000
2026-06-25 20:21:37.063   Installing the file.
2026-06-25 20:21:37.067   Successfully installed the file.
2026-06-25 20:21:37.067   -- File entry --
2026-06-25 20:21:37.067   Dest filename: C:\Program Files\SamaHesab\server\SamaHesab.Modules.Contracting.dll
2026-06-25 20:21:37.067   Time stamp of our file: 2026-06-25 20:18:20.000
2026-06-25 20:21:37.067   Dest file exists.
2026-06-25 20:21:37.067   Time stamp of existing file: 2026-06-25 16:39:58.000
2026-06-25 20:21:37.067   Installing the file.
2026-06-25 20:21:37.070   Successfully installed the file.
2026-06-25 20:21:37.070   -- File entry --
2026-06-25 20:21:37.070   Dest filename: C:\Program Files\SamaHesab\server\SamaHesab.Modules.CRM.dll
2026-06-25 20:21:37.070   Time stamp of our file: 2026-06-25 20:18:20.000
2026-06-25 20:21:37.070   Dest file exists.
2026-06-25 20:21:37.070   Time stamp of existing file: 2026-06-25 16:39:58.000
2026-06-25 20:21:37.070   Installing the file.
2026-06-25 20:21:37.071   Successfully installed the file.
2026-06-25 20:21:37.071   -- File entry --
2026-06-25 20:21:37.071   Dest filename: C:\Program Files\SamaHesab\server\SamaHesab.Modules.Hotel.dll
2026-06-25 20:21:37.071   Time stamp of our file: 2026-06-25 20:18:20.000
2026-06-25 20:21:37.071   Dest file exists.
2026-06-25 20:21:37.071   Time stamp of existing file: 2026-06-25 16:39:58.000
2026-06-25 20:21:37.071   Installing the file.
2026-06-25 20:21:37.073   Successfully installed the file.
2026-06-25 20:21:37.073   -- File entry --
2026-06-25 20:21:37.073   Dest filename: C:\Program Files\SamaHesab\server\SamaHesab.Modules.HR.dll
2026-06-25 20:21:37.073   Time stamp of our file: 2026-06-25 20:18:20.000
2026-06-25 20:21:37.073   Dest file exists.
2026-06-25 20:21:37.073   Time stamp of existing file: 2026-06-25 16:39:58.000
2026-06-25 20:21:37.073   Installing the file.
2026-06-25 20:21:37.076   Successfully installed the file.
2026-06-25 20:21:37.076   -- File entry --
2026-06-25 20:21:37.076   Dest filename: C:\Program Files\SamaHesab\server\SamaHesab.Modules.POS.dll
2026-06-25 20:21:37.076   Time stamp of our file: 2026-06-25 20:18:20.000
2026-06-25 20:21:37.076   Dest file exists.
2026-06-25 20:21:37.076   Time stamp of existing file: 2026-06-25 16:39:58.000
2026-06-25 20:21:37.076   Installing the file.
2026-06-25 20:21:37.077   Successfully installed the file.
2026-06-25 20:21:37.077   -- File entry --
2026-06-25 20:21:37.077   Dest filename: C:\Program Files\SamaHesab\server\SamaHesab.Modules.Restaurant.dll
2026-06-25 20:21:37.077   Time stamp of our file: 2026-06-25 20:18:20.000
2026-06-25 20:21:37.077   Dest file exists.
2026-06-25 20:21:37.077   Time stamp of existing file: 2026-06-25 16:40:00.000
2026-06-25 20:21:37.078   Installing the file.
2026-06-25 20:21:37.080   Successfully installed the file.
2026-06-25 20:21:37.080   -- File entry --
2026-06-25 20:21:37.080   Dest filename: C:\Program Files\SamaHesab\server\SamaHesab.Modules.Tourism.dll
2026-06-25 20:21:37.081   Time stamp of our file: 2026-06-25 20:18:20.000
2026-06-25 20:21:37.081   Dest file exists.
2026-06-25 20:21:37.081   Time stamp of existing file: 2026-06-25 16:39:58.000
2026-06-25 20:21:37.081   Installing the file.
2026-06-25 20:21:37.085   Successfully installed the file.
2026-06-25 20:21:37.085   -- File entry --
2026-06-25 20:21:37.085   Dest filename: C:\Program Files\SamaHesab\server\Serilog.dll
2026-06-25 20:21:37.085   Time stamp of our file: 2024-12-06 07:41:52.000
2026-06-25 20:21:37.085   Dest file exists.
2026-06-25 20:21:37.085   Time stamp of existing file: 2024-12-06 07:41:52.000
2026-06-25 20:21:37.085   Installing the file.
2026-06-25 20:21:37.089   Successfully installed the file.
2026-06-25 20:21:37.089   -- File entry --
2026-06-25 20:21:37.089   Dest filename: C:\Program Files\SamaHesab\server\Serilog.Extensions.Logging.dll
2026-06-25 20:21:37.089   Time stamp of our file: 2024-12-09 03:48:50.000
2026-06-25 20:21:37.089   Dest file exists.
2026-06-25 20:21:37.089   Time stamp of existing file: 2024-12-09 03:48:50.000
2026-06-25 20:21:37.090   Installing the file.
2026-06-25 20:21:37.091   Successfully installed the file.
2026-06-25 20:21:37.091   -- File entry --
2026-06-25 20:21:37.091   Dest filename: C:\Program Files\SamaHesab\server\Serilog.Sinks.File.dll
2026-06-25 20:21:37.091   Time stamp of our file: 2024-06-23 02:14:08.000
2026-06-25 20:21:37.091   Dest file exists.
2026-06-25 20:21:37.091   Time stamp of existing file: 2024-06-23 02:14:08.000
2026-06-25 20:21:37.091   Installing the file.
2026-06-25 20:21:37.092   Successfully installed the file.
2026-06-25 20:21:37.092   -- File entry --
2026-06-25 20:21:37.092   Dest filename: C:\Program Files\SamaHesab\server\SixLabors.Fonts.dll
2026-06-25 20:21:37.092   Time stamp of our file: 2023-08-11 15:34:44.000
2026-06-25 20:21:37.092   Dest file exists.
2026-06-25 20:21:37.092   Time stamp of existing file: 2023-08-11 15:34:44.000
2026-06-25 20:21:37.092   Installing the file.
2026-06-25 20:21:37.109   Successfully installed the file.
2026-06-25 20:21:37.109   -- File entry --
2026-06-25 20:21:37.109   Dest filename: C:\Program Files\SamaHesab\server\SixLabors.ImageSharp.dll
2026-06-25 20:21:37.109   Time stamp of our file: 2021-09-28 07:32:42.000
2026-06-25 20:21:37.109   Dest file exists.
2026-06-25 20:21:37.109   Time stamp of existing file: 2021-09-28 07:32:42.000
2026-06-25 20:21:37.109   Installing the file.
2026-06-25 20:21:37.135   Successfully installed the file.
2026-06-25 20:21:37.135   -- File entry --
2026-06-25 20:21:37.135   Dest filename: C:\Program Files\SamaHesab\server\Swashbuckle.AspNetCore.Swagger.dll
2026-06-25 20:21:37.135   Time stamp of our file: 2024-12-10 20:48:14.000
2026-06-25 20:21:37.135   Dest file exists.
2026-06-25 20:21:37.135   Time stamp of existing file: 2024-12-10 20:48:14.000
2026-06-25 20:21:37.135   Installing the file.
2026-06-25 20:21:37.136   Successfully installed the file.
2026-06-25 20:21:37.136   -- File entry --
2026-06-25 20:21:37.136   Dest filename: C:\Program Files\SamaHesab\server\Swashbuckle.AspNetCore.SwaggerGen.dll
2026-06-25 20:21:37.136   Time stamp of our file: 2024-12-10 20:48:32.000
2026-06-25 20:21:37.136   Dest file exists.
2026-06-25 20:21:37.136   Time stamp of existing file: 2024-12-10 20:48:32.000
2026-06-25 20:21:37.136   Installing the file.
2026-06-25 20:21:37.140   Successfully installed the file.
2026-06-25 20:21:37.140   -- File entry --
2026-06-25 20:21:37.140   Dest filename: C:\Program Files\SamaHesab\server\Swashbuckle.AspNetCore.SwaggerUI.dll
2026-06-25 20:21:37.140   Time stamp of our file: 2024-12-10 20:48:22.000
2026-06-25 20:21:37.140   Dest file exists.
2026-06-25 20:21:37.140   Time stamp of existing file: 2024-12-10 20:48:22.000
2026-06-25 20:21:37.140   Installing the file.
2026-06-25 20:21:37.171   Successfully installed the file.
2026-06-25 20:21:37.172   -- File entry --
2026-06-25 20:21:37.172   Dest filename: C:\Program Files\SamaHesab\server\System.AppContext.dll
2026-06-25 20:21:37.172   Time stamp of our file: 2026-04-30 03:02:38.000
2026-06-25 20:21:37.172   Dest file exists.
2026-06-25 20:21:37.172   Time stamp of existing file: 2026-04-30 03:02:38.000
2026-06-25 20:21:37.172   Installing the file.
2026-06-25 20:21:37.173   Successfully installed the file.
2026-06-25 20:21:37.173   -- File entry --
2026-06-25 20:21:37.173   Dest filename: C:\Program Files\SamaHesab\server\System.Buffers.dll
2026-06-25 20:21:37.173   Time stamp of our file: 2026-04-30 03:02:42.000
2026-06-25 20:21:37.173   Dest file exists.
2026-06-25 20:21:37.173   Time stamp of existing file: 2026-04-30 03:02:42.000
2026-06-25 20:21:37.173   Installing the file.
2026-06-25 20:21:37.174   Successfully installed the file.
2026-06-25 20:21:37.174   -- File entry --
2026-06-25 20:21:37.174   Dest filename: C:\Program Files\SamaHesab\server\System.ClientModel.dll
2026-06-25 20:21:37.174   Time stamp of our file: 2024-01-03 21:13:00.000
2026-06-25 20:21:37.174   Dest file exists.
2026-06-25 20:21:37.174   Time stamp of existing file: 2024-01-03 21:13:00.000
2026-06-25 20:21:37.174   Installing the file.
2026-06-25 20:21:37.175   Successfully installed the file.
2026-06-25 20:21:37.175   -- File entry --
2026-06-25 20:21:37.175   Dest filename: C:\Program Files\SamaHesab\server\System.CodeDom.dll
2026-06-25 20:21:37.175   Time stamp of our file: 2024-10-29 06:08:22.000
2026-06-25 20:21:37.175   Dest file exists.
2026-06-25 20:21:37.175   Time stamp of existing file: 2024-10-29 06:08:22.000
2026-06-25 20:21:37.175   Installing the file.
2026-06-25 20:21:37.179   Successfully installed the file.
2026-06-25 20:21:37.179   -- File entry --
2026-06-25 20:21:37.179   Dest filename: C:\Program Files\SamaHesab\server\System.Collections.Concurrent.dll
2026-06-25 20:21:37.179   Time stamp of our file: 2026-04-30 03:06:46.000
2026-06-25 20:21:37.179   Dest file exists.
2026-06-25 20:21:37.179   Time stamp of existing file: 2026-04-30 03:06:46.000
2026-06-25 20:21:37.179   Installing the file.
2026-06-25 20:21:37.186   Successfully installed the file.
2026-06-25 20:21:37.187   -- File entry --
2026-06-25 20:21:37.187   Dest filename: C:\Program Files\SamaHesab\server\System.Collections.dll
2026-06-25 20:21:37.187   Time stamp of our file: 2026-04-30 03:06:48.000
2026-06-25 20:21:37.187   Dest file exists.
2026-06-25 20:21:37.187   Time stamp of existing file: 2026-04-30 03:06:48.000
2026-06-25 20:21:37.187   Installing the file.
2026-06-25 20:21:37.194   Successfully installed the file.
2026-06-25 20:21:37.194   -- File entry --
2026-06-25 20:21:37.194   Dest filename: C:\Program Files\SamaHesab\server\System.Collections.Immutable.dll
2026-06-25 20:21:37.194   Time stamp of our file: 2026-04-30 03:06:50.000
2026-06-25 20:21:37.194   Dest file exists.
2026-06-25 20:21:37.194   Time stamp of existing file: 2026-04-30 03:06:50.000
2026-06-25 20:21:37.194   Installing the file.
2026-06-25 20:21:37.212   Successfully installed the file.
2026-06-25 20:21:37.212   -- File entry --
2026-06-25 20:21:37.212   Dest filename: C:\Program Files\SamaHesab\server\System.Collections.NonGeneric.dll
2026-06-25 20:21:37.213   Time stamp of our file: 2026-04-30 03:06:50.000
2026-06-25 20:21:37.213   Dest file exists.
2026-06-25 20:21:37.213   Time stamp of existing file: 2026-04-30 03:06:50.000
2026-06-25 20:21:37.213   Installing the file.
2026-06-25 20:21:37.216   Successfully installed the file.
2026-06-25 20:21:37.216   -- File entry --
2026-06-25 20:21:37.216   Dest filename: C:\Program Files\SamaHesab\server\System.Collections.Specialized.dll
2026-06-25 20:21:37.216   Time stamp of our file: 2026-04-30 03:06:52.000
2026-06-25 20:21:37.216   Dest file exists.
2026-06-25 20:21:37.216   Time stamp of existing file: 2026-04-30 03:06:52.000
2026-06-25 20:21:37.216   Installing the file.
2026-06-25 20:21:37.219   Successfully installed the file.
2026-06-25 20:21:37.219   -- File entry --
2026-06-25 20:21:37.219   Dest filename: C:\Program Files\SamaHesab\server\System.ComponentModel.Annotations.dll
2026-06-25 20:21:37.219   Time stamp of our file: 2026-04-30 03:06:54.000
2026-06-25 20:21:37.219   Dest file exists.
2026-06-25 20:21:37.219   Time stamp of existing file: 2026-04-30 03:06:54.000
2026-06-25 20:21:37.219   Installing the file.
2026-06-25 20:21:37.223   Successfully installed the file.
2026-06-25 20:21:37.223   -- File entry --
2026-06-25 20:21:37.223   Dest filename: C:\Program Files\SamaHesab\server\System.ComponentModel.DataAnnotations.dll
2026-06-25 20:21:37.223   Time stamp of our file: 2026-04-30 03:02:52.000
2026-06-25 20:21:37.223   Dest file exists.
2026-06-25 20:21:37.223   Time stamp of existing file: 2026-04-30 03:02:52.000
2026-06-25 20:21:37.223   Installing the file.
2026-06-25 20:21:37.224   Successfully installed the file.
2026-06-25 20:21:37.224   -- File entry --
2026-06-25 20:21:37.224   Dest filename: C:\Program Files\SamaHesab\server\System.ComponentModel.dll
2026-06-25 20:21:37.224   Time stamp of our file: 2026-04-30 03:06:54.000
2026-06-25 20:21:37.224   Dest file exists.
2026-06-25 20:21:37.224   Time stamp of existing file: 2026-04-30 03:06:54.000
2026-06-25 20:21:37.224   Installing the file.
2026-06-25 20:21:37.225   Successfully installed the file.
2026-06-25 20:21:37.225   -- File entry --
2026-06-25 20:21:37.225   Dest filename: C:\Program Files\SamaHesab\server\System.ComponentModel.EventBasedAsync.dll
2026-06-25 20:21:37.225   Time stamp of our file: 2026-04-30 03:06:56.000
2026-06-25 20:21:37.225   Dest file exists.
2026-06-25 20:21:37.225   Time stamp of existing file: 2026-04-30 03:06:56.000
2026-06-25 20:21:37.225   Installing the file.
2026-06-25 20:21:37.227   Successfully installed the file.
2026-06-25 20:21:37.227   -- File entry --
2026-06-25 20:21:37.227   Dest filename: C:\Program Files\SamaHesab\server\System.ComponentModel.Primitives.dll
2026-06-25 20:21:37.227   Time stamp of our file: 2026-04-30 03:06:56.000
2026-06-25 20:21:37.227   Dest file exists.
2026-06-25 20:21:37.227   Time stamp of existing file: 2026-04-30 03:06:56.000
2026-06-25 20:21:37.227   Installing the file.
2026-06-25 20:21:37.230   Successfully installed the file.
2026-06-25 20:21:37.230   -- File entry --
2026-06-25 20:21:37.230   Dest filename: C:\Program Files\SamaHesab\server\System.ComponentModel.TypeConverter.dll
2026-06-25 20:21:37.230   Time stamp of our file: 2026-04-30 03:06:58.000
2026-06-25 20:21:37.230   Dest file exists.
2026-06-25 20:21:37.230   Time stamp of existing file: 2026-04-30 03:06:58.000
2026-06-25 20:21:37.230   Installing the file.
2026-06-25 20:21:37.247   Successfully installed the file.
2026-06-25 20:21:37.247   -- File entry --
2026-06-25 20:21:37.247   Dest filename: C:\Program Files\SamaHesab\server\System.Configuration.ConfigurationManager.dll
2026-06-25 20:21:37.247   Time stamp of our file: 2023-10-31 18:29:08.000
2026-06-25 20:21:37.247   Dest file exists.
2026-06-25 20:21:37.247   Time stamp of existing file: 2023-10-31 18:29:08.000
2026-06-25 20:21:37.247   Installing the file.
2026-06-25 20:21:37.256   Successfully installed the file.
2026-06-25 20:21:37.256   -- File entry --
2026-06-25 20:21:37.256   Dest filename: C:\Program Files\SamaHesab\server\System.Configuration.dll
2026-06-25 20:21:37.257   Time stamp of our file: 2026-04-30 03:03:26.000
2026-06-25 20:21:37.257   Dest file exists.
2026-06-25 20:21:37.257   Time stamp of existing file: 2026-04-30 03:03:26.000
2026-06-25 20:21:37.257   Installing the file.
2026-06-25 20:21:37.258   Successfully installed the file.
2026-06-25 20:21:37.258   -- File entry --
2026-06-25 20:21:37.258   Dest filename: C:\Program Files\SamaHesab\server\System.Console.dll
2026-06-25 20:21:37.258   Time stamp of our file: 2026-04-30 03:07:00.000
2026-06-25 20:21:37.258   Dest file exists.
2026-06-25 20:21:37.258   Time stamp of existing file: 2026-04-30 03:07:00.000
2026-06-25 20:21:37.258   Installing the file.
2026-06-25 20:21:37.262   Successfully installed the file.
2026-06-25 20:21:37.262   -- File entry --
2026-06-25 20:21:37.262   Dest filename: C:\Program Files\SamaHesab\server\System.Core.dll
2026-06-25 20:21:37.262   Time stamp of our file: 2026-04-30 03:03:36.000
2026-06-25 20:21:37.262   Dest file exists.
2026-06-25 20:21:37.262   Time stamp of existing file: 2026-04-30 03:03:36.000
2026-06-25 20:21:37.262   Installing the file.
2026-06-25 20:21:37.263   Successfully installed the file.
2026-06-25 20:21:37.263   -- File entry --
2026-06-25 20:21:37.263   Dest filename: C:\Program Files\SamaHesab\server\System.Data.Common.dll
2026-06-25 20:21:37.263   Time stamp of our file: 2026-04-30 03:07:02.000
2026-06-25 20:21:37.263   Dest file exists.
2026-06-25 20:21:37.263   Time stamp of existing file: 2026-04-30 03:07:02.000
2026-06-25 20:21:37.263   Installing the file.
2026-06-25 20:21:37.326   Successfully installed the file.
2026-06-25 20:21:37.326   -- File entry --
2026-06-25 20:21:37.326   Dest filename: C:\Program Files\SamaHesab\server\System.Data.DataSetExtensions.dll
2026-06-25 20:21:37.326   Time stamp of our file: 2026-04-30 03:03:16.000
2026-06-25 20:21:37.326   Dest file exists.
2026-06-25 20:21:37.326   Time stamp of existing file: 2026-04-30 03:03:16.000
2026-06-25 20:21:37.326   Installing the file.
2026-06-25 20:21:37.327   Successfully installed the file.
2026-06-25 20:21:37.327   -- File entry --
2026-06-25 20:21:37.327   Dest filename: C:\Program Files\SamaHesab\server\System.Data.dll
2026-06-25 20:21:37.327   Time stamp of our file: 2026-04-30 03:03:32.000
2026-06-25 20:21:37.327   Dest file exists.
2026-06-25 20:21:37.327   Time stamp of existing file: 2026-04-30 03:03:32.000
2026-06-25 20:21:37.327   Installing the file.
2026-06-25 20:21:37.328   Successfully installed the file.
2026-06-25 20:21:37.329   -- File entry --
2026-06-25 20:21:37.329   Dest filename: C:\Program Files\SamaHesab\server\System.Diagnostics.Contracts.dll
2026-06-25 20:21:37.329   Time stamp of our file: 2026-04-30 03:01:32.000
2026-06-25 20:21:37.329   Dest file exists.
2026-06-25 20:21:37.329   Time stamp of existing file: 2026-04-30 03:01:32.000
2026-06-25 20:21:37.329   Installing the file.
2026-06-25 20:21:37.330   Successfully installed the file.
2026-06-25 20:21:37.330   -- File entry --
2026-06-25 20:21:37.330   Dest filename: C:\Program Files\SamaHesab\server\System.Diagnostics.Debug.dll
2026-06-25 20:21:37.330   Time stamp of our file: 2026-04-30 03:02:42.000
2026-06-25 20:21:37.330   Dest file exists.
2026-06-25 20:21:37.330   Time stamp of existing file: 2026-04-30 03:02:42.000
2026-06-25 20:21:37.330   Installing the file.
2026-06-25 20:21:37.331   Successfully installed the file.
2026-06-25 20:21:37.331   -- File entry --
2026-06-25 20:21:37.331   Dest filename: C:\Program Files\SamaHesab\server\System.Diagnostics.DiagnosticSource.dll
2026-06-25 20:21:37.332   Time stamp of our file: 2026-04-30 03:07:04.000
2026-06-25 20:21:37.332   Dest file exists.
2026-06-25 20:21:37.332   Time stamp of existing file: 2026-04-30 03:07:04.000
2026-06-25 20:21:37.332   Installing the file.
2026-06-25 20:21:37.344   Successfully installed the file.
2026-06-25 20:21:37.344   -- File entry --
2026-06-25 20:21:37.344   Dest filename: C:\Program Files\SamaHesab\server\System.Diagnostics.EventLog.dll
2026-06-25 20:21:37.344   Time stamp of our file: 2026-04-30 13:56:52.000
2026-06-25 20:21:37.344   Dest file exists.
2026-06-25 20:21:37.344   Time stamp of existing file: 2026-04-30 13:56:52.000
2026-06-25 20:21:37.344   Installing the file.
2026-06-25 20:21:37.353   Successfully installed the file.
2026-06-25 20:21:37.353   -- File entry --
2026-06-25 20:21:37.353   Dest filename: C:\Program Files\SamaHesab\server\System.Diagnostics.EventLog.Messages.dll
2026-06-25 20:21:37.353   Time stamp of our file: 2026-04-30 13:56:52.000
2026-06-25 20:21:37.353   Dest file exists.
2026-06-25 20:21:37.353   Time stamp of existing file: 2026-04-30 13:56:52.000
2026-06-25 20:21:37.353   Installing the file.
2026-06-25 20:21:37.359   Successfully installed the file.
2026-06-25 20:21:37.359   -- File entry --
2026-06-25 20:21:37.359   Dest filename: C:\Program Files\SamaHesab\server\System.Diagnostics.FileVersionInfo.dll
2026-06-25 20:21:37.359   Time stamp of our file: 2026-04-30 03:07:06.000
2026-06-25 20:21:37.359   Dest file exists.
2026-06-25 20:21:37.359   Time stamp of existing file: 2026-04-30 03:07:06.000
2026-06-25 20:21:37.359   Installing the file.
2026-06-25 20:21:37.361   Successfully installed the file.
2026-06-25 20:21:37.361   -- File entry --
2026-06-25 20:21:37.361   Dest filename: C:\Program Files\SamaHesab\server\System.Diagnostics.Process.dll
2026-06-25 20:21:37.361   Time stamp of our file: 2026-04-30 03:07:06.000
2026-06-25 20:21:37.361   Dest file exists.
2026-06-25 20:21:37.361   Time stamp of existing file: 2026-04-30 03:07:06.000
2026-06-25 20:21:37.361   Installing the file.
2026-06-25 20:21:37.368   Successfully installed the file.
2026-06-25 20:21:37.368   -- File entry --
2026-06-25 20:21:37.368   Dest filename: C:\Program Files\SamaHesab\server\System.Diagnostics.StackTrace.dll
2026-06-25 20:21:37.369   Time stamp of our file: 2026-04-30 03:07:08.000
2026-06-25 20:21:37.369   Dest file exists.
2026-06-25 20:21:37.369   Time stamp of existing file: 2026-04-30 03:07:08.000
2026-06-25 20:21:37.369   Installing the file.
2026-06-25 20:21:37.370   Successfully installed the file.
2026-06-25 20:21:37.370   -- File entry --
2026-06-25 20:21:37.370   Dest filename: C:\Program Files\SamaHesab\server\System.Diagnostics.TextWriterTraceListener.dll
2026-06-25 20:21:37.370   Time stamp of our file: 2026-04-30 03:07:08.000
2026-06-25 20:21:37.370   Dest file exists.
2026-06-25 20:21:37.371   Time stamp of existing file: 2026-04-30 03:07:08.000
2026-06-25 20:21:37.371   Installing the file.
2026-06-25 20:21:37.372   Successfully installed the file.
2026-06-25 20:21:37.372   -- File entry --
2026-06-25 20:21:37.373   Dest filename: C:\Program Files\SamaHesab\server\System.Diagnostics.Tools.dll
2026-06-25 20:21:37.373   Time stamp of our file: 2026-04-30 03:02:40.000
2026-06-25 20:21:37.373   Dest file exists.
2026-06-25 20:21:37.373   Time stamp of existing file: 2026-04-30 03:02:40.000
2026-06-25 20:21:37.373   Installing the file.
2026-06-25 20:21:37.373   Successfully installed the file.
2026-06-25 20:21:37.374   -- File entry --
2026-06-25 20:21:37.374   Dest filename: C:\Program Files\SamaHesab\server\System.Diagnostics.TraceSource.dll
2026-06-25 20:21:37.374   Time stamp of our file: 2026-04-30 03:07:10.000
2026-06-25 20:21:37.374   Dest file exists.
2026-06-25 20:21:37.374   Time stamp of existing file: 2026-04-30 03:07:10.000
2026-06-25 20:21:37.374   Installing the file.
2026-06-25 20:21:37.377   Successfully installed the file.
2026-06-25 20:21:37.377   -- File entry --
2026-06-25 20:21:37.377   Dest filename: C:\Program Files\SamaHesab\server\System.Diagnostics.Tracing.dll
2026-06-25 20:21:37.377   Time stamp of our file: 2026-04-30 03:02:30.000
2026-06-25 20:21:37.377   Dest file exists.
2026-06-25 20:21:37.377   Time stamp of existing file: 2026-04-30 03:02:30.000
2026-06-25 20:21:37.377   Installing the file.
2026-06-25 20:21:37.378   Successfully installed the file.
2026-06-25 20:21:37.379   -- File entry --
2026-06-25 20:21:37.379   Dest filename: C:\Program Files\SamaHesab\server\System.dll
2026-06-25 20:21:37.379   Time stamp of our file: 2026-04-30 03:03:44.000
2026-06-25 20:21:37.379   Dest file exists.
2026-06-25 20:21:37.379   Time stamp of existing file: 2026-04-30 03:03:44.000
2026-06-25 20:21:37.379   Installing the file.
2026-06-25 20:21:37.380   Successfully installed the file.
2026-06-25 20:21:37.380   -- File entry --
2026-06-25 20:21:37.380   Dest filename: C:\Program Files\SamaHesab\server\System.Drawing.Common.dll
2026-06-25 20:21:37.380   Time stamp of our file: 2021-10-23 03:18:10.000
2026-06-25 20:21:37.380   Dest file exists.
2026-06-25 20:21:37.380   Time stamp of existing file: 2021-10-23 03:18:10.000
2026-06-25 20:21:37.380   Installing the file.
2026-06-25 20:21:37.390   Successfully installed the file.
2026-06-25 20:21:37.390   -- File entry --
2026-06-25 20:21:37.390   Dest filename: C:\Program Files\SamaHesab\server\System.Drawing.dll
2026-06-25 20:21:37.391   Time stamp of our file: 2026-04-30 03:03:30.000
2026-06-25 20:21:37.391   Dest file exists.
2026-06-25 20:21:37.391   Time stamp of existing file: 2026-04-30 03:03:30.000
2026-06-25 20:21:37.391   Installing the file.
2026-06-25 20:21:37.391   Successfully installed the file.
2026-06-25 20:21:37.392   -- File entry --
2026-06-25 20:21:37.392   Dest filename: C:\Program Files\SamaHesab\server\System.Drawing.Primitives.dll
2026-06-25 20:21:37.392   Time stamp of our file: 2026-04-30 03:07:12.000
2026-06-25 20:21:37.392   Dest file exists.
2026-06-25 20:21:37.392   Time stamp of existing file: 2026-04-30 03:07:12.000
2026-06-25 20:21:37.392   Installing the file.
2026-06-25 20:21:37.395   Successfully installed the file.
2026-06-25 20:21:37.395   -- File entry --
2026-06-25 20:21:37.395   Dest filename: C:\Program Files\SamaHesab\server\System.Dynamic.Runtime.dll
2026-06-25 20:21:37.395   Time stamp of our file: 2026-04-30 03:02:44.000
2026-06-25 20:21:37.395   Dest file exists.
2026-06-25 20:21:37.395   Time stamp of existing file: 2026-04-30 03:02:44.000
2026-06-25 20:21:37.395   Installing the file.
2026-06-25 20:21:37.396   Successfully installed the file.
2026-06-25 20:21:37.396   -- File entry --
2026-06-25 20:21:37.396   Dest filename: C:\Program Files\SamaHesab\server\System.Formats.Asn1.dll
2026-06-25 20:21:37.396   Time stamp of our file: 2026-04-30 03:07:14.000
2026-06-25 20:21:37.396   Dest file exists.
2026-06-25 20:21:37.396   Time stamp of existing file: 2026-04-30 03:07:14.000
2026-06-25 20:21:37.396   Installing the file.
2026-06-25 20:21:37.402   Successfully installed the file.
2026-06-25 20:21:37.402   -- File entry --
2026-06-25 20:21:37.402   Dest filename: C:\Program Files\SamaHesab\server\System.Formats.Tar.dll
2026-06-25 20:21:37.402   Time stamp of our file: 2026-04-30 03:07:14.000
2026-06-25 20:21:37.402   Dest file exists.
2026-06-25 20:21:37.402   Time stamp of existing file: 2026-04-30 03:07:14.000
2026-06-25 20:21:37.402   Installing the file.
2026-06-25 20:21:37.409   Successfully installed the file.
2026-06-25 20:21:37.409   -- File entry --
2026-06-25 20:21:37.409   Dest filename: C:\Program Files\SamaHesab\server\System.Globalization.Calendars.dll
2026-06-25 20:21:37.409   Time stamp of our file: 2026-04-30 03:02:50.000
2026-06-25 20:21:37.409   Dest file exists.
2026-06-25 20:21:37.409   Time stamp of existing file: 2026-04-30 03:02:50.000
2026-06-25 20:21:37.409   Installing the file.
2026-06-25 20:21:37.410   Successfully installed the file.
2026-06-25 20:21:37.410   -- File entry --
2026-06-25 20:21:37.410   Dest filename: C:\Program Files\SamaHesab\server\System.Globalization.dll
2026-06-25 20:21:37.410   Time stamp of our file: 2026-04-30 03:02:38.000
2026-06-25 20:21:37.410   Dest file exists.
2026-06-25 20:21:37.410   Time stamp of existing file: 2026-04-30 03:02:38.000
2026-06-25 20:21:37.410   Installing the file.
2026-06-25 20:21:37.411   Successfully installed the file.
2026-06-25 20:21:37.411   -- File entry --
2026-06-25 20:21:37.411   Dest filename: C:\Program Files\SamaHesab\server\System.Globalization.Extensions.dll
2026-06-25 20:21:37.411   Time stamp of our file: 2026-04-30 03:02:40.000
2026-06-25 20:21:37.411   Dest file exists.
2026-06-25 20:21:37.411   Time stamp of existing file: 2026-04-30 03:02:40.000
2026-06-25 20:21:37.411   Installing the file.
2026-06-25 20:21:37.412   Successfully installed the file.
2026-06-25 20:21:37.412   -- File entry --
2026-06-25 20:21:37.412   Dest filename: C:\Program Files\SamaHesab\server\System.IdentityModel.Tokens.Jwt.dll
2026-06-25 20:21:37.412   Time stamp of our file: 2024-07-23 03:07:36.000
2026-06-25 20:21:37.412   Dest file exists.
2026-06-25 20:21:37.412   Time stamp of existing file: 2024-07-23 03:07:36.000
2026-06-25 20:21:37.412   Installing the file.
2026-06-25 20:21:37.415   Successfully installed the file.
2026-06-25 20:21:37.415   -- File entry --
2026-06-25 20:21:37.415   Dest filename: C:\Program Files\SamaHesab\server\System.IO.Compression.Brotli.dll
2026-06-25 20:21:37.415   Time stamp of our file: 2026-04-30 03:07:16.000
2026-06-25 20:21:37.415   Dest file exists.
2026-06-25 20:21:37.415   Time stamp of existing file: 2026-04-30 03:07:16.000
2026-06-25 20:21:37.415   Installing the file.
2026-06-25 20:21:37.418   Successfully installed the file.
2026-06-25 20:21:37.418   -- File entry --
2026-06-25 20:21:37.418   Dest filename: C:\Program Files\SamaHesab\server\System.IO.Compression.dll
2026-06-25 20:21:37.418   Time stamp of our file: 2026-04-30 03:07:18.000
2026-06-25 20:21:37.418   Dest file exists.
2026-06-25 20:21:37.418   Time stamp of existing file: 2026-04-30 03:07:18.000
2026-06-25 20:21:37.418   Installing the file.
2026-06-25 20:21:37.425   Successfully installed the file.
2026-06-25 20:21:37.425   -- File entry --
2026-06-25 20:21:37.425   Dest filename: C:\Program Files\SamaHesab\server\System.IO.Compression.FileSystem.dll
2026-06-25 20:21:37.425   Time stamp of our file: 2026-04-30 03:02:44.000
2026-06-25 20:21:37.425   Dest file exists.
2026-06-25 20:21:37.425   Time stamp of existing file: 2026-04-30 03:02:44.000
2026-06-25 20:21:37.425   Installing the file.
2026-06-25 20:21:37.425   Successfully installed the file.
2026-06-25 20:21:37.425   -- File entry --
2026-06-25 20:21:37.425   Dest filename: C:\Program Files\SamaHesab\server\System.IO.Compression.Native.dll
2026-06-25 20:21:37.425   Time stamp of our file: 2026-04-30 02:59:02.000
2026-06-25 20:21:37.425   Dest file exists.
2026-06-25 20:21:37.425   Time stamp of existing file: 2026-04-30 02:59:02.000
2026-06-25 20:21:37.425   Installing the file.
2026-06-25 20:21:37.446   Successfully installed the file.
2026-06-25 20:21:37.446   -- File entry --
2026-06-25 20:21:37.446   Dest filename: C:\Program Files\SamaHesab\server\System.IO.Compression.ZipFile.dll
2026-06-25 20:21:37.446   Time stamp of our file: 2026-04-30 03:07:18.000
2026-06-25 20:21:37.446   Dest file exists.
2026-06-25 20:21:37.446   Time stamp of existing file: 2026-04-30 03:07:18.000
2026-06-25 20:21:37.446   Installing the file.
2026-06-25 20:21:37.448   Successfully installed the file.
2026-06-25 20:21:37.448   -- File entry --
2026-06-25 20:21:37.448   Dest filename: C:\Program Files\SamaHesab\server\System.IO.dll
2026-06-25 20:21:37.448   Time stamp of our file: 2026-04-30 03:02:48.000
2026-06-25 20:21:37.448   Dest file exists.
2026-06-25 20:21:37.448   Time stamp of existing file: 2026-04-30 03:02:48.000
2026-06-25 20:21:37.448   Installing the file.
2026-06-25 20:21:37.449   Successfully installed the file.
2026-06-25 20:21:37.449   -- File entry --
2026-06-25 20:21:37.449   Dest filename: C:\Program Files\SamaHesab\server\System.IO.FileSystem.AccessControl.dll
2026-06-25 20:21:37.449   Time stamp of our file: 2026-04-30 03:07:20.000
2026-06-25 20:21:37.449   Dest file exists.
2026-06-25 20:21:37.449   Time stamp of existing file: 2026-04-30 03:07:20.000
2026-06-25 20:21:37.449   Installing the file.
2026-06-25 20:21:37.452   Successfully installed the file.
2026-06-25 20:21:37.452   -- File entry --
2026-06-25 20:21:37.452   Dest filename: C:\Program Files\SamaHesab\server\System.IO.FileSystem.dll
2026-06-25 20:21:37.452   Time stamp of our file: 2026-04-30 03:02:40.000
2026-06-25 20:21:37.452   Dest file exists.
2026-06-25 20:21:37.452   Time stamp of existing file: 2026-04-30 03:02:40.000
2026-06-25 20:21:37.452   Installing the file.
2026-06-25 20:21:37.453   Successfully installed the file.
2026-06-25 20:21:37.453   -- File entry --
2026-06-25 20:21:37.453   Dest filename: C:\Program Files\SamaHesab\server\System.IO.FileSystem.DriveInfo.dll
2026-06-25 20:21:37.453   Time stamp of our file: 2026-04-30 03:07:20.000
2026-06-25 20:21:37.453   Dest file exists.
2026-06-25 20:21:37.453   Time stamp of existing file: 2026-04-30 03:07:20.000
2026-06-25 20:21:37.453   Installing the file.
2026-06-25 20:21:37.455   Successfully installed the file.
2026-06-25 20:21:37.455   -- File entry --
2026-06-25 20:21:37.455   Dest filename: C:\Program Files\SamaHesab\server\System.IO.FileSystem.Primitives.dll
2026-06-25 20:21:37.455   Time stamp of our file: 2026-04-30 03:02:38.000
2026-06-25 20:21:37.455   Dest file exists.
2026-06-25 20:21:37.455   Time stamp of existing file: 2026-04-30 03:02:38.000
2026-06-25 20:21:37.455   Installing the file.
2026-06-25 20:21:37.456   Successfully installed the file.
2026-06-25 20:21:37.456   -- File entry --
2026-06-25 20:21:37.456   Dest filename: C:\Program Files\SamaHesab\server\System.IO.FileSystem.Watcher.dll
2026-06-25 20:21:37.456   Time stamp of our file: 2026-04-30 03:07:22.000
2026-06-25 20:21:37.456   Dest file exists.
2026-06-25 20:21:37.456   Time stamp of existing file: 2026-04-30 03:07:22.000
2026-06-25 20:21:37.456   Installing the file.
2026-06-25 20:21:37.458   Successfully installed the file.
2026-06-25 20:21:37.458   -- File entry --
2026-06-25 20:21:37.458   Dest filename: C:\Program Files\SamaHesab\server\System.IO.IsolatedStorage.dll
2026-06-25 20:21:37.458   Time stamp of our file: 2026-04-30 03:07:24.000
2026-06-25 20:21:37.458   Dest file exists.
2026-06-25 20:21:37.458   Time stamp of existing file: 2026-04-30 03:07:24.000
2026-06-25 20:21:37.458   Installing the file.
2026-06-25 20:21:37.460   Successfully installed the file.
2026-06-25 20:21:37.460   -- File entry --
2026-06-25 20:21:37.460   Dest filename: C:\Program Files\SamaHesab\server\System.IO.MemoryMappedFiles.dll
2026-06-25 20:21:37.460   Time stamp of our file: 2026-04-30 03:07:24.000
2026-06-25 20:21:37.460   Dest file exists.
2026-06-25 20:21:37.461   Time stamp of existing file: 2026-04-30 03:07:24.000
2026-06-25 20:21:37.461   Installing the file.
2026-06-25 20:21:37.463   Successfully installed the file.
2026-06-25 20:21:37.463   -- File entry --
2026-06-25 20:21:37.463   Dest filename: C:\Program Files\SamaHesab\server\System.IO.Packaging.dll
2026-06-25 20:21:37.464   Time stamp of our file: 2024-09-17 02:39:52.000
2026-06-25 20:21:37.464   Dest file exists.
2026-06-25 20:21:37.464   Time stamp of existing file: 2024-09-17 02:39:52.000
2026-06-25 20:21:37.464   Installing the file.
2026-06-25 20:21:37.467   Successfully installed the file.
2026-06-25 20:21:37.467   -- File entry --
2026-06-25 20:21:37.467   Dest filename: C:\Program Files\SamaHesab\server\System.IO.Pipelines.dll
2026-06-25 20:21:37.467   Time stamp of our file: 2026-04-30 03:07:26.000
2026-06-25 20:21:37.467   Dest file exists.
2026-06-25 20:21:37.467   Time stamp of existing file: 2026-04-30 03:07:26.000
2026-06-25 20:21:37.467   Installing the file.
2026-06-25 20:21:37.471   Successfully installed the file.
2026-06-25 20:21:37.471   -- File entry --
2026-06-25 20:21:37.471   Dest filename: C:\Program Files\SamaHesab\server\System.IO.Pipes.AccessControl.dll
2026-06-25 20:21:37.471   Time stamp of our file: 2026-04-30 03:01:00.000
2026-06-25 20:21:37.471   Dest file exists.
2026-06-25 20:21:37.471   Time stamp of existing file: 2026-04-30 03:01:00.000
2026-06-25 20:21:37.471   Installing the file.
2026-06-25 20:21:37.472   Successfully installed the file.
2026-06-25 20:21:37.472   -- File entry --
2026-06-25 20:21:37.472   Dest filename: C:\Program Files\SamaHesab\server\System.IO.Pipes.dll
2026-06-25 20:21:37.472   Time stamp of our file: 2026-04-30 03:07:28.000
2026-06-25 20:21:37.472   Dest file exists.
2026-06-25 20:21:37.472   Time stamp of existing file: 2026-04-30 03:07:28.000
2026-06-25 20:21:37.472   Installing the file.
2026-06-25 20:21:37.476   Successfully installed the file.
2026-06-25 20:21:37.476   -- File entry --
2026-06-25 20:21:37.476   Dest filename: C:\Program Files\SamaHesab\server\System.IO.UnmanagedMemoryStream.dll
2026-06-25 20:21:37.476   Time stamp of our file: 2026-04-30 03:03:24.000
2026-06-25 20:21:37.476   Dest file exists.
2026-06-25 20:21:37.476   Time stamp of existing file: 2026-04-30 03:03:24.000
2026-06-25 20:21:37.476   Installing the file.
2026-06-25 20:21:37.477   Successfully installed the file.
2026-06-25 20:21:37.477   -- File entry --
2026-06-25 20:21:37.477   Dest filename: C:\Program Files\SamaHesab\server\System.Linq.dll
2026-06-25 20:21:37.477   Time stamp of our file: 2026-04-30 03:07:30.000
2026-06-25 20:21:37.477   Dest file exists.
2026-06-25 20:21:37.477   Time stamp of existing file: 2026-04-30 03:07:30.000
2026-06-25 20:21:37.477   Installing the file.
2026-06-25 20:21:37.491   Successfully installed the file.
2026-06-25 20:21:37.491   -- File entry --
2026-06-25 20:21:37.491   Dest filename: C:\Program Files\SamaHesab\server\System.Linq.Expressions.dll
2026-06-25 20:21:37.491   Time stamp of our file: 2026-04-30 03:07:32.000
2026-06-25 20:21:37.491   Dest file exists.
2026-06-25 20:21:37.491   Time stamp of existing file: 2026-04-30 03:07:32.000
2026-06-25 20:21:37.491   Installing the file.
2026-06-25 20:21:37.553   Successfully installed the file.
2026-06-25 20:21:37.553   -- File entry --
2026-06-25 20:21:37.553   Dest filename: C:\Program Files\SamaHesab\server\System.Linq.Parallel.dll
2026-06-25 20:21:37.553   Time stamp of our file: 2026-04-30 03:07:34.000
2026-06-25 20:21:37.553   Dest file exists.
2026-06-25 20:21:37.553   Time stamp of existing file: 2026-04-30 03:07:34.000
2026-06-25 20:21:37.553   Installing the file.
2026-06-25 20:21:37.569   Successfully installed the file.
2026-06-25 20:21:37.569   -- File entry --
2026-06-25 20:21:37.569   Dest filename: C:\Program Files\SamaHesab\server\System.Linq.Queryable.dll
2026-06-25 20:21:37.570   Time stamp of our file: 2026-04-30 03:07:36.000
2026-06-25 20:21:37.570   Dest file exists.
2026-06-25 20:21:37.570   Time stamp of existing file: 2026-04-30 03:07:36.000
2026-06-25 20:21:37.570   Installing the file.
2026-06-25 20:21:37.574   Successfully installed the file.
2026-06-25 20:21:37.574   -- File entry --
2026-06-25 20:21:37.574   Dest filename: C:\Program Files\SamaHesab\server\System.Management.dll
2026-06-25 20:21:37.574   Time stamp of our file: 2024-10-29 06:09:12.000
2026-06-25 20:21:37.574   Dest file exists.
2026-06-25 20:21:37.574   Time stamp of existing file: 2024-10-29 06:09:12.000
2026-06-25 20:21:37.574   Installing the file.
2026-06-25 20:21:37.580   Successfully installed the file.
2026-06-25 20:21:37.581   -- File entry --
2026-06-25 20:21:37.581   Dest filename: C:\Program Files\SamaHesab\server\System.Memory.Data.dll
2026-06-25 20:21:37.581   Time stamp of our file: 2021-04-08 20:15:54.000
2026-06-25 20:21:37.581   Dest file exists.
2026-06-25 20:21:37.581   Time stamp of existing file: 2021-04-08 20:15:54.000
2026-06-25 20:21:37.581   Installing the file.
2026-06-25 20:21:37.582   Successfully installed the file.
2026-06-25 20:21:37.582   -- File entry --
2026-06-25 20:21:37.582   Dest filename: C:\Program Files\SamaHesab\server\System.Memory.dll
2026-06-25 20:21:37.582   Time stamp of our file: 2026-04-30 03:07:38.000
2026-06-25 20:21:37.582   Dest file exists.
2026-06-25 20:21:37.582   Time stamp of existing file: 2026-04-30 03:07:38.000
2026-06-25 20:21:37.582   Installing the file.
2026-06-25 20:21:37.586   Successfully installed the file.
2026-06-25 20:21:37.586   -- File entry --
2026-06-25 20:21:37.586   Dest filename: C:\Program Files\SamaHesab\server\System.Net.dll
2026-06-25 20:21:37.587   Time stamp of our file: 2026-04-30 03:03:30.000
2026-06-25 20:21:37.587   Dest file exists.
2026-06-25 20:21:37.587   Time stamp of existing file: 2026-04-30 03:03:30.000
2026-06-25 20:21:37.587   Installing the file.
2026-06-25 20:21:37.588   Successfully installed the file.
2026-06-25 20:21:37.588   -- File entry --
2026-06-25 20:21:37.588   Dest filename: C:\Program Files\SamaHesab\server\System.Net.Http.dll
2026-06-25 20:21:37.588   Time stamp of our file: 2026-04-30 03:07:40.000
2026-06-25 20:21:37.588   Dest file exists.
2026-06-25 20:21:37.588   Time stamp of existing file: 2026-04-30 03:07:40.000
2026-06-25 20:21:37.588   Installing the file.
2026-06-25 20:21:37.628   Successfully installed the file.
2026-06-25 20:21:37.628   -- File entry --
2026-06-25 20:21:37.628   Dest filename: C:\Program Files\SamaHesab\server\System.Net.Http.Json.dll
2026-06-25 20:21:37.628   Time stamp of our file: 2026-04-30 03:07:40.000
2026-06-25 20:21:37.628   Dest file exists.
2026-06-25 20:21:37.628   Time stamp of existing file: 2026-04-30 03:07:40.000
2026-06-25 20:21:37.628   Installing the file.
2026-06-25 20:21:37.631   Successfully installed the file.
2026-06-25 20:21:37.631   -- File entry --
2026-06-25 20:21:37.631   Dest filename: C:\Program Files\SamaHesab\server\System.Net.HttpListener.dll
2026-06-25 20:21:37.631   Time stamp of our file: 2026-04-30 03:07:42.000
2026-06-25 20:21:37.632   Dest file exists.
2026-06-25 20:21:37.632   Time stamp of existing file: 2026-04-30 03:07:42.000
2026-06-25 20:21:37.632   Installing the file.
2026-06-25 20:21:37.644   Successfully installed the file.
2026-06-25 20:21:37.644   -- File entry --
2026-06-25 20:21:37.644   Dest filename: C:\Program Files\SamaHesab\server\System.Net.Mail.dll
2026-06-25 20:21:37.645   Time stamp of our file: 2026-04-30 03:07:44.000
2026-06-25 20:21:37.645   Dest file exists.
2026-06-25 20:21:37.645   Time stamp of existing file: 2026-04-30 03:07:44.000
2026-06-25 20:21:37.645   Installing the file.
2026-06-25 20:21:37.655   Successfully installed the file.
2026-06-25 20:21:37.655   -- File entry --
2026-06-25 20:21:37.655   Dest filename: C:\Program Files\SamaHesab\server\System.Net.NameResolution.dll
2026-06-25 20:21:37.655   Time stamp of our file: 2026-04-30 03:07:44.000
2026-06-25 20:21:37.655   Dest file exists.
2026-06-25 20:21:37.655   Time stamp of existing file: 2026-04-30 03:07:44.000
2026-06-25 20:21:37.655   Installing the file.
2026-06-25 20:21:37.658   Successfully installed the file.
2026-06-25 20:21:37.658   -- File entry --
2026-06-25 20:21:37.658   Dest filename: C:\Program Files\SamaHesab\server\System.Net.NetworkInformation.dll
2026-06-25 20:21:37.658   Time stamp of our file: 2026-04-30 03:07:46.000
2026-06-25 20:21:37.658   Dest file exists.
2026-06-25 20:21:37.658   Time stamp of existing file: 2026-04-30 03:07:46.000
2026-06-25 20:21:37.659   Installing the file.
2026-06-25 20:21:37.662   Successfully installed the file.
2026-06-25 20:21:37.662   -- File entry --
2026-06-25 20:21:37.662   Dest filename: C:\Program Files\SamaHesab\server\System.Net.Ping.dll
2026-06-25 20:21:37.662   Time stamp of our file: 2026-04-30 03:07:48.000
2026-06-25 20:21:37.662   Dest file exists.
2026-06-25 20:21:37.662   Time stamp of existing file: 2026-04-30 03:07:48.000
2026-06-25 20:21:37.662   Installing the file.
2026-06-25 20:21:37.665   Successfully installed the file.
2026-06-25 20:21:37.665   -- File entry --
2026-06-25 20:21:37.665   Dest filename: C:\Program Files\SamaHesab\server\System.Net.Primitives.dll
2026-06-25 20:21:37.665   Time stamp of our file: 2026-04-30 03:07:48.000
2026-06-25 20:21:37.665   Dest file exists.
2026-06-25 20:21:37.665   Time stamp of existing file: 2026-04-30 03:07:48.000
2026-06-25 20:21:37.665   Installing the file.
2026-06-25 20:21:37.670   Successfully installed the file.
2026-06-25 20:21:37.670   -- File entry --
2026-06-25 20:21:37.670   Dest filename: C:\Program Files\SamaHesab\server\System.Net.Quic.dll
2026-06-25 20:21:37.670   Time stamp of our file: 2026-04-30 03:07:50.000
2026-06-25 20:21:37.670   Dest file exists.
2026-06-25 20:21:37.670   Time stamp of existing file: 2026-04-30 03:07:50.000
2026-06-25 20:21:37.670   Installing the file.
2026-06-25 20:21:37.678   Successfully installed the file.
2026-06-25 20:21:37.678   -- File entry --
2026-06-25 20:21:37.678   Dest filename: C:\Program Files\SamaHesab\server\System.Net.Requests.dll
2026-06-25 20:21:37.679   Time stamp of our file: 2026-04-30 03:07:52.000
2026-06-25 20:21:37.679   Dest file exists.
2026-06-25 20:21:37.679   Time stamp of existing file: 2026-04-30 03:07:52.000
2026-06-25 20:21:37.679   Installing the file.
2026-06-25 20:21:37.688   Successfully installed the file.
2026-06-25 20:21:37.688   -- File entry --
2026-06-25 20:21:37.688   Dest filename: C:\Program Files\SamaHesab\server\System.Net.Security.dll
2026-06-25 20:21:37.688   Time stamp of our file: 2026-04-30 03:07:54.000
2026-06-25 20:21:37.688   Dest file exists.
2026-06-25 20:21:37.688   Time stamp of existing file: 2026-04-30 03:07:54.000
2026-06-25 20:21:37.688   Installing the file.
2026-06-25 20:21:37.703   Successfully installed the file.
2026-06-25 20:21:37.703   -- File entry --
2026-06-25 20:21:37.703   Dest filename: C:\Program Files\SamaHesab\server\System.Net.ServicePoint.dll
2026-06-25 20:21:37.703   Time stamp of our file: 2026-04-30 03:02:44.000
2026-06-25 20:21:37.703   Dest file exists.
2026-06-25 20:21:37.703   Time stamp of existing file: 2026-04-30 03:02:44.000
2026-06-25 20:21:37.703   Installing the file.
2026-06-25 20:21:37.704   Successfully installed the file.
2026-06-25 20:21:37.704   -- File entry --
2026-06-25 20:21:37.704   Dest filename: C:\Program Files\SamaHesab\server\System.Net.Sockets.dll
2026-06-25 20:21:37.704   Time stamp of our file: 2026-04-30 03:07:56.000
2026-06-25 20:21:37.704   Dest file exists.
2026-06-25 20:21:37.704   Time stamp of existing file: 2026-04-30 03:07:56.000
2026-06-25 20:21:37.704   Installing the file.
2026-06-25 20:21:37.718   Successfully installed the file.
2026-06-25 20:21:37.718   -- File entry --
2026-06-25 20:21:37.718   Dest filename: C:\Program Files\SamaHesab\server\System.Net.WebClient.dll
2026-06-25 20:21:37.718   Time stamp of our file: 2026-04-30 03:07:56.000
2026-06-25 20:21:37.718   Dest file exists.
2026-06-25 20:21:37.718   Time stamp of existing file: 2026-04-30 03:07:56.000
2026-06-25 20:21:37.718   Installing the file.
2026-06-25 20:21:37.722   Successfully installed the file.
2026-06-25 20:21:37.722   -- File entry --
2026-06-25 20:21:37.722   Dest filename: C:\Program Files\SamaHesab\server\System.Net.WebHeaderCollection.dll
2026-06-25 20:21:37.722   Time stamp of our file: 2026-04-30 03:07:58.000
2026-06-25 20:21:37.722   Dest file exists.
2026-06-25 20:21:37.722   Time stamp of existing file: 2026-04-30 03:07:58.000
2026-06-25 20:21:37.722   Installing the file.
2026-06-25 20:21:37.724   Successfully installed the file.
2026-06-25 20:21:37.724   -- File entry --
2026-06-25 20:21:37.724   Dest filename: C:\Program Files\SamaHesab\server\System.Net.WebProxy.dll
2026-06-25 20:21:37.724   Time stamp of our file: 2026-04-30 03:07:58.000
2026-06-25 20:21:37.724   Dest file exists.
2026-06-25 20:21:37.724   Time stamp of existing file: 2026-04-30 03:07:58.000
2026-06-25 20:21:37.724   Installing the file.
2026-06-25 20:21:37.726   Successfully installed the file.
2026-06-25 20:21:37.726   -- File entry --
2026-06-25 20:21:37.726   Dest filename: C:\Program Files\SamaHesab\server\System.Net.WebSockets.Client.dll
2026-06-25 20:21:37.726   Time stamp of our file: 2026-04-30 03:08:00.000
2026-06-25 20:21:37.726   Dest file exists.
2026-06-25 20:21:37.726   Time stamp of existing file: 2026-04-30 03:08:00.000
2026-06-25 20:21:37.726   Installing the file.
2026-06-25 20:21:37.729   Successfully installed the file.
2026-06-25 20:21:37.729   -- File entry --
2026-06-25 20:21:37.729   Dest filename: C:\Program Files\SamaHesab\server\System.Net.WebSockets.dll
2026-06-25 20:21:37.729   Time stamp of our file: 2026-04-30 03:08:02.000
2026-06-25 20:21:37.729   Dest file exists.
2026-06-25 20:21:37.729   Time stamp of existing file: 2026-04-30 03:08:02.000
2026-06-25 20:21:37.729   Installing the file.
2026-06-25 20:21:37.734   Successfully installed the file.
2026-06-25 20:21:37.734   -- File entry --
2026-06-25 20:21:37.734   Dest filename: C:\Program Files\SamaHesab\server\System.Numerics.dll
2026-06-25 20:21:37.734   Time stamp of our file: 2026-04-30 03:02:46.000
2026-06-25 20:21:37.734   Dest file exists.
2026-06-25 20:21:37.735   Time stamp of existing file: 2026-04-30 03:02:46.000
2026-06-25 20:21:37.735   Installing the file.
2026-06-25 20:21:37.735   Successfully installed the file.
2026-06-25 20:21:37.735   -- File entry --
2026-06-25 20:21:37.735   Dest filename: C:\Program Files\SamaHesab\server\System.Numerics.Vectors.dll
2026-06-25 20:21:37.735   Time stamp of our file: 2026-04-30 03:02:10.000
2026-06-25 20:21:37.735   Dest file exists.
2026-06-25 20:21:37.736   Time stamp of existing file: 2026-04-30 03:02:10.000
2026-06-25 20:21:37.736   Installing the file.
2026-06-25 20:21:37.736   Successfully installed the file.
2026-06-25 20:21:37.736   -- File entry --
2026-06-25 20:21:37.736   Dest filename: C:\Program Files\SamaHesab\server\System.ObjectModel.dll
2026-06-25 20:21:37.736   Time stamp of our file: 2026-04-30 03:08:02.000
2026-06-25 20:21:37.736   Dest file exists.
2026-06-25 20:21:37.737   Time stamp of existing file: 2026-04-30 03:08:02.000
2026-06-25 20:21:37.737   Installing the file.
2026-06-25 20:21:37.739   Successfully installed the file.
2026-06-25 20:21:37.739   -- File entry --
2026-06-25 20:21:37.739   Dest filename: C:\Program Files\SamaHesab\server\System.Private.CoreLib.dll
2026-06-25 20:21:37.739   Time stamp of our file: 2026-04-30 02:56:00.000
2026-06-25 20:21:37.739   Dest file exists.
2026-06-25 20:21:37.739   Time stamp of existing file: 2026-04-30 02:56:00.000
2026-06-25 20:21:37.739   Installing the file.
2026-06-25 20:21:38.033   Successfully installed the file.
2026-06-25 20:21:38.033   -- File entry --
2026-06-25 20:21:38.033   Dest filename: C:\Program Files\SamaHesab\server\System.Private.DataContractSerialization.dll
2026-06-25 20:21:38.033   Time stamp of our file: 2026-04-30 03:08:04.000
2026-06-25 20:21:38.033   Dest file exists.
2026-06-25 20:21:38.033   Time stamp of existing file: 2026-04-30 03:08:04.000
2026-06-25 20:21:38.033   Installing the file.
2026-06-25 20:21:38.076   Successfully installed the file.
2026-06-25 20:21:38.076   -- File entry --
2026-06-25 20:21:38.076   Dest filename: C:\Program Files\SamaHesab\server\System.Private.Uri.dll
2026-06-25 20:21:38.076   Time stamp of our file: 2026-04-30 03:08:06.000
2026-06-25 20:21:38.076   Dest file exists.
2026-06-25 20:21:38.076   Time stamp of existing file: 2026-04-30 03:08:06.000
2026-06-25 20:21:38.076   Installing the file.
2026-06-25 20:21:38.083   Successfully installed the file.
2026-06-25 20:21:38.084   -- File entry --
2026-06-25 20:21:38.084   Dest filename: C:\Program Files\SamaHesab\server\System.Private.Xml.dll
2026-06-25 20:21:38.084   Time stamp of our file: 2026-04-30 03:08:10.000
2026-06-25 20:21:38.084   Dest file exists.
2026-06-25 20:21:38.084   Time stamp of existing file: 2026-04-30 03:08:10.000
2026-06-25 20:21:38.084   Installing the file.
2026-06-25 20:21:38.246   Successfully installed the file.
2026-06-25 20:21:38.247   -- File entry --
2026-06-25 20:21:38.247   Dest filename: C:\Program Files\SamaHesab\server\System.Private.Xml.Linq.dll
2026-06-25 20:21:38.247   Time stamp of our file: 2026-04-30 03:08:12.000
2026-06-25 20:21:38.247   Dest file exists.
2026-06-25 20:21:38.247   Time stamp of existing file: 2026-04-30 03:08:12.000
2026-06-25 20:21:38.247   Installing the file.
2026-06-25 20:21:38.256   Successfully installed the file.
2026-06-25 20:21:38.256   -- File entry --
2026-06-25 20:21:38.256   Dest filename: C:\Program Files\SamaHesab\server\System.Reflection.DispatchProxy.dll
2026-06-25 20:21:38.256   Time stamp of our file: 2026-04-30 03:08:14.000
2026-06-25 20:21:38.256   Dest file exists.
2026-06-25 20:21:38.256   Time stamp of existing file: 2026-04-30 03:08:14.000
2026-06-25 20:21:38.256   Installing the file.
2026-06-25 20:21:38.258   Successfully installed the file.
2026-06-25 20:21:38.258   -- File entry --
2026-06-25 20:21:38.258   Dest filename: C:\Program Files\SamaHesab\server\System.Reflection.dll
2026-06-25 20:21:38.258   Time stamp of our file: 2026-04-30 03:02:38.000
2026-06-25 20:21:38.258   Dest file exists.
2026-06-25 20:21:38.258   Time stamp of existing file: 2026-04-30 03:02:38.000
2026-06-25 20:21:38.258   Installing the file.
2026-06-25 20:21:38.259   Successfully installed the file.
2026-06-25 20:21:38.259   -- File entry --
2026-06-25 20:21:38.259   Dest filename: C:\Program Files\SamaHesab\server\System.Reflection.Emit.dll
2026-06-25 20:21:38.259   Time stamp of our file: 2026-04-30 03:08:14.000
2026-06-25 20:21:38.259   Dest file exists.
2026-06-25 20:21:38.259   Time stamp of existing file: 2026-04-30 03:08:14.000
2026-06-25 20:21:38.259   Installing the file.
2026-06-25 20:21:38.266   Successfully installed the file.
2026-06-25 20:21:38.266   -- File entry --
2026-06-25 20:21:38.266   Dest filename: C:\Program Files\SamaHesab\server\System.Reflection.Emit.ILGeneration.dll
2026-06-25 20:21:38.266   Time stamp of our file: 2026-04-30 03:02:12.000
2026-06-25 20:21:38.266   Dest file exists.
2026-06-25 20:21:38.266   Time stamp of existing file: 2026-04-30 03:02:12.000
2026-06-25 20:21:38.266   Installing the file.
2026-06-25 20:21:38.267   Successfully installed the file.
2026-06-25 20:21:38.267   -- File entry --
2026-06-25 20:21:38.267   Dest filename: C:\Program Files\SamaHesab\server\System.Reflection.Emit.Lightweight.dll
2026-06-25 20:21:38.267   Time stamp of our file: 2026-04-30 03:02:32.000
2026-06-25 20:21:38.267   Dest file exists.
2026-06-25 20:21:38.267   Time stamp of existing file: 2026-04-30 03:02:32.000
2026-06-25 20:21:38.267   Installing the file.
2026-06-25 20:21:38.269   Successfully installed the file.
2026-06-25 20:21:38.269   -- File entry --
2026-06-25 20:21:38.269   Dest filename: C:\Program Files\SamaHesab\server\System.Reflection.Extensions.dll
2026-06-25 20:21:38.269   Time stamp of our file: 2026-04-30 03:02:46.000
2026-06-25 20:21:38.269   Dest file exists.
2026-06-25 20:21:38.269   Time stamp of existing file: 2026-04-30 03:02:46.000
2026-06-25 20:21:38.269   Installing the file.
2026-06-25 20:21:38.270   Successfully installed the file.
2026-06-25 20:21:38.270   -- File entry --
2026-06-25 20:21:38.270   Dest filename: C:\Program Files\SamaHesab\server\System.Reflection.Metadata.dll
2026-06-25 20:21:38.270   Time stamp of our file: 2026-04-30 03:08:16.000
2026-06-25 20:21:38.270   Dest file exists.
2026-06-25 20:21:38.270   Time stamp of existing file: 2026-04-30 03:08:16.000
2026-06-25 20:21:38.270   Installing the file.
2026-06-25 20:21:38.294   Successfully installed the file.
2026-06-25 20:21:38.294   -- File entry --
2026-06-25 20:21:38.295   Dest filename: C:\Program Files\SamaHesab\server\System.Reflection.Primitives.dll
2026-06-25 20:21:38.295   Time stamp of our file: 2026-04-30 03:02:44.000
2026-06-25 20:21:38.295   Dest file exists.
2026-06-25 20:21:38.295   Time stamp of existing file: 2026-04-30 03:02:44.000
2026-06-25 20:21:38.295   Installing the file.
2026-06-25 20:21:38.295   Successfully installed the file.
2026-06-25 20:21:38.295   -- File entry --
2026-06-25 20:21:38.295   Dest filename: C:\Program Files\SamaHesab\server\System.Reflection.TypeExtensions.dll
2026-06-25 20:21:38.295   Time stamp of our file: 2026-04-30 03:08:18.000
2026-06-25 20:21:38.295   Dest file exists.
2026-06-25 20:21:38.296   Time stamp of existing file: 2026-04-30 03:08:18.000
2026-06-25 20:21:38.296   Installing the file.
2026-06-25 20:21:38.297   Successfully installed the file.
2026-06-25 20:21:38.297   -- File entry --
2026-06-25 20:21:38.297   Dest filename: C:\Program Files\SamaHesab\server\System.Resources.Reader.dll
2026-06-25 20:21:38.297   Time stamp of our file: 2026-04-30 03:02:38.000
2026-06-25 20:21:38.297   Dest file exists.
2026-06-25 20:21:38.297   Time stamp of existing file: 2026-04-30 03:02:38.000
2026-06-25 20:21:38.297   Installing the file.
2026-06-25 20:21:38.297   Successfully installed the file.
2026-06-25 20:21:38.297   -- File entry --
2026-06-25 20:21:38.297   Dest filename: C:\Program Files\SamaHesab\server\System.Resources.ResourceManager.dll
2026-06-25 20:21:38.297   Time stamp of our file: 2026-04-30 03:02:40.000
2026-06-25 20:21:38.297   Dest file exists.
2026-06-25 20:21:38.297   Time stamp of existing file: 2026-04-30 03:02:40.000
2026-06-25 20:21:38.297   Installing the file.
2026-06-25 20:21:38.299   Successfully installed the file.
2026-06-25 20:21:38.299   -- File entry --
2026-06-25 20:21:38.299   Dest filename: C:\Program Files\SamaHesab\server\System.Resources.Writer.dll
2026-06-25 20:21:38.300   Time stamp of our file: 2026-04-30 03:08:20.000
2026-06-25 20:21:38.300   Dest file exists.
2026-06-25 20:21:38.300   Time stamp of existing file: 2026-04-30 03:08:20.000
2026-06-25 20:21:38.300   Installing the file.
2026-06-25 20:21:38.301   Successfully installed the file.
2026-06-25 20:21:38.301   -- File entry --
2026-06-25 20:21:38.301   Dest filename: C:\Program Files\SamaHesab\server\System.Runtime.Caching.dll
2026-06-25 20:21:38.301   Time stamp of our file: 2023-10-31 18:30:12.000
2026-06-25 20:21:38.301   Dest file exists.
2026-06-25 20:21:38.301   Time stamp of existing file: 2023-10-31 18:30:12.000
2026-06-25 20:21:38.301   Installing the file.
2026-06-25 20:21:38.304   Successfully installed the file.
2026-06-25 20:21:38.304   -- File entry --
2026-06-25 20:21:38.304   Dest filename: C:\Program Files\SamaHesab\server\System.Runtime.CompilerServices.Unsafe.dll
2026-06-25 20:21:38.304   Time stamp of our file: 2026-04-30 03:02:40.000
2026-06-25 20:21:38.304   Dest file exists.
2026-06-25 20:21:38.304   Time stamp of existing file: 2026-04-30 03:02:40.000
2026-06-25 20:21:38.304   Installing the file.
2026-06-25 20:21:38.305   Successfully installed the file.
2026-06-25 20:21:38.305   -- File entry --
2026-06-25 20:21:38.305   Dest filename: C:\Program Files\SamaHesab\server\System.Runtime.CompilerServices.VisualC.dll
2026-06-25 20:21:38.305   Time stamp of our file: 2026-04-30 03:08:20.000
2026-06-25 20:21:38.305   Dest file exists.
2026-06-25 20:21:38.305   Time stamp of existing file: 2026-04-30 03:08:20.000
2026-06-25 20:21:38.305   Installing the file.
2026-06-25 20:21:38.306   Successfully installed the file.
2026-06-25 20:21:38.306   -- File entry --
2026-06-25 20:21:38.306   Dest filename: C:\Program Files\SamaHesab\server\System.Runtime.dll
2026-06-25 20:21:38.307   Time stamp of our file: 2026-04-30 03:02:30.000
2026-06-25 20:21:38.307   Dest file exists.
2026-06-25 20:21:38.307   Time stamp of existing file: 2026-04-30 03:02:30.000
2026-06-25 20:21:38.307   Installing the file.
2026-06-25 20:21:38.308   Successfully installed the file.
2026-06-25 20:21:38.308   -- File entry --
2026-06-25 20:21:38.308   Dest filename: C:\Program Files\SamaHesab\server\System.Runtime.Extensions.dll
2026-06-25 20:21:38.308   Time stamp of our file: 2026-04-30 03:02:48.000
2026-06-25 20:21:38.308   Dest file exists.
2026-06-25 20:21:38.308   Time stamp of existing file: 2026-04-30 03:02:48.000
2026-06-25 20:21:38.308   Installing the file.
2026-06-25 20:21:38.309   Successfully installed the file.
2026-06-25 20:21:38.309   -- File entry --
2026-06-25 20:21:38.309   Dest filename: C:\Program Files\SamaHesab\server\System.Runtime.Handles.dll
2026-06-25 20:21:38.309   Time stamp of our file: 2026-04-30 03:02:38.000
2026-06-25 20:21:38.309   Dest file exists.
2026-06-25 20:21:38.309   Time stamp of existing file: 2026-04-30 03:02:38.000
2026-06-25 20:21:38.309   Installing the file.
2026-06-25 20:21:38.309   Successfully installed the file.
2026-06-25 20:21:38.309   -- File entry --
2026-06-25 20:21:38.309   Dest filename: C:\Program Files\SamaHesab\server\System.Runtime.InteropServices.dll
2026-06-25 20:21:38.309   Time stamp of our file: 2026-04-30 03:08:22.000
2026-06-25 20:21:38.309   Dest file exists.
2026-06-25 20:21:38.309   Time stamp of existing file: 2026-04-30 03:08:22.000
2026-06-25 20:21:38.309   Installing the file.
2026-06-25 20:21:38.313   Successfully installed the file.
2026-06-25 20:21:38.313   -- File entry --
2026-06-25 20:21:38.313   Dest filename: C:\Program Files\SamaHesab\server\System.Runtime.InteropServices.JavaScript.dll
2026-06-25 20:21:38.313   Time stamp of our file: 2026-04-30 03:08:22.000
2026-06-25 20:21:38.313   Dest file exists.
2026-06-25 20:21:38.313   Time stamp of existing file: 2026-04-30 03:08:22.000
2026-06-25 20:21:38.313   Installing the file.
2026-06-25 20:21:38.315   Successfully installed the file.
2026-06-25 20:21:38.315   -- File entry --
2026-06-25 20:21:38.315   Dest filename: C:\Program Files\SamaHesab\server\System.Runtime.InteropServices.RuntimeInformation.dll
2026-06-25 20:21:38.315   Time stamp of our file: 2026-04-30 03:02:40.000
2026-06-25 20:21:38.315   Dest file exists.
2026-06-25 20:21:38.315   Time stamp of existing file: 2026-04-30 03:02:40.000
2026-06-25 20:21:38.315   Installing the file.
2026-06-25 20:21:38.316   Successfully installed the file.
2026-06-25 20:21:38.316   -- File entry --
2026-06-25 20:21:38.316   Dest filename: C:\Program Files\SamaHesab\server\System.Runtime.Intrinsics.dll
2026-06-25 20:21:38.316   Time stamp of our file: 2026-04-30 03:02:22.000
2026-06-25 20:21:38.316   Dest file exists.
2026-06-25 20:21:38.316   Time stamp of existing file: 2026-04-30 03:02:22.000
2026-06-25 20:21:38.316   Installing the file.
2026-06-25 20:21:38.317   Successfully installed the file.
2026-06-25 20:21:38.317   -- File entry --
2026-06-25 20:21:38.317   Dest filename: C:\Program Files\SamaHesab\server\System.Runtime.Loader.dll
2026-06-25 20:21:38.317   Time stamp of our file: 2026-04-30 03:02:46.000
2026-06-25 20:21:38.317   Dest file exists.
2026-06-25 20:21:38.317   Time stamp of existing file: 2026-04-30 03:02:46.000
2026-06-25 20:21:38.317   Installing the file.
2026-06-25 20:21:38.318   Successfully installed the file.
2026-06-25 20:21:38.318   -- File entry --
2026-06-25 20:21:38.318   Dest filename: C:\Program Files\SamaHesab\server\System.Runtime.Numerics.dll
2026-06-25 20:21:38.318   Time stamp of our file: 2026-04-30 03:08:24.000
2026-06-25 20:21:38.318   Dest file exists.
2026-06-25 20:21:38.318   Time stamp of existing file: 2026-04-30 03:08:24.000
2026-06-25 20:21:38.318   Installing the file.
2026-06-25 20:21:38.326   Successfully installed the file.
2026-06-25 20:21:38.326   -- File entry --
2026-06-25 20:21:38.326   Dest filename: C:\Program Files\SamaHesab\server\System.Runtime.Serialization.dll
2026-06-25 20:21:38.327   Time stamp of our file: 2026-04-30 03:02:56.000
2026-06-25 20:21:38.327   Dest file exists.
2026-06-25 20:21:38.327   Time stamp of existing file: 2026-04-30 03:02:56.000
2026-06-25 20:21:38.327   Installing the file.
2026-06-25 20:21:38.327   Successfully installed the file.
2026-06-25 20:21:38.327   -- File entry --
2026-06-25 20:21:38.327   Dest filename: C:\Program Files\SamaHesab\server\System.Runtime.Serialization.Formatters.dll
2026-06-25 20:21:38.327   Time stamp of our file: 2026-04-30 03:08:26.000
2026-06-25 20:21:38.327   Dest file exists.
2026-06-25 20:21:38.327   Time stamp of existing file: 2026-04-30 03:08:26.000
2026-06-25 20:21:38.327   Installing the file.
2026-06-25 20:21:38.331   Successfully installed the file.
2026-06-25 20:21:38.331   -- File entry --
2026-06-25 20:21:38.331   Dest filename: C:\Program Files\SamaHesab\server\System.Runtime.Serialization.Json.dll
2026-06-25 20:21:38.331   Time stamp of our file: 2026-04-30 03:01:16.000
2026-06-25 20:21:38.331   Dest file exists.
2026-06-25 20:21:38.331   Time stamp of existing file: 2026-04-30 03:01:16.000
2026-06-25 20:21:38.331   Installing the file.
2026-06-25 20:21:38.332   Successfully installed the file.
2026-06-25 20:21:38.332   -- File entry --
2026-06-25 20:21:38.332   Dest filename: C:\Program Files\SamaHesab\server\System.Runtime.Serialization.Primitives.dll
2026-06-25 20:21:38.332   Time stamp of our file: 2026-04-30 03:08:26.000
2026-06-25 20:21:38.332   Dest file exists.
2026-06-25 20:21:38.332   Time stamp of existing file: 2026-04-30 03:08:26.000
2026-06-25 20:21:38.332   Installing the file.
2026-06-25 20:21:38.333   Successfully installed the file.
2026-06-25 20:21:38.333   -- File entry --
2026-06-25 20:21:38.333   Dest filename: C:\Program Files\SamaHesab\server\System.Runtime.Serialization.Xml.dll
2026-06-25 20:21:38.333   Time stamp of our file: 2026-04-30 03:02:04.000
2026-06-25 20:21:38.333   Dest file exists.
2026-06-25 20:21:38.333   Time stamp of existing file: 2026-04-30 03:02:04.000
2026-06-25 20:21:38.333   Installing the file.
2026-06-25 20:21:38.335   Successfully installed the file.
2026-06-25 20:21:38.335   -- File entry --
2026-06-25 20:21:38.335   Dest filename: C:\Program Files\SamaHesab\server\System.Security.AccessControl.dll
2026-06-25 20:21:38.335   Time stamp of our file: 2026-04-30 03:08:28.000
2026-06-25 20:21:38.335   Dest file exists.
2026-06-25 20:21:38.335   Time stamp of existing file: 2026-04-30 03:08:28.000
2026-06-25 20:21:38.335   Installing the file.
2026-06-25 20:21:38.340   Successfully installed the file.
2026-06-25 20:21:38.340   -- File entry --
2026-06-25 20:21:38.340   Dest filename: C:\Program Files\SamaHesab\server\System.Security.Claims.dll
2026-06-25 20:21:38.340   Time stamp of our file: 2026-04-30 03:08:30.000
2026-06-25 20:21:38.340   Dest file exists.
2026-06-25 20:21:38.341   Time stamp of existing file: 2026-04-30 03:08:30.000
2026-06-25 20:21:38.341   Installing the file.
2026-06-25 20:21:38.343   Successfully installed the file.
2026-06-25 20:21:38.343   -- File entry --
2026-06-25 20:21:38.343   Dest filename: C:\Program Files\SamaHesab\server\System.Security.Cryptography.Algorithms.dll
2026-06-25 20:21:38.343   Time stamp of our file: 2026-04-30 03:02:48.000
2026-06-25 20:21:38.343   Dest file exists.
2026-06-25 20:21:38.343   Time stamp of existing file: 2026-04-30 03:02:48.000
2026-06-25 20:21:38.343   Installing the file.
2026-06-25 20:21:38.344   Successfully installed the file.
2026-06-25 20:21:38.344   -- File entry --
2026-06-25 20:21:38.344   Dest filename: C:\Program Files\SamaHesab\server\System.Security.Cryptography.Cng.dll
2026-06-25 20:21:38.344   Time stamp of our file: 2026-04-30 03:03:06.000
2026-06-25 20:21:38.344   Dest file exists.
2026-06-25 20:21:38.344   Time stamp of existing file: 2026-04-30 03:03:06.000
2026-06-25 20:21:38.344   Installing the file.
2026-06-25 20:21:38.345   Successfully installed the file.
2026-06-25 20:21:38.346   -- File entry --
2026-06-25 20:21:38.346   Dest filename: C:\Program Files\SamaHesab\server\System.Security.Cryptography.Csp.dll
2026-06-25 20:21:38.346   Time stamp of our file: 2026-04-30 03:02:52.000
2026-06-25 20:21:38.346   Dest file exists.
2026-06-25 20:21:38.346   Time stamp of existing file: 2026-04-30 03:02:52.000
2026-06-25 20:21:38.346   Installing the file.
2026-06-25 20:21:38.347   Successfully installed the file.
2026-06-25 20:21:38.347   -- File entry --
2026-06-25 20:21:38.347   Dest filename: C:\Program Files\SamaHesab\server\System.Security.Cryptography.dll
2026-06-25 20:21:38.347   Time stamp of our file: 2026-04-30 03:08:32.000
2026-06-25 20:21:38.347   Dest file exists.
2026-06-25 20:21:38.347   Time stamp of existing file: 2026-04-30 03:08:32.000
2026-06-25 20:21:38.347   Installing the file.
2026-06-25 20:21:38.391   Successfully installed the file.
2026-06-25 20:21:38.391   -- File entry --
2026-06-25 20:21:38.391   Dest filename: C:\Program Files\SamaHesab\server\System.Security.Cryptography.Encoding.dll
2026-06-25 20:21:38.391   Time stamp of our file: 2026-04-30 03:02:46.000
2026-06-25 20:21:38.391   Dest file exists.
2026-06-25 20:21:38.391   Time stamp of existing file: 2026-04-30 03:02:46.000
2026-06-25 20:21:38.391   Installing the file.
2026-06-25 20:21:38.392   Successfully installed the file.
2026-06-25 20:21:38.392   -- File entry --
2026-06-25 20:21:38.392   Dest filename: C:\Program Files\SamaHesab\server\System.Security.Cryptography.OpenSsl.dll
2026-06-25 20:21:38.392   Time stamp of our file: 2026-04-30 03:02:52.000
2026-06-25 20:21:38.392   Dest file exists.
2026-06-25 20:21:38.392   Time stamp of existing file: 2026-04-30 03:02:52.000
2026-06-25 20:21:38.392   Installing the file.
2026-06-25 20:21:38.393   Successfully installed the file.
2026-06-25 20:21:38.393   -- File entry --
2026-06-25 20:21:38.393   Dest filename: C:\Program Files\SamaHesab\server\System.Security.Cryptography.Pkcs.dll
2026-06-25 20:21:38.393   Time stamp of our file: 2026-04-30 13:56:52.000
2026-06-25 20:21:38.393   Dest file exists.
2026-06-25 20:21:38.393   Time stamp of existing file: 2026-04-30 13:56:52.000
2026-06-25 20:21:38.393   Installing the file.
2026-06-25 20:21:38.408   Successfully installed the file.
2026-06-25 20:21:38.409   -- File entry --
2026-06-25 20:21:38.409   Dest filename: C:\Program Files\SamaHesab\server\System.Security.Cryptography.Primitives.dll
2026-06-25 20:21:38.409   Time stamp of our file: 2026-04-30 03:02:46.000
2026-06-25 20:21:38.409   Dest file exists.
2026-06-25 20:21:38.409   Time stamp of existing file: 2026-04-30 03:02:46.000
2026-06-25 20:21:38.409   Installing the file.
2026-06-25 20:21:38.410   Successfully installed the file.
2026-06-25 20:21:38.410   -- File entry --
2026-06-25 20:21:38.410   Dest filename: C:\Program Files\SamaHesab\server\System.Security.Cryptography.ProtectedData.dll
2026-06-25 20:21:38.410   Time stamp of our file: 2023-10-31 18:29:04.000
2026-06-25 20:21:38.410   Dest file exists.
2026-06-25 20:21:38.410   Time stamp of existing file: 2023-10-31 18:29:04.000
2026-06-25 20:21:38.410   Installing the file.
2026-06-25 20:21:38.411   Successfully installed the file.
2026-06-25 20:21:38.411   -- File entry --
2026-06-25 20:21:38.411   Dest filename: C:\Program Files\SamaHesab\server\System.Security.Cryptography.X509Certificates.dll
2026-06-25 20:21:38.411   Time stamp of our file: 2026-04-30 03:02:46.000
2026-06-25 20:21:38.411   Dest file exists.
2026-06-25 20:21:38.411   Time stamp of existing file: 2026-04-30 03:02:46.000
2026-06-25 20:21:38.412   Installing the file.
2026-06-25 20:21:38.412   Successfully installed the file.
2026-06-25 20:21:38.412   -- File entry --
2026-06-25 20:21:38.412   Dest filename: C:\Program Files\SamaHesab\server\System.Security.Cryptography.Xml.dll
2026-06-25 20:21:38.412   Time stamp of our file: 2026-04-30 13:56:52.000
2026-06-25 20:21:38.412   Dest file exists.
2026-06-25 20:21:38.412   Time stamp of existing file: 2026-04-30 13:56:52.000
2026-06-25 20:21:38.412   Installing the file.
2026-06-25 20:21:38.423   Successfully installed the file.
2026-06-25 20:21:38.424   -- File entry --
2026-06-25 20:21:38.424   Dest filename: C:\Program Files\SamaHesab\server\System.Security.dll
2026-06-25 20:21:38.424   Time stamp of our file: 2026-04-30 03:03:36.000
2026-06-25 20:21:38.424   Dest file exists.
2026-06-25 20:21:38.424   Time stamp of existing file: 2026-04-30 03:03:36.000
2026-06-25 20:21:38.424   Installing the file.
2026-06-25 20:21:38.425   Successfully installed the file.
2026-06-25 20:21:38.425   -- File entry --
2026-06-25 20:21:38.425   Dest filename: C:\Program Files\SamaHesab\server\System.Security.Principal.dll
2026-06-25 20:21:38.425   Time stamp of our file: 2026-04-30 03:02:40.000
2026-06-25 20:21:38.425   Dest file exists.
2026-06-25 20:21:38.425   Time stamp of existing file: 2026-04-30 03:02:40.000
2026-06-25 20:21:38.425   Installing the file.
2026-06-25 20:21:38.426   Successfully installed the file.
2026-06-25 20:21:38.426   -- File entry --
2026-06-25 20:21:38.426   Dest filename: C:\Program Files\SamaHesab\server\System.Security.Principal.Windows.dll
2026-06-25 20:21:38.426   Time stamp of our file: 2026-04-30 03:08:32.000
2026-06-25 20:21:38.426   Dest file exists.
2026-06-25 20:21:38.426   Time stamp of existing file: 2026-04-30 03:08:32.000
2026-06-25 20:21:38.426   Installing the file.
2026-06-25 20:21:38.431   Successfully installed the file.
2026-06-25 20:21:38.431   -- File entry --
2026-06-25 20:21:38.431   Dest filename: C:\Program Files\SamaHesab\server\System.Security.SecureString.dll
2026-06-25 20:21:38.431   Time stamp of our file: 2026-04-30 03:03:24.000
2026-06-25 20:21:38.431   Dest file exists.
2026-06-25 20:21:38.431   Time stamp of existing file: 2026-04-30 03:03:24.000
2026-06-25 20:21:38.431   Installing the file.
2026-06-25 20:21:38.432   Successfully installed the file.
2026-06-25 20:21:38.432   -- File entry --
2026-06-25 20:21:38.432   Dest filename: C:\Program Files\SamaHesab\server\System.ServiceModel.Web.dll
2026-06-25 20:21:38.432   Time stamp of our file: 2026-04-30 03:03:30.000
2026-06-25 20:21:38.432   Dest file exists.
2026-06-25 20:21:38.432   Time stamp of existing file: 2026-04-30 03:03:30.000
2026-06-25 20:21:38.432   Installing the file.
2026-06-25 20:21:38.433   Successfully installed the file.
2026-06-25 20:21:38.433   -- File entry --
2026-06-25 20:21:38.433   Dest filename: C:\Program Files\SamaHesab\server\System.ServiceProcess.dll
2026-06-25 20:21:38.433   Time stamp of our file: 2026-04-30 03:03:32.000
2026-06-25 20:21:38.433   Dest file exists.
2026-06-25 20:21:38.433   Time stamp of existing file: 2026-04-30 03:03:32.000
2026-06-25 20:21:38.433   Installing the file.
2026-06-25 20:21:38.434   Successfully installed the file.
2026-06-25 20:21:38.434   -- File entry --
2026-06-25 20:21:38.434   Dest filename: C:\Program Files\SamaHesab\server\System.ServiceProcess.ServiceController.dll
2026-06-25 20:21:38.434   Time stamp of our file: 2024-10-29 06:09:20.000
2026-06-25 20:21:38.434   Dest file exists.
2026-06-25 20:21:38.434   Time stamp of existing file: 2024-10-29 06:09:20.000
2026-06-25 20:21:38.434   Installing the file.
2026-06-25 20:21:38.436   Successfully installed the file.
2026-06-25 20:21:38.436   -- File entry --
2026-06-25 20:21:38.436   Dest filename: C:\Program Files\SamaHesab\server\System.Text.Encoding.CodePages.dll
2026-06-25 20:21:38.436   Time stamp of our file: 2026-04-30 03:08:34.000
2026-06-25 20:21:38.436   Dest file exists.
2026-06-25 20:21:38.436   Time stamp of existing file: 2026-04-30 03:08:34.000
2026-06-25 20:21:38.436   Installing the file.
2026-06-25 20:21:38.453   Successfully installed the file.
2026-06-25 20:21:38.453   -- File entry --
2026-06-25 20:21:38.453   Dest filename: C:\Program Files\SamaHesab\server\System.Text.Encoding.dll
2026-06-25 20:21:38.453   Time stamp of our file: 2026-04-30 03:02:42.000
2026-06-25 20:21:38.453   Dest file exists.
2026-06-25 20:21:38.454   Time stamp of existing file: 2026-04-30 03:02:42.000
2026-06-25 20:21:38.454   Installing the file.
2026-06-25 20:21:38.455   Successfully installed the file.
2026-06-25 20:21:38.455   -- File entry --
2026-06-25 20:21:38.455   Dest filename: C:\Program Files\SamaHesab\server\System.Text.Encoding.Extensions.dll
2026-06-25 20:21:38.455   Time stamp of our file: 2026-04-30 03:02:44.000
2026-06-25 20:21:38.455   Dest file exists.
2026-06-25 20:21:38.455   Time stamp of existing file: 2026-04-30 03:02:44.000
2026-06-25 20:21:38.455   Installing the file.
2026-06-25 20:21:38.455   Successfully installed the file.
2026-06-25 20:21:38.455   -- File entry --
2026-06-25 20:21:38.455   Dest filename: C:\Program Files\SamaHesab\server\System.Text.Encodings.Web.dll
2026-06-25 20:21:38.455   Time stamp of our file: 2026-04-30 03:08:36.000
2026-06-25 20:21:38.455   Dest file exists.
2026-06-25 20:21:38.457   Time stamp of existing file: 2026-04-30 03:08:36.000
2026-06-25 20:21:38.457   Installing the file.
2026-06-25 20:21:38.460   Successfully installed the file.
2026-06-25 20:21:38.460   -- File entry --
2026-06-25 20:21:38.460   Dest filename: C:\Program Files\SamaHesab\server\System.Text.Json.dll
2026-06-25 20:21:38.460   Time stamp of our file: 2026-04-30 03:08:38.000
2026-06-25 20:21:38.460   Dest file exists.
2026-06-25 20:21:38.460   Time stamp of existing file: 2026-04-30 03:08:38.000
2026-06-25 20:21:38.460   Installing the file.
2026-06-25 20:21:38.497   Successfully installed the file.
2026-06-25 20:21:38.497   -- File entry --
2026-06-25 20:21:38.497   Dest filename: C:\Program Files\SamaHesab\server\System.Text.RegularExpressions.dll
2026-06-25 20:21:38.498   Time stamp of our file: 2026-04-30 03:08:40.000
2026-06-25 20:21:38.498   Dest file exists.
2026-06-25 20:21:38.498   Time stamp of existing file: 2026-04-30 03:08:40.000
2026-06-25 20:21:38.498   Installing the file.
2026-06-25 20:21:38.521   Successfully installed the file.
2026-06-25 20:21:38.521   -- File entry --
2026-06-25 20:21:38.521   Dest filename: C:\Program Files\SamaHesab\server\System.Threading.Channels.dll
2026-06-25 20:21:38.522   Time stamp of our file: 2026-04-30 03:08:40.000
2026-06-25 20:21:38.522   Dest file exists.
2026-06-25 20:21:38.522   Time stamp of existing file: 2026-04-30 03:08:40.000
2026-06-25 20:21:38.522   Installing the file.
2026-06-25 20:21:38.525   Successfully installed the file.
2026-06-25 20:21:38.525   -- File entry --
2026-06-25 20:21:38.525   Dest filename: C:\Program Files\SamaHesab\server\System.Threading.dll
2026-06-25 20:21:38.525   Time stamp of our file: 2026-04-30 03:08:42.000
2026-06-25 20:21:38.525   Dest file exists.
2026-06-25 20:21:38.525   Time stamp of existing file: 2026-04-30 03:08:42.000
2026-06-25 20:21:38.525   Installing the file.
2026-06-25 20:21:38.527   Successfully installed the file.
2026-06-25 20:21:38.527   -- File entry --
2026-06-25 20:21:38.527   Dest filename: C:\Program Files\SamaHesab\server\System.Threading.Overlapped.dll
2026-06-25 20:21:38.527   Time stamp of our file: 2026-04-30 03:02:52.000
2026-06-25 20:21:38.527   Dest file exists.
2026-06-25 20:21:38.527   Time stamp of existing file: 2026-04-30 03:02:52.000
2026-06-25 20:21:38.527   Installing the file.
2026-06-25 20:21:38.529   Successfully installed the file.
2026-06-25 20:21:38.529   -- File entry --
2026-06-25 20:21:38.529   Dest filename: C:\Program Files\SamaHesab\server\System.Threading.RateLimiting.dll
2026-06-25 20:21:38.529   Time stamp of our file: 2026-04-30 13:56:52.000
2026-06-25 20:21:38.529   Dest file exists.
2026-06-25 20:21:38.529   Time stamp of existing file: 2026-04-30 13:56:52.000
2026-06-25 20:21:38.529   Installing the file.
2026-06-25 20:21:38.533   Successfully installed the file.
2026-06-25 20:21:38.533   -- File entry --
2026-06-25 20:21:38.533   Dest filename: C:\Program Files\SamaHesab\server\System.Threading.Tasks.Dataflow.dll
2026-06-25 20:21:38.533   Time stamp of our file: 2026-04-30 03:08:44.000
2026-06-25 20:21:38.533   Dest file exists.
2026-06-25 20:21:38.533   Time stamp of existing file: 2026-04-30 03:08:44.000
2026-06-25 20:21:38.533   Installing the file.
2026-06-25 20:21:38.544   Successfully installed the file.
2026-06-25 20:21:38.544   -- File entry --
2026-06-25 20:21:38.544   Dest filename: C:\Program Files\SamaHesab\server\System.Threading.Tasks.dll
2026-06-25 20:21:38.544   Time stamp of our file: 2026-04-30 03:02:38.000
2026-06-25 20:21:38.544   Dest file exists.
2026-06-25 20:21:38.544   Time stamp of existing file: 2026-04-30 03:02:38.000
2026-06-25 20:21:38.544   Installing the file.
2026-06-25 20:21:38.545   Successfully installed the file.
2026-06-25 20:21:38.545   -- File entry --
2026-06-25 20:21:38.545   Dest filename: C:\Program Files\SamaHesab\server\System.Threading.Tasks.Extensions.dll
2026-06-25 20:21:38.546   Time stamp of our file: 2026-04-30 03:02:38.000
2026-06-25 20:21:38.546   Dest file exists.
2026-06-25 20:21:38.546   Time stamp of existing file: 2026-04-30 03:02:38.000
2026-06-25 20:21:38.546   Installing the file.
2026-06-25 20:21:38.547   Successfully installed the file.
2026-06-25 20:21:38.547   -- File entry --
2026-06-25 20:21:38.547   Dest filename: C:\Program Files\SamaHesab\server\System.Threading.Tasks.Parallel.dll
2026-06-25 20:21:38.547   Time stamp of our file: 2026-04-30 03:08:46.000
2026-06-25 20:21:38.547   Dest file exists.
2026-06-25 20:21:38.547   Time stamp of existing file: 2026-04-30 03:08:46.000
2026-06-25 20:21:38.547   Installing the file.
2026-06-25 20:21:38.550   Successfully installed the file.
2026-06-25 20:21:38.550   -- File entry --
2026-06-25 20:21:38.550   Dest filename: C:\Program Files\SamaHesab\server\System.Threading.Thread.dll
2026-06-25 20:21:38.550   Time stamp of our file: 2026-04-30 03:01:38.000
2026-06-25 20:21:38.550   Dest file exists.
2026-06-25 20:21:38.550   Time stamp of existing file: 2026-04-30 03:01:38.000
2026-06-25 20:21:38.551   Installing the file.
2026-06-25 20:21:38.551   Successfully installed the file.
2026-06-25 20:21:38.551   -- File entry --
2026-06-25 20:21:38.551   Dest filename: C:\Program Files\SamaHesab\server\System.Threading.ThreadPool.dll
2026-06-25 20:21:38.551   Time stamp of our file: 2026-04-30 03:02:52.000
2026-06-25 20:21:38.551   Dest file exists.
2026-06-25 20:21:38.551   Time stamp of existing file: 2026-04-30 03:02:52.000
2026-06-25 20:21:38.551   Installing the file.
2026-06-25 20:21:38.553   Successfully installed the file.
2026-06-25 20:21:38.553   -- File entry --
2026-06-25 20:21:38.553   Dest filename: C:\Program Files\SamaHesab\server\System.Threading.Timer.dll
2026-06-25 20:21:38.553   Time stamp of our file: 2026-04-30 03:02:48.000
2026-06-25 20:21:38.553   Dest file exists.
2026-06-25 20:21:38.553   Time stamp of existing file: 2026-04-30 03:02:48.000
2026-06-25 20:21:38.553   Installing the file.
2026-06-25 20:21:38.554   Successfully installed the file.
2026-06-25 20:21:38.554   -- File entry --
2026-06-25 20:21:38.554   Dest filename: C:\Program Files\SamaHesab\server\System.Transactions.dll
2026-06-25 20:21:38.554   Time stamp of our file: 2026-04-30 03:03:24.000
2026-06-25 20:21:38.554   Dest file exists.
2026-06-25 20:21:38.554   Time stamp of existing file: 2026-04-30 03:03:24.000
2026-06-25 20:21:38.554   Installing the file.
2026-06-25 20:21:38.555   Successfully installed the file.
2026-06-25 20:21:38.555   -- File entry --
2026-06-25 20:21:38.555   Dest filename: C:\Program Files\SamaHesab\server\System.Transactions.Local.dll
2026-06-25 20:21:38.555   Time stamp of our file: 2026-04-30 03:08:46.000
2026-06-25 20:21:38.555   Dest file exists.
2026-06-25 20:21:38.555   Time stamp of existing file: 2026-04-30 03:08:46.000
2026-06-25 20:21:38.555   Installing the file.
2026-06-25 20:21:38.568   Successfully installed the file.
2026-06-25 20:21:38.568   -- File entry --
2026-06-25 20:21:38.568   Dest filename: C:\Program Files\SamaHesab\server\System.ValueTuple.dll
2026-06-25 20:21:38.568   Time stamp of our file: 2026-04-30 03:02:42.000
2026-06-25 20:21:38.568   Dest file exists.
2026-06-25 20:21:38.568   Time stamp of existing file: 2026-04-30 03:02:42.000
2026-06-25 20:21:38.568   Installing the file.
2026-06-25 20:21:38.569   Successfully installed the file.
2026-06-25 20:21:38.569   -- File entry --
2026-06-25 20:21:38.569   Dest filename: C:\Program Files\SamaHesab\server\System.Web.dll
2026-06-25 20:21:38.569   Time stamp of our file: 2026-04-30 03:02:56.000
2026-06-25 20:21:38.569   Dest file exists.
2026-06-25 20:21:38.569   Time stamp of existing file: 2026-04-30 03:02:56.000
2026-06-25 20:21:38.569   Installing the file.
2026-06-25 20:21:38.570   Successfully installed the file.
2026-06-25 20:21:38.570   -- File entry --
2026-06-25 20:21:38.570   Dest filename: C:\Program Files\SamaHesab\server\System.Web.HttpUtility.dll
2026-06-25 20:21:38.570   Time stamp of our file: 2026-04-30 03:08:48.000
2026-06-25 20:21:38.570   Dest file exists.
2026-06-25 20:21:38.570   Time stamp of existing file: 2026-04-30 03:08:48.000
2026-06-25 20:21:38.570   Installing the file.
2026-06-25 20:21:38.572   Successfully installed the file.
2026-06-25 20:21:38.572   -- File entry --
2026-06-25 20:21:38.572   Dest filename: C:\Program Files\SamaHesab\server\System.Windows.dll
2026-06-25 20:21:38.572   Time stamp of our file: 2026-04-30 03:02:42.000
2026-06-25 20:21:38.572   Dest file exists.
2026-06-25 20:21:38.572   Time stamp of existing file: 2026-04-30 03:02:42.000
2026-06-25 20:21:38.572   Installing the file.
2026-06-25 20:21:38.573   Successfully installed the file.
2026-06-25 20:21:38.573   -- File entry --
2026-06-25 20:21:38.573   Dest filename: C:\Program Files\SamaHesab\server\System.Xml.dll
2026-06-25 20:21:38.573   Time stamp of our file: 2026-04-30 03:02:42.000
2026-06-25 20:21:38.573   Dest file exists.
2026-06-25 20:21:38.573   Time stamp of existing file: 2026-04-30 03:02:42.000
2026-06-25 20:21:38.573   Installing the file.
2026-06-25 20:21:38.574   Successfully installed the file.
2026-06-25 20:21:38.574   -- File entry --
2026-06-25 20:21:38.574   Dest filename: C:\Program Files\SamaHesab\server\System.Xml.Linq.dll
2026-06-25 20:21:38.574   Time stamp of our file: 2026-04-30 03:02:58.000
2026-06-25 20:21:38.574   Dest file exists.
2026-06-25 20:21:38.574   Time stamp of existing file: 2026-04-30 03:02:58.000
2026-06-25 20:21:38.574   Installing the file.
2026-06-25 20:21:38.575   Successfully installed the file.
2026-06-25 20:21:38.575   -- File entry --
2026-06-25 20:21:38.575   Dest filename: C:\Program Files\SamaHesab\server\System.Xml.ReaderWriter.dll
2026-06-25 20:21:38.575   Time stamp of our file: 2026-04-30 03:02:18.000
2026-06-25 20:21:38.575   Dest file exists.
2026-06-25 20:21:38.575   Time stamp of existing file: 2026-04-30 03:02:18.000
2026-06-25 20:21:38.575   Installing the file.
2026-06-25 20:21:38.576   Successfully installed the file.
2026-06-25 20:21:38.576   -- File entry --
2026-06-25 20:21:38.576   Dest filename: C:\Program Files\SamaHesab\server\System.Xml.Serialization.dll
2026-06-25 20:21:38.576   Time stamp of our file: 2026-04-30 03:02:58.000
2026-06-25 20:21:38.576   Dest file exists.
2026-06-25 20:21:38.576   Time stamp of existing file: 2026-04-30 03:02:58.000
2026-06-25 20:21:38.576   Installing the file.
2026-06-25 20:21:38.577   Successfully installed the file.
2026-06-25 20:21:38.577   -- File entry --
2026-06-25 20:21:38.577   Dest filename: C:\Program Files\SamaHesab\server\System.Xml.XDocument.dll
2026-06-25 20:21:38.577   Time stamp of our file: 2026-04-30 03:02:58.000
2026-06-25 20:21:38.577   Dest file exists.
2026-06-25 20:21:38.577   Time stamp of existing file: 2026-04-30 03:02:58.000
2026-06-25 20:21:38.577   Installing the file.
2026-06-25 20:21:38.578   Successfully installed the file.
2026-06-25 20:21:38.578   -- File entry --
2026-06-25 20:21:38.578   Dest filename: C:\Program Files\SamaHesab\server\System.Xml.XmlDocument.dll
2026-06-25 20:21:38.578   Time stamp of our file: 2026-04-30 03:02:42.000
2026-06-25 20:21:38.578   Dest file exists.
2026-06-25 20:21:38.579   Time stamp of existing file: 2026-04-30 03:02:42.000
2026-06-25 20:21:38.579   Installing the file.
2026-06-25 20:21:38.580   Successfully installed the file.
2026-06-25 20:21:38.580   -- File entry --
2026-06-25 20:21:38.580   Dest filename: C:\Program Files\SamaHesab\server\System.Xml.XmlSerializer.dll
2026-06-25 20:21:38.580   Time stamp of our file: 2026-04-30 03:02:16.000
2026-06-25 20:21:38.580   Dest file exists.
2026-06-25 20:21:38.580   Time stamp of existing file: 2026-04-30 03:02:16.000
2026-06-25 20:21:38.580   Installing the file.
2026-06-25 20:21:38.581   Successfully installed the file.
2026-06-25 20:21:38.581   -- File entry --
2026-06-25 20:21:38.581   Dest filename: C:\Program Files\SamaHesab\server\System.Xml.XPath.dll
2026-06-25 20:21:38.581   Time stamp of our file: 2026-04-30 03:02:14.000
2026-06-25 20:21:38.581   Dest file exists.
2026-06-25 20:21:38.581   Time stamp of existing file: 2026-04-30 03:02:14.000
2026-06-25 20:21:38.581   Installing the file.
2026-06-25 20:21:38.583   Successfully installed the file.
2026-06-25 20:21:38.583   -- File entry --
2026-06-25 20:21:38.583   Dest filename: C:\Program Files\SamaHesab\server\System.Xml.XPath.XDocument.dll
2026-06-25 20:21:38.583   Time stamp of our file: 2026-04-30 03:08:50.000
2026-06-25 20:21:38.583   Dest file exists.
2026-06-25 20:21:38.583   Time stamp of existing file: 2026-04-30 03:08:50.000
2026-06-25 20:21:38.583   Installing the file.
2026-06-25 20:21:38.584   Successfully installed the file.
2026-06-25 20:21:38.584   -- File entry --
2026-06-25 20:21:38.584   Dest filename: C:\Program Files\SamaHesab\server\web.config
2026-06-25 20:21:38.584   Time stamp of our file: 2026-06-25 20:18:40.000
2026-06-25 20:21:38.584   Dest file exists.
2026-06-25 20:21:38.584   Time stamp of existing file: 2026-06-25 16:40:18.000
2026-06-25 20:21:38.584   Installing the file.
2026-06-25 20:21:38.584   Successfully installed the file.
2026-06-25 20:21:38.584   -- File entry --
2026-06-25 20:21:38.584   Dest filename: C:\Program Files\SamaHesab\server\WindowsBase.dll
2026-06-25 20:21:38.584   Time stamp of our file: 2026-04-30 03:03:28.000
2026-06-25 20:21:38.584   Dest file exists.
2026-06-25 20:21:38.584   Time stamp of existing file: 2026-04-30 03:03:28.000
2026-06-25 20:21:38.584   Installing the file.
2026-06-25 20:21:38.585   Successfully installed the file.
2026-06-25 20:21:38.585   -- File entry --
2026-06-25 20:21:38.585   Dest filename: C:\Program Files\SamaHesab\server\de\Microsoft.Data.SqlClient.resources.dll
2026-06-25 20:21:38.585   Time stamp of our file: 2024-08-27 22:16:52.000
2026-06-25 20:21:38.585   Dest file exists.
2026-06-25 20:21:38.585   Time stamp of existing file: 2024-08-27 22:16:52.000
2026-06-25 20:21:38.585   Installing the file.
2026-06-25 20:21:38.590   Successfully installed the file.
2026-06-25 20:21:38.590   -- File entry --
2026-06-25 20:21:38.590   Dest filename: C:\Program Files\SamaHesab\server\de\PdfSharpCore.resources.dll
2026-06-25 20:21:38.590   Time stamp of our file: 2024-07-13 19:34:32.000
2026-06-25 20:21:38.590   Dest file exists.
2026-06-25 20:21:38.590   Time stamp of existing file: 2024-07-13 19:34:32.000
2026-06-25 20:21:38.590   Installing the file.
2026-06-25 20:21:38.591   Successfully installed the file.
2026-06-25 20:21:38.591   -- File entry --
2026-06-25 20:21:38.591   Dest filename: C:\Program Files\SamaHesab\server\es\Microsoft.Data.SqlClient.resources.dll
2026-06-25 20:21:38.591   Time stamp of our file: 2024-08-27 22:16:52.000
2026-06-25 20:21:38.591   Dest file exists.
2026-06-25 20:21:38.591   Time stamp of existing file: 2024-08-27 22:16:52.000
2026-06-25 20:21:38.591   Installing the file.
2026-06-25 20:21:38.595   Successfully installed the file.
2026-06-25 20:21:38.595   -- File entry --
2026-06-25 20:21:38.595   Dest filename: C:\Program Files\SamaHesab\server\fr\Microsoft.Data.SqlClient.resources.dll
2026-06-25 20:21:38.595   Time stamp of our file: 2024-08-27 22:16:50.000
2026-06-25 20:21:38.595   Dest file exists.
2026-06-25 20:21:38.595   Time stamp of existing file: 2024-08-27 22:16:50.000
2026-06-25 20:21:38.595   Installing the file.
2026-06-25 20:21:38.598   Successfully installed the file.
2026-06-25 20:21:38.599   -- File entry --
2026-06-25 20:21:38.599   Dest filename: C:\Program Files\SamaHesab\server\it\Microsoft.Data.SqlClient.resources.dll
2026-06-25 20:21:38.599   Time stamp of our file: 2024-08-27 22:17:06.000
2026-06-25 20:21:38.599   Dest file exists.
2026-06-25 20:21:38.599   Time stamp of existing file: 2024-08-27 22:17:06.000
2026-06-25 20:21:38.599   Installing the file.
2026-06-25 20:21:38.602   Successfully installed the file.
2026-06-25 20:21:38.602   -- File entry --
2026-06-25 20:21:38.602   Dest filename: C:\Program Files\SamaHesab\server\ja\Microsoft.Data.SqlClient.resources.dll
2026-06-25 20:21:38.602   Time stamp of our file: 2024-08-27 22:17:06.000
2026-06-25 20:21:38.602   Dest file exists.
2026-06-25 20:21:38.602   Time stamp of existing file: 2024-08-27 22:17:06.000
2026-06-25 20:21:38.602   Installing the file.
2026-06-25 20:21:38.606   Successfully installed the file.
2026-06-25 20:21:38.606   -- File entry --
2026-06-25 20:21:38.606   Dest filename: C:\Program Files\SamaHesab\server\ko\Microsoft.Data.SqlClient.resources.dll
2026-06-25 20:21:38.607   Time stamp of our file: 2024-08-27 22:17:06.000
2026-06-25 20:21:38.607   Dest file exists.
2026-06-25 20:21:38.607   Time stamp of existing file: 2024-08-27 22:17:06.000
2026-06-25 20:21:38.607   Installing the file.
2026-06-25 20:21:38.610   Successfully installed the file.
2026-06-25 20:21:38.610   -- File entry --
2026-06-25 20:21:38.610   Dest filename: C:\Program Files\SamaHesab\server\LatoFont\Lato-Black.ttf
2026-06-25 20:21:38.610   Time stamp of our file: 2026-06-10 18:30:48.000
2026-06-25 20:21:38.610   Dest file exists.
2026-06-25 20:21:38.611   Time stamp of existing file: 2026-06-10 18:30:48.000
2026-06-25 20:21:38.611   Installing the file.
2026-06-25 20:21:38.625   Successfully installed the file.
2026-06-25 20:21:38.625   -- File entry --
2026-06-25 20:21:38.625   Dest filename: C:\Program Files\SamaHesab\server\LatoFont\Lato-BlackItalic.ttf
2026-06-25 20:21:38.625   Time stamp of our file: 2026-06-10 18:30:48.000
2026-06-25 20:21:38.625   Dest file exists.
2026-06-25 20:21:38.625   Time stamp of existing file: 2026-06-10 18:30:48.000
2026-06-25 20:21:38.625   Installing the file.
2026-06-25 20:21:38.638   Successfully installed the file.
2026-06-25 20:21:38.638   -- File entry --
2026-06-25 20:21:38.638   Dest filename: C:\Program Files\SamaHesab\server\LatoFont\Lato-Bold.ttf
2026-06-25 20:21:38.639   Time stamp of our file: 2026-06-10 18:30:48.000
2026-06-25 20:21:38.639   Dest file exists.
2026-06-25 20:21:38.639   Time stamp of existing file: 2026-06-10 18:30:48.000
2026-06-25 20:21:38.639   Installing the file.
2026-06-25 20:21:38.650   Successfully installed the file.
2026-06-25 20:21:38.650   -- File entry --
2026-06-25 20:21:38.650   Dest filename: C:\Program Files\SamaHesab\server\LatoFont\Lato-BoldItalic.ttf
2026-06-25 20:21:38.650   Time stamp of our file: 2026-06-10 18:30:48.000
2026-06-25 20:21:38.650   Dest file exists.
2026-06-25 20:21:38.650   Time stamp of existing file: 2026-06-10 18:30:48.000
2026-06-25 20:21:38.650   Installing the file.
2026-06-25 20:21:38.663   Successfully installed the file.
2026-06-25 20:21:38.663   -- File entry --
2026-06-25 20:21:38.663   Dest filename: C:\Program Files\SamaHesab\server\LatoFont\Lato-ExtraBold.ttf
2026-06-25 20:21:38.663   Time stamp of our file: 2026-06-10 18:30:48.000
2026-06-25 20:21:38.663   Dest file exists.
2026-06-25 20:21:38.663   Time stamp of existing file: 2026-06-10 18:30:48.000
2026-06-25 20:21:38.663   Installing the file.
2026-06-25 20:21:38.674   Successfully installed the file.
2026-06-25 20:21:38.674   -- File entry --
2026-06-25 20:21:38.674   Dest filename: C:\Program Files\SamaHesab\server\LatoFont\Lato-ExtraBoldItalic.ttf
2026-06-25 20:21:38.674   Time stamp of our file: 2026-06-10 18:30:48.000
2026-06-25 20:21:38.674   Dest file exists.
2026-06-25 20:21:38.674   Time stamp of existing file: 2026-06-10 18:30:48.000
2026-06-25 20:21:38.674   Installing the file.
2026-06-25 20:21:38.685   Successfully installed the file.
2026-06-25 20:21:38.686   -- File entry --
2026-06-25 20:21:38.686   Dest filename: C:\Program Files\SamaHesab\server\LatoFont\Lato-ExtraLight.ttf
2026-06-25 20:21:38.686   Time stamp of our file: 2026-06-10 18:30:48.000
2026-06-25 20:21:38.686   Dest file exists.
2026-06-25 20:21:38.686   Time stamp of existing file: 2026-06-10 18:30:48.000
2026-06-25 20:21:38.686   Installing the file.
2026-06-25 20:21:38.697   Successfully installed the file.
2026-06-25 20:21:38.697   -- File entry --
2026-06-25 20:21:38.697   Dest filename: C:\Program Files\SamaHesab\server\LatoFont\Lato-ExtraLightItalic.ttf
2026-06-25 20:21:38.697   Time stamp of our file: 2026-06-10 18:30:48.000
2026-06-25 20:21:38.697   Dest file exists.
2026-06-25 20:21:38.697   Time stamp of existing file: 2026-06-10 18:30:48.000
2026-06-25 20:21:38.697   Installing the file.
2026-06-25 20:21:38.709   Successfully installed the file.
2026-06-25 20:21:38.709   -- File entry --
2026-06-25 20:21:38.709   Dest filename: C:\Program Files\SamaHesab\server\LatoFont\Lato-Italic.ttf
2026-06-25 20:21:38.709   Time stamp of our file: 2026-06-10 18:30:48.000
2026-06-25 20:21:38.709   Dest file exists.
2026-06-25 20:21:38.709   Time stamp of existing file: 2026-06-10 18:30:48.000
2026-06-25 20:21:38.709   Installing the file.
2026-06-25 20:21:38.722   Successfully installed the file.
2026-06-25 20:21:38.722   -- File entry --
2026-06-25 20:21:38.722   Dest filename: C:\Program Files\SamaHesab\server\LatoFont\Lato-Light.ttf
2026-06-25 20:21:38.722   Time stamp of our file: 2026-06-10 18:30:48.000
2026-06-25 20:21:38.722   Dest file exists.
2026-06-25 20:21:38.722   Time stamp of existing file: 2026-06-10 18:30:48.000
2026-06-25 20:21:38.722   Installing the file.
2026-06-25 20:21:38.733   Successfully installed the file.
2026-06-25 20:21:38.733   -- File entry --
2026-06-25 20:21:38.733   Dest filename: C:\Program Files\SamaHesab\server\LatoFont\Lato-LightItalic.ttf
2026-06-25 20:21:38.734   Time stamp of our file: 2026-06-10 18:30:48.000
2026-06-25 20:21:38.734   Dest file exists.
2026-06-25 20:21:38.734   Time stamp of existing file: 2026-06-10 18:30:48.000
2026-06-25 20:21:38.734   Installing the file.
2026-06-25 20:21:38.745   Successfully installed the file.
2026-06-25 20:21:38.745   -- File entry --
2026-06-25 20:21:38.745   Dest filename: C:\Program Files\SamaHesab\server\LatoFont\Lato-Medium.ttf
2026-06-25 20:21:38.745   Time stamp of our file: 2026-06-10 18:30:48.000
2026-06-25 20:21:38.745   Dest file exists.
2026-06-25 20:21:38.745   Time stamp of existing file: 2026-06-10 18:30:48.000
2026-06-25 20:21:38.745   Installing the file.
2026-06-25 20:21:38.756   Successfully installed the file.
2026-06-25 20:21:38.756   -- File entry --
2026-06-25 20:21:38.756   Dest filename: C:\Program Files\SamaHesab\server\LatoFont\Lato-MediumItalic.ttf
2026-06-25 20:21:38.757   Time stamp of our file: 2026-06-10 18:30:48.000
2026-06-25 20:21:38.757   Dest file exists.
2026-06-25 20:21:38.757   Time stamp of existing file: 2026-06-10 18:30:48.000
2026-06-25 20:21:38.757   Installing the file.
2026-06-25 20:21:38.768   Successfully installed the file.
2026-06-25 20:21:38.768   -- File entry --
2026-06-25 20:21:38.768   Dest filename: C:\Program Files\SamaHesab\server\LatoFont\Lato-Regular.ttf
2026-06-25 20:21:38.769   Time stamp of our file: 2026-06-10 18:30:48.000
2026-06-25 20:21:38.769   Dest file exists.
2026-06-25 20:21:38.769   Time stamp of existing file: 2026-06-10 18:30:48.000
2026-06-25 20:21:38.769   Installing the file.
2026-06-25 20:21:38.779   Successfully installed the file.
2026-06-25 20:21:38.779   -- File entry --
2026-06-25 20:21:38.779   Dest filename: C:\Program Files\SamaHesab\server\LatoFont\Lato-SemiBold.ttf
2026-06-25 20:21:38.779   Time stamp of our file: 2026-06-10 18:30:48.000
2026-06-25 20:21:38.779   Dest file exists.
2026-06-25 20:21:38.779   Time stamp of existing file: 2026-06-10 18:30:48.000
2026-06-25 20:21:38.779   Installing the file.
2026-06-25 20:21:38.790   Successfully installed the file.
2026-06-25 20:21:38.790   -- File entry --
2026-06-25 20:21:38.790   Dest filename: C:\Program Files\SamaHesab\server\LatoFont\Lato-SemiBoldItalic.ttf
2026-06-25 20:21:38.790   Time stamp of our file: 2026-06-10 18:30:48.000
2026-06-25 20:21:38.790   Dest file exists.
2026-06-25 20:21:38.790   Time stamp of existing file: 2026-06-10 18:30:48.000
2026-06-25 20:21:38.790   Installing the file.
2026-06-25 20:21:38.801   Successfully installed the file.
2026-06-25 20:21:38.801   -- File entry --
2026-06-25 20:21:38.801   Dest filename: C:\Program Files\SamaHesab\server\LatoFont\Lato-Thin.ttf
2026-06-25 20:21:38.801   Time stamp of our file: 2026-06-10 18:30:48.000
2026-06-25 20:21:38.801   Dest file exists.
2026-06-25 20:21:38.801   Time stamp of existing file: 2026-06-10 18:30:48.000
2026-06-25 20:21:38.801   Installing the file.
2026-06-25 20:21:38.812   Successfully installed the file.
2026-06-25 20:21:38.812   -- File entry --
2026-06-25 20:21:38.812   Dest filename: C:\Program Files\SamaHesab\server\LatoFont\Lato-ThinItalic.ttf
2026-06-25 20:21:38.812   Time stamp of our file: 2026-06-10 18:30:48.000
2026-06-25 20:21:38.812   Dest file exists.
2026-06-25 20:21:38.812   Time stamp of existing file: 2026-06-10 18:30:48.000
2026-06-25 20:21:38.812   Installing the file.
2026-06-25 20:21:38.823   Successfully installed the file.
2026-06-25 20:21:38.823   -- File entry --
2026-06-25 20:21:38.823   Dest filename: C:\Program Files\SamaHesab\server\LatoFont\OFL.txt
2026-06-25 20:21:38.824   Time stamp of our file: 2026-06-10 18:30:48.000
2026-06-25 20:21:38.824   Dest file exists.
2026-06-25 20:21:38.824   Time stamp of existing file: 2026-06-10 18:30:48.000
2026-06-25 20:21:38.824   Installing the file.
2026-06-25 20:21:38.824   Successfully installed the file.
2026-06-25 20:21:38.824   -- File entry --
2026-06-25 20:21:38.824   Dest filename: C:\Program Files\SamaHesab\server\pt-BR\Microsoft.Data.SqlClient.resources.dll
2026-06-25 20:21:38.825   Time stamp of our file: 2024-08-27 22:16:52.000
2026-06-25 20:21:38.825   Dest file exists.
2026-06-25 20:21:38.825   Time stamp of existing file: 2024-08-27 22:16:52.000
2026-06-25 20:21:38.825   Installing the file.
2026-06-25 20:21:38.828   Successfully installed the file.
2026-06-25 20:21:38.828   -- File entry --
2026-06-25 20:21:38.828   Dest filename: C:\Program Files\SamaHesab\server\ru\Microsoft.Data.SqlClient.resources.dll
2026-06-25 20:21:38.828   Time stamp of our file: 2024-08-27 22:16:52.000
2026-06-25 20:21:38.828   Dest file exists.
2026-06-25 20:21:38.828   Time stamp of existing file: 2024-08-27 22:16:52.000
2026-06-25 20:21:38.829   Installing the file.
2026-06-25 20:21:38.833   Successfully installed the file.
2026-06-25 20:21:38.833   -- File entry --
2026-06-25 20:21:38.833   Dest filename: C:\Program Files\SamaHesab\server\wwwroot\app\app.js
2026-06-25 20:21:38.833   Time stamp of our file: 2026-06-20 12:30:38.000
2026-06-25 20:21:38.833   Dest file exists.
2026-06-25 20:21:38.834   Time stamp of existing file: 2026-06-20 12:30:38.000
2026-06-25 20:21:38.834   Installing the file.
2026-06-25 20:21:38.835   Successfully installed the file.
2026-06-25 20:21:38.835   -- File entry --
2026-06-25 20:21:38.835   Dest filename: C:\Program Files\SamaHesab\server\wwwroot\app\app.js.br
2026-06-25 20:21:38.835   Time stamp of our file: 2026-06-21 11:45:24.000
2026-06-25 20:21:38.835   Dest file exists.
2026-06-25 20:21:38.835   Time stamp of existing file: 2026-06-21 11:45:24.000
2026-06-25 20:21:38.835   Installing the file.
2026-06-25 20:21:38.835   Successfully installed the file.
2026-06-25 20:21:38.835   -- File entry --
2026-06-25 20:21:38.835   Dest filename: C:\Program Files\SamaHesab\server\wwwroot\app\app.js.gz
2026-06-25 20:21:38.835   Time stamp of our file: 2026-06-21 11:45:22.000
2026-06-25 20:21:38.835   Dest file exists.
2026-06-25 20:21:38.835   Time stamp of existing file: 2026-06-21 11:45:22.000
2026-06-25 20:21:38.836   Installing the file.
2026-06-25 20:21:38.836   Successfully installed the file.
2026-06-25 20:21:38.836   -- File entry --
2026-06-25 20:21:38.836   Dest filename: C:\Program Files\SamaHesab\server\wwwroot\app\icon.svg
2026-06-25 20:21:38.837   Time stamp of our file: 2026-06-20 12:30:38.000
2026-06-25 20:21:38.837   Dest file exists.
2026-06-25 20:21:38.837   Time stamp of existing file: 2026-06-20 12:30:38.000
2026-06-25 20:21:38.837   Installing the file.
2026-06-25 20:21:38.837   Successfully installed the file.
2026-06-25 20:21:38.837   -- File entry --
2026-06-25 20:21:38.837   Dest filename: C:\Program Files\SamaHesab\server\wwwroot\app\icon.svg.br
2026-06-25 20:21:38.837   Time stamp of our file: 2026-06-21 11:45:24.000
2026-06-25 20:21:38.837   Dest file exists.
2026-06-25 20:21:38.837   Time stamp of existing file: 2026-06-21 11:45:24.000
2026-06-25 20:21:38.837   Installing the file.
2026-06-25 20:21:38.838   Successfully installed the file.
2026-06-25 20:21:38.838   -- File entry --
2026-06-25 20:21:38.838   Dest filename: C:\Program Files\SamaHesab\server\wwwroot\app\icon.svg.gz
2026-06-25 20:21:38.838   Time stamp of our file: 2026-06-21 11:45:22.000
2026-06-25 20:21:38.838   Dest file exists.
2026-06-25 20:21:38.839   Time stamp of existing file: 2026-06-21 11:45:22.000
2026-06-25 20:21:38.839   Installing the file.
2026-06-25 20:21:38.839   Successfully installed the file.
2026-06-25 20:21:38.839   -- File entry --
2026-06-25 20:21:38.839   Dest filename: C:\Program Files\SamaHesab\server\wwwroot\app\index.html
2026-06-25 20:21:38.839   Time stamp of our file: 2026-06-20 12:30:38.000
2026-06-25 20:21:38.839   Dest file exists.
2026-06-25 20:21:38.840   Time stamp of existing file: 2026-06-20 12:30:38.000
2026-06-25 20:21:38.840   Installing the file.
2026-06-25 20:21:38.840   Successfully installed the file.
2026-06-25 20:21:38.840   -- File entry --
2026-06-25 20:21:38.840   Dest filename: C:\Program Files\SamaHesab\server\wwwroot\app\index.html.br
2026-06-25 20:21:38.840   Time stamp of our file: 2026-06-21 11:45:24.000
2026-06-25 20:21:38.840   Dest file exists.
2026-06-25 20:21:38.840   Time stamp of existing file: 2026-06-21 11:45:24.000
2026-06-25 20:21:38.840   Installing the file.
2026-06-25 20:21:38.841   Successfully installed the file.
2026-06-25 20:21:38.841   -- File entry --
2026-06-25 20:21:38.841   Dest filename: C:\Program Files\SamaHesab\server\wwwroot\app\index.html.gz
2026-06-25 20:21:38.842   Time stamp of our file: 2026-06-21 11:45:22.000
2026-06-25 20:21:38.842   Dest file exists.
2026-06-25 20:21:38.842   Time stamp of existing file: 2026-06-21 11:45:22.000
2026-06-25 20:21:38.842   Installing the file.
2026-06-25 20:21:38.842   Successfully installed the file.
2026-06-25 20:21:38.842   -- File entry --
2026-06-25 20:21:38.842   Dest filename: C:\Program Files\SamaHesab\server\wwwroot\app\manifest.webmanifest
2026-06-25 20:21:38.843   Time stamp of our file: 2026-06-20 12:30:38.000
2026-06-25 20:21:38.843   Dest file exists.
2026-06-25 20:21:38.843   Time stamp of existing file: 2026-06-20 12:30:38.000
2026-06-25 20:21:38.843   Installing the file.
2026-06-25 20:21:38.843   Successfully installed the file.
2026-06-25 20:21:38.843   -- File entry --
2026-06-25 20:21:38.843   Dest filename: C:\Program Files\SamaHesab\server\wwwroot\app\manifest.webmanifest.br
2026-06-25 20:21:38.843   Time stamp of our file: 2026-06-21 11:45:24.000
2026-06-25 20:21:38.843   Dest file exists.
2026-06-25 20:21:38.843   Time stamp of existing file: 2026-06-21 11:45:24.000
2026-06-25 20:21:38.843   Installing the file.
2026-06-25 20:21:38.844   Successfully installed the file.
2026-06-25 20:21:38.844   -- File entry --
2026-06-25 20:21:38.844   Dest filename: C:\Program Files\SamaHesab\server\wwwroot\app\manifest.webmanifest.gz
2026-06-25 20:21:38.844   Time stamp of our file: 2026-06-21 11:45:22.000
2026-06-25 20:21:38.844   Dest file exists.
2026-06-25 20:21:38.844   Time stamp of existing file: 2026-06-21 11:45:22.000
2026-06-25 20:21:38.844   Installing the file.
2026-06-25 20:21:38.845   Successfully installed the file.
2026-06-25 20:21:38.845   -- File entry --
2026-06-25 20:21:38.845   Dest filename: C:\Program Files\SamaHesab\server\wwwroot\app\styles.css
2026-06-25 20:21:38.846   Time stamp of our file: 2026-06-20 12:30:38.000
2026-06-25 20:21:38.846   Dest file exists.
2026-06-25 20:21:38.846   Time stamp of existing file: 2026-06-20 12:30:38.000
2026-06-25 20:21:38.846   Installing the file.
2026-06-25 20:21:38.847   Successfully installed the file.
2026-06-25 20:21:38.847   -- File entry --
2026-06-25 20:21:38.847   Dest filename: C:\Program Files\SamaHesab\server\wwwroot\app\styles.css.br
2026-06-25 20:21:38.847   Time stamp of our file: 2026-06-21 11:45:24.000
2026-06-25 20:21:38.847   Dest file exists.
2026-06-25 20:21:38.847   Time stamp of existing file: 2026-06-21 11:45:24.000
2026-06-25 20:21:38.848   Installing the file.
2026-06-25 20:21:38.848   Successfully installed the file.
2026-06-25 20:21:38.848   -- File entry --
2026-06-25 20:21:38.848   Dest filename: C:\Program Files\SamaHesab\server\wwwroot\app\styles.css.gz
2026-06-25 20:21:38.849   Time stamp of our file: 2026-06-21 11:45:22.000
2026-06-25 20:21:38.849   Dest file exists.
2026-06-25 20:21:38.849   Time stamp of existing file: 2026-06-21 11:45:22.000
2026-06-25 20:21:38.849   Installing the file.
2026-06-25 20:21:38.849   Successfully installed the file.
2026-06-25 20:21:38.849   -- File entry --
2026-06-25 20:21:38.849   Dest filename: C:\Program Files\SamaHesab\server\wwwroot\app\sw.js
2026-06-25 20:21:38.849   Time stamp of our file: 2026-06-20 12:30:38.000
2026-06-25 20:21:38.849   Dest file exists.
2026-06-25 20:21:38.849   Time stamp of existing file: 2026-06-20 12:30:38.000
2026-06-25 20:21:38.849   Installing the file.
2026-06-25 20:21:38.851   Successfully installed the file.
2026-06-25 20:21:38.851   -- File entry --
2026-06-25 20:21:38.851   Dest filename: C:\Program Files\SamaHesab\server\wwwroot\app\sw.js.br
2026-06-25 20:21:38.851   Time stamp of our file: 2026-06-21 11:45:24.000
2026-06-25 20:21:38.851   Dest file exists.
2026-06-25 20:21:38.851   Time stamp of existing file: 2026-06-21 11:45:24.000
2026-06-25 20:21:38.851   Installing the file.
2026-06-25 20:21:38.851   Successfully installed the file.
2026-06-25 20:21:38.851   -- File entry --
2026-06-25 20:21:38.851   Dest filename: C:\Program Files\SamaHesab\server\wwwroot\app\sw.js.gz
2026-06-25 20:21:38.852   Time stamp of our file: 2026-06-21 11:45:22.000
2026-06-25 20:21:38.852   Dest file exists.
2026-06-25 20:21:38.852   Time stamp of existing file: 2026-06-21 11:45:22.000
2026-06-25 20:21:38.852   Installing the file.
2026-06-25 20:21:38.852   Successfully installed the file.
2026-06-25 20:21:38.852   -- File entry --
2026-06-25 20:21:38.852   Dest filename: C:\Program Files\SamaHesab\server\zh-Hans\Microsoft.Data.SqlClient.resources.dll
2026-06-25 20:21:38.853   Time stamp of our file: 2024-08-27 22:16:52.000
2026-06-25 20:21:38.853   Dest file exists.
2026-06-25 20:21:38.853   Time stamp of existing file: 2024-08-27 22:16:52.000
2026-06-25 20:21:38.853   Installing the file.
2026-06-25 20:21:38.856   Successfully installed the file.
2026-06-25 20:21:38.856   -- File entry --
2026-06-25 20:21:38.856   Dest filename: C:\Program Files\SamaHesab\server\zh-Hant\Microsoft.Data.SqlClient.resources.dll
2026-06-25 20:21:38.856   Time stamp of our file: 2024-08-27 22:16:52.000
2026-06-25 20:21:38.856   Dest file exists.
2026-06-25 20:21:38.856   Time stamp of existing file: 2024-08-27 22:16:52.000
2026-06-25 20:21:38.856   Installing the file.
2026-06-25 20:21:38.860   Successfully installed the file.
2026-06-25 20:21:38.860   -- File entry --
2026-06-25 20:21:38.860   Dest filename: C:\Program Files\SamaHesab\docs\UserGuide.pdf
2026-06-25 20:21:38.860   Time stamp of our file: 2026-06-20 12:30:38.000
2026-06-25 20:21:38.860   Dest file exists.
2026-06-25 20:21:38.860   Time stamp of existing file: 2026-06-20 12:30:38.000
2026-06-25 20:21:38.860   Installing the file.
2026-06-25 20:21:38.865   Successfully installed the file.
2026-06-25 20:21:38.865   -- File entry --
2026-06-25 20:21:38.865   Dest filename: C:\Program Files\SamaHesab\docs\Tutorial.pdf
2026-06-25 20:21:38.865   Time stamp of our file: 2026-06-20 12:30:38.000
2026-06-25 20:21:38.865   Dest file exists.
2026-06-25 20:21:38.865   Time stamp of existing file: 2026-06-20 12:30:38.000
2026-06-25 20:21:38.865   Installing the file.
2026-06-25 20:21:38.870   Successfully installed the file.
2026-06-25 20:21:38.870   -- File entry --
2026-06-25 20:21:38.870   Dest filename: C:\Program Files\SamaHesab\database\01_CreateDatabase.sql
2026-06-25 20:21:38.870   Time stamp of our file: 2026-06-20 12:30:38.000
2026-06-25 20:21:38.870   Dest file exists.
2026-06-25 20:21:38.870   Time stamp of existing file: 2026-06-20 12:30:38.000
2026-06-25 20:21:38.870   Installing the file.
2026-06-25 20:21:38.871   Successfully installed the file.
2026-06-25 20:21:38.871   -- File entry --
2026-06-25 20:21:38.871   Dest filename: C:\Program Files\SamaHesab\database\02_CreateTables.sql
2026-06-25 20:21:38.871   Time stamp of our file: 2026-06-20 12:30:38.000
2026-06-25 20:21:38.871   Dest file exists.
2026-06-25 20:21:38.871   Time stamp of existing file: 2026-06-20 12:30:38.000
2026-06-25 20:21:38.871   Installing the file.
2026-06-25 20:21:38.872   Successfully installed the file.
2026-06-25 20:21:38.872   -- File entry --
2026-06-25 20:21:38.872   Dest filename: C:\Program Files\SamaHesab\database\03_CreateIndexes.sql
2026-06-25 20:21:38.872   Time stamp of our file: 2026-06-20 12:30:38.000
2026-06-25 20:21:38.872   Dest file exists.
2026-06-25 20:21:38.872   Time stamp of existing file: 2026-06-20 12:30:38.000
2026-06-25 20:21:38.872   Installing the file.
2026-06-25 20:21:38.873   Successfully installed the file.
2026-06-25 20:21:38.873   -- File entry --
2026-06-25 20:21:38.873   Dest filename: C:\Program Files\SamaHesab\database\04_CreateViews.sql
2026-06-25 20:21:38.873   Time stamp of our file: 2026-06-20 12:30:38.000
2026-06-25 20:21:38.873   Dest file exists.
2026-06-25 20:21:38.873   Time stamp of existing file: 2026-06-20 12:30:38.000
2026-06-25 20:21:38.873   Installing the file.
2026-06-25 20:21:38.873   Successfully installed the file.
2026-06-25 20:21:38.873   -- File entry --
2026-06-25 20:21:38.873   Dest filename: C:\Program Files\SamaHesab\database\05_StoredProcedures.sql
2026-06-25 20:21:38.875   Time stamp of our file: 2026-06-20 12:30:38.000
2026-06-25 20:21:38.875   Dest file exists.
2026-06-25 20:21:38.875   Time stamp of existing file: 2026-06-20 12:30:38.000
2026-06-25 20:21:38.875   Installing the file.
2026-06-25 20:21:38.875   Successfully installed the file.
2026-06-25 20:21:38.875   -- File entry --
2026-06-25 20:21:38.875   Dest filename: C:\Program Files\SamaHesab\database\06_SeedData.sql
2026-06-25 20:21:38.876   Time stamp of our file: 2026-06-20 12:30:38.000
2026-06-25 20:21:38.876   Dest file exists.
2026-06-25 20:21:38.876   Time stamp of existing file: 2026-06-20 12:30:38.000
2026-06-25 20:21:38.876   Installing the file.
2026-06-25 20:21:38.876   Successfully installed the file.
2026-06-25 20:21:38.876   -- File entry --
2026-06-25 20:21:38.876   Dest filename: C:\Program Files\SamaHesab\database\07_DefaultChartOfAccounts.sql
2026-06-25 20:21:38.877   Time stamp of our file: 2026-06-20 12:30:38.000
2026-06-25 20:21:38.877   Dest file exists.
2026-06-25 20:21:38.877   Time stamp of existing file: 2026-06-20 12:30:38.000
2026-06-25 20:21:38.877   Installing the file.
2026-06-25 20:21:38.877   Successfully installed the file.
2026-06-25 20:21:38.877   -- File entry --
2026-06-25 20:21:38.877   Dest filename: C:\Program Files\SamaHesab\database\08_DemoData.sql
2026-06-25 20:21:38.878   Time stamp of our file: 2026-06-20 12:30:38.000
2026-06-25 20:21:38.878   Dest file exists.
2026-06-25 20:21:38.878   Time stamp of existing file: 2026-06-20 12:30:38.000
2026-06-25 20:21:38.878   Installing the file.
2026-06-25 20:21:38.879   Successfully installed the file.
2026-06-25 20:21:38.879   -- File entry --
2026-06-25 20:21:38.879   Dest filename: C:\Program Files\SamaHesab\database\08_RunAll.sql
2026-06-25 20:21:38.879   Time stamp of our file: 2026-06-20 12:30:38.000
2026-06-25 20:21:38.879   Dest file exists.
2026-06-25 20:21:38.880   Time stamp of existing file: 2026-06-20 12:30:38.000
2026-06-25 20:21:38.880   Installing the file.
2026-06-25 20:21:38.880   Successfully installed the file.
2026-06-25 20:21:38.880   -- File entry --
2026-06-25 20:21:38.880   Dest filename: C:\Program Files\SamaHesab\database\09_Restaurant.sql
2026-06-25 20:21:38.880   Time stamp of our file: 2026-06-20 12:30:38.000
2026-06-25 20:21:38.880   Dest file exists.
2026-06-25 20:21:38.880   Time stamp of existing file: 2026-06-20 12:30:38.000
2026-06-25 20:21:38.880   Installing the file.
2026-06-25 20:21:38.881   Successfully installed the file.
2026-06-25 20:21:38.881   -- File entry --
2026-06-25 20:21:38.881   Dest filename: C:\Program Files\SamaHesab\database\11_VoucherTemplates.sql
2026-06-25 20:21:38.882   Time stamp of our file: 2026-06-20 12:30:38.000
2026-06-25 20:21:38.882   Dest file exists.
2026-06-25 20:21:38.882   Time stamp of existing file: 2026-06-20 12:30:38.000
2026-06-25 20:21:38.882   Installing the file.
2026-06-25 20:21:38.882   Successfully installed the file.
2026-06-25 20:21:38.882   -- File entry --
2026-06-25 20:21:38.882   Dest filename: C:\Program Files\SamaHesab\database\12_RecurringVouchers.sql
2026-06-25 20:21:38.882   Time stamp of our file: 2026-06-20 12:30:38.000
2026-06-25 20:21:38.883   Dest file exists.
2026-06-25 20:21:38.883   Time stamp of existing file: 2026-06-20 12:30:38.000
2026-06-25 20:21:38.883   Installing the file.
2026-06-25 20:21:38.883   Successfully installed the file.
2026-06-25 20:21:38.883   -- File entry --
2026-06-25 20:21:38.883   Dest filename: C:\Program Files\SamaHesab\database\13_UserItemRefs.sql
2026-06-25 20:21:38.884   Time stamp of our file: 2026-06-20 12:30:38.000
2026-06-25 20:21:38.884   Dest file exists.
2026-06-25 20:21:38.884   Time stamp of existing file: 2026-06-20 12:30:38.000
2026-06-25 20:21:38.884   Installing the file.
2026-06-25 20:21:38.884   Successfully installed the file.
2026-06-25 20:21:38.884   -- File entry --
2026-06-25 20:21:38.884   Dest filename: C:\Program Files\SamaHesab\database\14_StockCount.sql
2026-06-25 20:21:38.884   Time stamp of our file: 2026-06-20 12:30:38.000
2026-06-25 20:21:38.884   Dest file exists.
2026-06-25 20:21:38.884   Time stamp of existing file: 2026-06-20 12:30:38.000
2026-06-25 20:21:38.884   Installing the file.
2026-06-25 20:21:38.885   Successfully installed the file.
2026-06-25 20:21:38.885   -- File entry --
2026-06-25 20:21:38.885   Dest filename: C:\Program Files\SamaHesab\database\15_PurchaseOrders.sql
2026-06-25 20:21:38.885   Time stamp of our file: 2026-06-23 22:35:24.000
2026-06-25 20:21:38.885   Dest file exists.
2026-06-25 20:21:38.885   Time stamp of existing file: 2026-06-23 22:35:24.000
2026-06-25 20:21:38.885   Installing the file.
2026-06-25 20:21:38.886   Successfully installed the file.
2026-06-25 20:21:38.886   -- File entry --
2026-06-25 20:21:38.886   Dest filename: C:\Program Files\SamaHesab\database\16_CashShifts.sql
2026-06-25 20:21:38.886   Time stamp of our file: 2026-06-20 12:30:38.000
2026-06-25 20:21:38.886   Dest file exists.
2026-06-25 20:21:38.886   Time stamp of existing file: 2026-06-20 12:30:38.000
2026-06-25 20:21:38.886   Installing the file.
2026-06-25 20:21:38.886   Successfully installed the file.
2026-06-25 20:21:38.886   -- File entry --
2026-06-25 20:21:38.886   Dest filename: C:\Program Files\SamaHesab\database\17_HeldSales.sql
2026-06-25 20:21:38.886   Time stamp of our file: 2026-06-20 12:30:38.000
2026-06-25 20:21:38.886   Dest file exists.
2026-06-25 20:21:38.886   Time stamp of existing file: 2026-06-20 12:30:38.000
2026-06-25 20:21:38.886   Installing the file.
2026-06-25 20:21:38.888   Successfully installed the file.
2026-06-25 20:21:38.888   -- File entry --
2026-06-25 20:21:38.888   Dest filename: C:\Program Files\SamaHesab\database\18_RecurringInvoices.sql
2026-06-25 20:21:38.888   Time stamp of our file: 2026-06-20 12:30:38.000
2026-06-25 20:21:38.888   Dest file exists.
2026-06-25 20:21:38.888   Time stamp of existing file: 2026-06-20 12:30:38.000
2026-06-25 20:21:38.888   Installing the file.
2026-06-25 20:21:38.888   Successfully installed the file.
2026-06-25 20:21:38.888   -- File entry --
2026-06-25 20:21:38.888   Dest filename: C:\Program Files\SamaHesab\database\19_AccountingDimensions.sql
2026-06-25 20:21:38.888   Time stamp of our file: 2026-06-20 12:30:38.000
2026-06-25 20:21:38.888   Dest file exists.
2026-06-25 20:21:38.889   Time stamp of existing file: 2026-06-20 12:30:38.000
2026-06-25 20:21:38.889   Installing the file.
2026-06-25 20:21:38.889   Successfully installed the file.
2026-06-25 20:21:38.889   -- File entry --
2026-06-25 20:21:38.889   Dest filename: C:\Program Files\SamaHesab\database\20_Security_Rbac.sql
2026-06-25 20:21:38.889   Time stamp of our file: 2026-06-20 12:30:38.000
2026-06-25 20:21:38.889   Dest file exists.
2026-06-25 20:21:38.889   Time stamp of existing file: 2026-06-20 12:30:38.000
2026-06-25 20:21:38.890   Installing the file.
2026-06-25 20:21:38.890   Successfully installed the file.
2026-06-25 20:21:38.890   -- File entry --
2026-06-25 20:21:38.890   Dest filename: C:\Program Files\SamaHesab\database\21_CustomerContactFields.sql
2026-06-25 20:21:38.890   Time stamp of our file: 2026-06-20 12:30:38.000
2026-06-25 20:21:38.890   Dest file exists.
2026-06-25 20:21:38.890   Time stamp of existing file: 2026-06-20 12:30:38.000
2026-06-25 20:21:38.890   Installing the file.
2026-06-25 20:21:38.891   Successfully installed the file.
2026-06-25 20:21:38.891   -- File entry --
2026-06-25 20:21:38.891   Dest filename: C:\Program Files\SamaHesab\database\22_CustomerAttachments.sql
2026-06-25 20:21:38.891   Time stamp of our file: 2026-06-20 12:30:38.000
2026-06-25 20:21:38.891   Dest file exists.
2026-06-25 20:21:38.891   Time stamp of existing file: 2026-06-20 12:30:38.000
2026-06-25 20:21:38.891   Installing the file.
2026-06-25 20:21:38.892   Successfully installed the file.
2026-06-25 20:21:38.892   -- File entry --
2026-06-25 20:21:38.892   Dest filename: C:\Program Files\SamaHesab\database\23_ProductDiscountTiers.sql
2026-06-25 20:21:38.892   Time stamp of our file: 2026-06-20 12:30:38.000
2026-06-25 20:21:38.892   Dest file exists.
2026-06-25 20:21:38.892   Time stamp of existing file: 2026-06-20 12:30:38.000
2026-06-25 20:21:38.892   Installing the file.
2026-06-25 20:21:38.893   Successfully installed the file.
2026-06-25 20:21:38.893   -- File entry --
2026-06-25 20:21:38.893   Dest filename: C:\Program Files\SamaHesab\database\24_FixDimensionAuditColumns.sql
2026-06-25 20:21:38.893   Time stamp of our file: 2026-06-20 12:30:38.000
2026-06-25 20:21:38.893   Dest file exists.
2026-06-25 20:21:38.893   Time stamp of existing file: 2026-06-20 12:30:38.000
2026-06-25 20:21:38.893   Installing the file.
2026-06-25 20:21:38.894   Successfully installed the file.
2026-06-25 20:21:38.894   -- File entry --
2026-06-25 20:21:38.894   Dest filename: C:\Program Files\SamaHesab\database\25_InterBranchAccount.sql
2026-06-25 20:21:38.894   Time stamp of our file: 2026-06-20 12:30:38.000
2026-06-25 20:21:38.894   Dest file exists.
2026-06-25 20:21:38.894   Time stamp of existing file: 2026-06-20 12:30:38.000
2026-06-25 20:21:38.894   Installing the file.
2026-06-25 20:21:38.895   Successfully installed the file.
2026-06-25 20:21:38.895   -- File entry --
2026-06-25 20:21:38.895   Dest filename: C:\Program Files\SamaHesab\database\26_CashVarianceAccounts.sql
2026-06-25 20:21:38.895   Time stamp of our file: 2026-06-20 12:30:38.000
2026-06-25 20:21:38.895   Dest file exists.
2026-06-25 20:21:38.895   Time stamp of existing file: 2026-06-20 12:30:38.000
2026-06-25 20:21:38.895   Installing the file.
2026-06-25 20:21:38.895   Successfully installed the file.
2026-06-25 20:21:38.895   -- File entry --
2026-06-25 20:21:38.895   Dest filename: C:\Program Files\SamaHesab\database\27_VoucherApproval.sql
2026-06-25 20:21:38.895   Time stamp of our file: 2026-06-20 12:30:38.000
2026-06-25 20:21:38.895   Dest file exists.
2026-06-25 20:21:38.895   Time stamp of existing file: 2026-06-20 12:30:38.000
2026-06-25 20:21:38.895   Installing the file.
2026-06-25 20:21:38.897   Successfully installed the file.
2026-06-25 20:21:38.897   -- File entry --
2026-06-25 20:21:38.897   Dest filename: C:\Program Files\SamaHesab\database\28_DocumentTemplates.sql
2026-06-25 20:21:38.897   Time stamp of our file: 2026-06-20 12:30:38.000
2026-06-25 20:21:38.897   Dest file exists.
2026-06-25 20:21:38.897   Time stamp of existing file: 2026-06-20 12:30:38.000
2026-06-25 20:21:38.897   Installing the file.
2026-06-25 20:21:38.898   Successfully installed the file.
2026-06-25 20:21:38.898   -- File entry --
2026-06-25 20:21:38.898   Dest filename: C:\Program Files\SamaHesab\database\29_PayrollAccounts.sql
2026-06-25 20:21:38.898   Time stamp of our file: 2026-06-20 12:30:38.000
2026-06-25 20:21:38.898   Dest file exists.
2026-06-25 20:21:38.898   Time stamp of existing file: 2026-06-20 12:30:38.000
2026-06-25 20:21:38.898   Installing the file.
2026-06-25 20:21:38.899   Successfully installed the file.
2026-06-25 20:21:38.899   -- File entry --
2026-06-25 20:21:38.899   Dest filename: C:\Program Files\SamaHesab\database\30_FixTemplateNames.sql
2026-06-25 20:21:38.899   Time stamp of our file: 2026-06-20 12:30:38.000
2026-06-25 20:21:38.899   Dest file exists.
2026-06-25 20:21:38.899   Time stamp of existing file: 2026-06-20 12:30:38.000
2026-06-25 20:21:38.899   Installing the file.
2026-06-25 20:21:38.899   Successfully installed the file.
2026-06-25 20:21:38.899   -- File entry --
2026-06-25 20:21:38.899   Dest filename: C:\Program Files\SamaHesab\database\31_PerformanceIndexes.sql
2026-06-25 20:21:38.900   Time stamp of our file: 2026-06-20 12:30:38.000
2026-06-25 20:21:38.900   Dest file exists.
2026-06-25 20:21:38.900   Time stamp of existing file: 2026-06-20 12:30:38.000
2026-06-25 20:21:38.900   Installing the file.
2026-06-25 20:21:38.900   Successfully installed the file.
2026-06-25 20:21:38.900   -- File entry --
2026-06-25 20:21:38.900   Dest filename: C:\Program Files\SamaHesab\database\32_SupportCenter.sql
2026-06-25 20:21:38.901   Time stamp of our file: 2026-06-20 12:30:38.000
2026-06-25 20:21:38.901   Dest file exists.
2026-06-25 20:21:38.901   Time stamp of existing file: 2026-06-20 12:30:38.000
2026-06-25 20:21:38.901   Installing the file.
2026-06-25 20:21:38.901   Successfully installed the file.
2026-06-25 20:21:38.901   -- File entry --
2026-06-25 20:21:38.901   Dest filename: C:\Program Files\SamaHesab\database\33_RemoteSupportConnect.sql
2026-06-25 20:21:38.902   Time stamp of our file: 2026-06-20 12:30:38.000
2026-06-25 20:21:38.902   Dest file exists.
2026-06-25 20:21:38.902   Time stamp of existing file: 2026-06-20 12:30:38.000
2026-06-25 20:21:38.902   Installing the file.
2026-06-25 20:21:38.902   Successfully installed the file.
2026-06-25 20:21:38.902   -- File entry --
2026-06-25 20:21:38.902   Dest filename: C:\Program Files\SamaHesab\database\33_SalesInvoiceHeaderFields.sql
2026-06-25 20:21:38.902   Time stamp of our file: 2026-06-20 12:30:38.000
2026-06-25 20:21:38.902   Dest file exists.
2026-06-25 20:21:38.902   Time stamp of existing file: 2026-06-20 12:30:38.000
2026-06-25 20:21:38.902   Installing the file.
2026-06-25 20:21:38.903   Successfully installed the file.
2026-06-25 20:21:38.903   -- File entry --
2026-06-25 20:21:38.903   Dest filename: C:\Program Files\SamaHesab\database\34_DropOrphanTables.sql
2026-06-25 20:21:38.903   Time stamp of our file: 2026-06-20 12:30:38.000
2026-06-25 20:21:38.903   Dest file exists.
2026-06-25 20:21:38.903   Time stamp of existing file: 2026-06-20 12:30:38.000
2026-06-25 20:21:38.903   Installing the file.
2026-06-25 20:21:38.903   Successfully installed the file.
2026-06-25 20:21:38.903   -- File entry --
2026-06-25 20:21:38.903   Dest filename: C:\Program Files\SamaHesab\database\35_PartyUnification.sql
2026-06-25 20:21:38.904   Time stamp of our file: 2026-06-20 12:30:38.000
2026-06-25 20:21:38.904   Dest file exists.
2026-06-25 20:21:38.904   Time stamp of existing file: 2026-06-20 12:30:38.000
2026-06-25 20:21:38.904   Installing the file.
2026-06-25 20:21:38.904   Successfully installed the file.
2026-06-25 20:21:38.904   -- File entry --
2026-06-25 20:21:38.904   Dest filename: C:\Program Files\SamaHesab\database\36_PartyMergeByCode.sql
2026-06-25 20:21:38.905   Time stamp of our file: 2026-06-20 12:30:38.000
2026-06-25 20:21:38.905   Dest file exists.
2026-06-25 20:21:38.905   Time stamp of existing file: 2026-06-20 12:30:38.000
2026-06-25 20:21:38.905   Installing the file.
2026-06-25 20:21:38.905   Successfully installed the file.
2026-06-25 20:21:38.905   -- File entry --
2026-06-25 20:21:38.905   Dest filename: C:\Program Files\SamaHesab\database\37_PartyCutover.sql
2026-06-25 20:21:38.905   Time stamp of our file: 2026-06-20 12:30:38.000
2026-06-25 20:21:38.905   Dest file exists.
2026-06-25 20:21:38.905   Time stamp of existing file: 2026-06-20 12:30:38.000
2026-06-25 20:21:38.905   Installing the file.
2026-06-25 20:21:38.906   Successfully installed the file.
2026-06-25 20:21:38.906   -- File entry --
2026-06-25 20:21:38.906   Dest filename: C:\Program Files\SamaHesab\database\38_PartyGroupBirthDate.sql
2026-06-25 20:21:38.907   Time stamp of our file: 2026-06-21 05:02:40.000
2026-06-25 20:21:38.907   Dest file exists.
2026-06-25 20:21:38.907   Time stamp of existing file: 2026-06-21 05:02:40.000
2026-06-25 20:21:38.907   Installing the file.
2026-06-25 20:21:38.907   Successfully installed the file.
2026-06-25 20:21:38.907   -- File entry --
2026-06-25 20:21:38.907   Dest filename: C:\Program Files\SamaHesab\database\39_PayrollFullSchema.sql
2026-06-25 20:21:38.907   Time stamp of our file: 2026-06-22 00:40:42.000
2026-06-25 20:21:38.907   Dest file exists.
2026-06-25 20:21:38.907   Time stamp of existing file: 2026-06-22 00:40:42.000
2026-06-25 20:21:38.907   Installing the file.
2026-06-25 20:21:38.908   Successfully installed the file.
2026-06-25 20:21:38.908   -- File entry --
2026-06-25 20:21:38.908   Dest filename: C:\Program Files\SamaHesab\database\40_PayrollSettings.sql
2026-06-25 20:21:38.908   Time stamp of our file: 2026-06-22 15:08:04.000
2026-06-25 20:21:38.908   Dest file exists.
2026-06-25 20:21:38.908   Time stamp of existing file: 2026-06-22 15:08:04.000
2026-06-25 20:21:38.908   Installing the file.
2026-06-25 20:21:38.909   Successfully installed the file.
2026-06-25 20:21:38.909   -- File entry --
2026-06-25 20:21:38.909   Dest filename: C:\Program Files\SamaHesab\database\41_AttendanceSchema.sql
2026-06-25 20:21:38.909   Time stamp of our file: 2026-06-22 15:08:04.000
2026-06-25 20:21:38.909   Dest file exists.
2026-06-25 20:21:38.909   Time stamp of existing file: 2026-06-22 15:08:04.000
2026-06-25 20:21:38.909   Installing the file.
2026-06-25 20:21:38.910   Successfully installed the file.
2026-06-25 20:21:38.910   -- File entry --
2026-06-25 20:21:38.910   Dest filename: C:\Program Files\SamaHesab\database\42_Tourism.sql
2026-06-25 20:21:38.910   Time stamp of our file: 2026-06-22 15:08:04.000
2026-06-25 20:21:38.910   Dest file exists.
2026-06-25 20:21:38.910   Time stamp of existing file: 2026-06-22 15:08:04.000
2026-06-25 20:21:38.910   Installing the file.
2026-06-25 20:21:38.910   Successfully installed the file.
2026-06-25 20:21:38.910   -- File entry --
2026-06-25 20:21:38.910   Dest filename: C:\Program Files\SamaHesab\database\43_Contracting.sql
2026-06-25 20:21:38.910   Time stamp of our file: 2026-06-22 16:09:02.000
2026-06-25 20:21:38.910   Dest file exists.
2026-06-25 20:21:38.911   Time stamp of existing file: 2026-06-22 16:09:02.000
2026-06-25 20:21:38.911   Installing the file.
2026-06-25 20:21:38.911   Successfully installed the file.
2026-06-25 20:21:38.912   -- File entry --
2026-06-25 20:21:38.912   Dest filename: C:\Program Files\SamaHesab\database\43_DemoData_Tourism.sql
2026-06-25 20:21:38.912   Time stamp of our file: 2026-06-22 16:09:02.000
2026-06-25 20:21:38.912   Dest file exists.
2026-06-25 20:21:38.912   Time stamp of existing file: 2026-06-22 16:09:02.000
2026-06-25 20:21:38.912   Installing the file.
2026-06-25 20:21:38.913   Successfully installed the file.
2026-06-25 20:21:38.913   -- File entry --
2026-06-25 20:21:38.913   Dest filename: C:\Program Files\SamaHesab\database\44_DemoData_Contracting.sql
2026-06-25 20:21:38.914   Time stamp of our file: 2026-06-23 01:33:52.000
2026-06-25 20:21:38.914   Dest file exists.
2026-06-25 20:21:38.914   Time stamp of existing file: 2026-06-23 01:33:52.000
2026-06-25 20:21:38.914   Installing the file.
2026-06-25 20:21:38.914   Successfully installed the file.
2026-06-25 20:21:38.914   -- File entry --
2026-06-25 20:21:38.914   Dest filename: C:\Program Files\SamaHesab\database\45_AttendanceDevices.sql
2026-06-25 20:21:38.915   Time stamp of our file: 2026-06-23 01:59:48.000
2026-06-25 20:21:38.915   Dest file exists.
2026-06-25 20:21:38.915   Time stamp of existing file: 2026-06-23 01:59:48.000
2026-06-25 20:21:38.915   Installing the file.
2026-06-25 20:21:38.915   Successfully installed the file.
2026-06-25 20:21:38.915   -- File entry --
2026-06-25 20:21:38.915   Dest filename: C:\Program Files\SamaHesab\database\46_CompanySettings.sql
2026-06-25 20:21:38.916   Time stamp of our file: 2026-06-23 10:05:06.000
2026-06-25 20:21:38.916   Dest file exists.
2026-06-25 20:21:38.916   Time stamp of existing file: 2026-06-23 10:05:06.000
2026-06-25 20:21:38.916   Installing the file.
2026-06-25 20:21:38.916   Successfully installed the file.
2026-06-25 20:21:38.916   -- File entry --
2026-06-25 20:21:38.916   Dest filename: C:\Program Files\SamaHesab\database\47_Pms.sql
2026-06-25 20:21:38.916   Time stamp of our file: 2026-06-23 22:35:24.000
2026-06-25 20:21:38.916   Dest file exists.
2026-06-25 20:21:38.916   Time stamp of existing file: 2026-06-23 22:35:24.000
2026-06-25 20:21:38.916   Installing the file.
2026-06-25 20:21:38.917   Successfully installed the file.
2026-06-25 20:21:38.917   -- File entry --
2026-06-25 20:21:38.917   Dest filename: C:\Program Files\SamaHesab\database\48_TourismCapacity.sql
2026-06-25 20:21:38.917   Time stamp of our file: 2026-06-24 01:43:08.000
2026-06-25 20:21:38.917   Dest file exists.
2026-06-25 20:21:38.917   Time stamp of existing file: 2026-06-24 01:43:08.000
2026-06-25 20:21:38.917   Installing the file.
2026-06-25 20:21:38.917   Successfully installed the file.
2026-06-25 20:21:38.917   -- File entry --
2026-06-25 20:21:38.917   Dest filename: C:\Program Files\SamaHesab\database\49_TourismTravelDate.sql
2026-06-25 20:21:38.917   Time stamp of our file: 2026-06-24 01:59:18.000
2026-06-25 20:21:38.917   Dest file exists.
2026-06-25 20:21:38.917   Time stamp of existing file: 2026-06-24 01:59:18.000
2026-06-25 20:21:38.917   Installing the file.
2026-06-25 20:21:38.919   Successfully installed the file.
2026-06-25 20:21:38.919   -- File entry --
2026-06-25 20:21:38.919   Dest filename: C:\Program Files\SamaHesab\database\50_UserSalesperson.sql
2026-06-25 20:21:38.919   Time stamp of our file: 2026-06-25 17:15:14.000
2026-06-25 20:21:38.919   Installing the file.
2026-06-25 20:21:38.920   Successfully installed the file.
2026-06-25 20:21:38.920   -- File entry --
2026-06-25 20:21:38.920   Dest filename: C:\Program Files\SamaHesab\database\_win_01_create.sql
2026-06-25 20:21:38.920   Time stamp of our file: 2026-06-20 12:30:38.000
2026-06-25 20:21:38.920   Dest file exists.
2026-06-25 20:21:38.920   Time stamp of existing file: 2026-06-20 12:30:38.000
2026-06-25 20:21:38.920   Installing the file.
2026-06-25 20:21:38.920   Successfully installed the file.
2026-06-25 20:21:38.920   -- Icon entry --
2026-06-25 20:21:38.920   Dest filename: C:\ProgramData\Microsoft\Windows\Start Menu\Programs\سما حساب\سما حساب.lnk
2026-06-25 20:21:38.920   Creating the icon.
2026-06-25 20:21:38.978   Successfully created the icon.
2026-06-25 20:21:38.987   -- Icon entry --
2026-06-25 20:21:38.987   Dest filename: C:\ProgramData\Microsoft\Windows\Start Menu\Programs\سما حساب\صندوقِ فروش (POS).lnk
2026-06-25 20:21:38.988   Creating the icon.
2026-06-25 20:21:39.027   Successfully created the icon.
2026-06-25 20:21:39.034   -- Icon entry --
2026-06-25 20:21:39.034   Dest filename: C:\ProgramData\Microsoft\Windows\Start Menu\Programs\سما حساب\رستوران.lnk
2026-06-25 20:21:39.034   Creating the icon.
2026-06-25 20:21:39.059   Successfully created the icon.
2026-06-25 20:21:39.064   -- Icon entry --
2026-06-25 20:21:39.064   Dest filename: C:\ProgramData\Microsoft\Windows\Start Menu\Programs\سما حساب\گارسون.lnk
2026-06-25 20:21:39.064   Creating the icon.
2026-06-25 20:21:39.088   Successfully created the icon.
2026-06-25 20:21:39.093   -- Icon entry --
2026-06-25 20:21:39.093   Dest filename: C:\ProgramData\Microsoft\Windows\Start Menu\Programs\سما حساب\آشپزخانه.lnk
2026-06-25 20:21:39.093   Creating the icon.
2026-06-25 20:21:39.126   Successfully created the icon.
2026-06-25 20:21:39.130   -- Icon entry --
2026-06-25 20:21:39.130   Dest filename: C:\ProgramData\Microsoft\Windows\Start Menu\Programs\سما حساب\انبار.lnk
2026-06-25 20:21:39.130   Creating the icon.
2026-06-25 20:21:39.161   Successfully created the icon.
2026-06-25 20:21:39.165   -- Icon entry --
2026-06-25 20:21:39.165   Dest filename: C:\ProgramData\Microsoft\Windows\Start Menu\Programs\سما حساب\حضور و غیاب.lnk
2026-06-25 20:21:39.166   Creating the icon.
2026-06-25 20:21:39.189   Successfully created the icon.
2026-06-25 20:21:39.194   -- Icon entry --
2026-06-25 20:21:39.194   Dest filename: C:\ProgramData\Microsoft\Windows\Start Menu\Programs\سما حساب\سرورِ سما حساب (API).lnk
2026-06-25 20:21:39.194   Creating the icon.
2026-06-25 20:21:39.234   Successfully created the icon.
2026-06-25 20:21:39.238   -- Icon entry --
2026-06-25 20:21:39.238   Dest filename: C:\ProgramData\Microsoft\Windows\Start Menu\Programs\سما حساب\ابزارِ مهاجرت داده.lnk
2026-06-25 20:21:39.238   Creating the icon.
2026-06-25 20:21:39.263   Successfully created the icon.
2026-06-25 20:21:39.268   -- Icon entry --
2026-06-25 20:21:39.268   Dest filename: C:\ProgramData\Microsoft\Windows\Start Menu\Programs\سما حساب\خودآموزِ گام‌به‌گام.lnk
2026-06-25 20:21:39.268   Creating the icon.
2026-06-25 20:21:39.270   Successfully created the icon.
2026-06-25 20:21:39.275   -- Icon entry --
2026-06-25 20:21:39.275   Dest filename: C:\ProgramData\Microsoft\Windows\Start Menu\Programs\سما حساب\راهنمای کاربر.lnk
2026-06-25 20:21:39.275   Creating the icon.
2026-06-25 20:21:39.277   Successfully created the icon.
2026-06-25 20:21:39.282   -- Icon entry --
2026-06-25 20:21:39.283   Dest filename: C:\ProgramData\Microsoft\Windows\Start Menu\Programs\سما حساب\حذف سما حساب.lnk
2026-06-25 20:21:39.283   Creating the icon.
2026-06-25 20:21:39.285   Successfully created the icon.
2026-06-25 20:21:39.290   -- Icon entry --
2026-06-25 20:21:39.290   Dest filename: C:\Users\Public\Desktop\سما حساب.lnk
2026-06-25 20:21:39.290   Creating the icon.
2026-06-25 20:21:39.292   Successfully created the icon.
2026-06-25 20:21:39.303   -- Icon entry --
2026-06-25 20:21:39.303   Dest filename: C:\Users\Public\Desktop\صندوقِ فروشِ سما حساب.lnk
2026-06-25 20:21:39.304   Creating the icon.
2026-06-25 20:21:39.306   Successfully created the icon.
2026-06-25 20:21:39.314   -- Icon entry --
2026-06-25 20:21:39.314   Dest filename: C:\Users\Public\Desktop\رستورانِ سما حساب.lnk
2026-06-25 20:21:39.314   Creating the icon.
2026-06-25 20:21:39.316   Successfully created the icon.
2026-06-25 20:21:39.331   -- Icon entry --
2026-06-25 20:21:39.331   Dest filename: C:\Users\Public\Desktop\گارسونِ سما حساب.lnk
2026-06-25 20:21:39.332   Creating the icon.
2026-06-25 20:21:39.335   Successfully created the icon.
2026-06-25 20:21:39.415   -- Icon entry --
2026-06-25 20:21:39.415   Dest filename: C:\Users\Public\Desktop\آشپزخانهٔ سما حساب.lnk
2026-06-25 20:21:39.415   Creating the icon.
2026-06-25 20:21:39.417   Successfully created the icon.
2026-06-25 20:21:39.429   -- Icon entry --
2026-06-25 20:21:39.429   Dest filename: C:\Users\Public\Desktop\انبارِ سما حساب.lnk
2026-06-25 20:21:39.430   Creating the icon.
2026-06-25 20:21:39.432   Successfully created the icon.
2026-06-25 20:21:39.481   -- Icon entry --
2026-06-25 20:21:39.481   Dest filename: C:\Users\Public\Desktop\ابزارِ مهاجرتِ سما حساب.lnk
2026-06-25 20:21:39.482   Creating the icon.
2026-06-25 20:21:39.484   Successfully created the icon.
2026-06-25 20:21:39.529   -- Icon entry --
2026-06-25 20:21:39.529   Dest filename: C:\Users\Public\Desktop\سرورِ سما حساب (API).lnk
2026-06-25 20:21:39.530   Creating the icon.
2026-06-25 20:21:39.532   Successfully created the icon.
2026-06-25 20:21:39.568   -- Icon entry --
2026-06-25 20:21:39.568   Dest filename: C:\Users\Public\Desktop\گردشگری — سما حساب.lnk
2026-06-25 20:21:39.569   Creating the icon.
2026-06-25 20:21:39.571   Successfully created the icon.
2026-06-25 20:21:39.626   -- Icon entry --
2026-06-25 20:21:39.626   Dest filename: C:\Users\Public\Desktop\حقوق و دستمزد — سما حساب.lnk
2026-06-25 20:21:39.626   Creating the icon.
2026-06-25 20:21:39.628   Successfully created the icon.
2026-06-25 20:21:39.667   -- Icon entry --
2026-06-25 20:21:39.667   Dest filename: C:\Users\Public\Desktop\حضور و غیاب — سما حساب.lnk
2026-06-25 20:21:39.667   Creating the icon.
2026-06-25 20:21:39.670   Successfully created the icon.
2026-06-25 20:21:39.690   -- Icon entry --
2026-06-25 20:21:39.690   Dest filename: C:\Users\Public\Desktop\پیمانکاری — سما حساب.lnk
2026-06-25 20:21:39.691   Creating the icon.
2026-06-25 20:21:39.693   Successfully created the icon.
2026-06-25 20:21:39.740   -- Registry entry --
2026-06-25 20:21:39.740   Key: HKEY_LOCAL_MACHINE\SOFTWARE\SamaNarmAfzar\SamaHesab
2026-06-25 20:21:39.740   Value name: InstallPath
2026-06-25 20:21:39.740   Creating or opening the key.
2026-06-25 20:21:39.741   Creating or setting the value.
2026-06-25 20:21:39.741   Successfully created or set the value.
2026-06-25 20:21:39.741   -- Registry entry --
2026-06-25 20:21:39.741   Key: HKEY_LOCAL_MACHINE\SOFTWARE\SamaNarmAfzar\SamaHesab
2026-06-25 20:21:39.741   Value name: Version
2026-06-25 20:21:39.741   Creating or opening the key.
2026-06-25 20:21:39.741   Creating or setting the value.
2026-06-25 20:21:39.741   Successfully created or set the value.
2026-06-25 20:21:39.741   -- Registry entry --
2026-06-25 20:21:39.741   Key: HKEY_CLASSES_ROOT\.shbak
2026-06-25 20:21:39.741   Creating or opening the key.
2026-06-25 20:21:39.741   Creating or setting the value.
2026-06-25 20:21:39.741   Successfully created or set the value.
2026-06-25 20:21:39.741   -- Registry entry --
2026-06-25 20:21:39.741   Key: HKEY_CLASSES_ROOT\SamaHesab.Backup
2026-06-25 20:21:39.741   Creating or opening the key.
2026-06-25 20:21:39.741   Creating or setting the value.
2026-06-25 20:21:39.741   Successfully created or set the value.
2026-06-25 20:21:39.741   -- Registry entry --
2026-06-25 20:21:39.741   Key: HKEY_CLASSES_ROOT\SamaHesab.Backup\DefaultIcon
2026-06-25 20:21:39.741   Creating or opening the key.
2026-06-25 20:21:39.741   Creating or setting the value.
2026-06-25 20:21:39.741   Successfully created or set the value.
2026-06-25 20:21:39.741   Saving uninstall information.
2026-06-25 20:21:39.741   Renaming uninstaller.
2026-06-25 20:21:39.742   Deleting uninstall key left over from previous administrative 64-bit install.
2026-06-25 20:21:39.743   Creating new uninstall key: HKEY_LOCAL_MACHINE\Software\Microsoft\Windows\CurrentVersion\Uninstall\{A1B2C3D4-E5F6-7890-ABCD-EF1234567890}_is1
2026-06-25 20:21:39.743   Writing uninstall key values.
2026-06-25 20:21:39.743   Detected previous non administrative install? No
2026-06-25 20:21:39.743   Detected previous administrative 32-bit install? No
2026-06-25 20:21:39.745   Installation process succeeded.
2026-06-25 20:21:39.745   Need to restart Windows? No
2026-06-25 20:21:39.754   -- Run entry --
2026-06-25 20:21:39.754   Run as: Original user
2026-06-25 20:21:39.754   Type: Exec
2026-06-25 20:21:39.754   Filename: C:\Program Files\SamaHesab\SamaHesab.exe
2026-06-25 20:21:39.783   Deinitializing Setup.
2026-06-25 20:21:39.796   Log closed.
