2026-06-25 16:43:18.927   Log opened. (Time zone: UTC+03:30)
2026-06-25 16:43:18.927   Setup version: Inno Setup version 6.7.3
2026-06-25 16:43:18.927   Original Setup EXE: D:\duc\samahesab-src\installer\Output\SamaHesab_Setup_v2.6.4.exe
2026-06-25 16:43:18.927   Setup command line: /SL5="$5B005FC,112622117,867840,D:\duc\samahesab-src\installer\Output\SamaHesab_Setup_v2.6.4.exe" /VERYSILENT /SUPPRESSMSGBOXES /NORESTART /LOG=D:\duc\samahesab-src\install_264.log 
2026-06-25 16:43:18.927   Windows version: 10.0.26200
2026-06-25 16:43:18.927   Windows architecture: x64 (64-bit)
2026-06-25 16:43:18.927   Machine types supported by system: x86 x64
2026-06-25 16:43:18.927   User privileges: Administrative
2026-06-25 16:43:18.933   Administrative install mode: Yes
2026-06-25 16:43:18.933   Install mode root key: HKEY_LOCAL_MACHINE
2026-06-25 16:43:18.933   64-bit install mode: Yes
2026-06-25 16:43:18.933   RedirectionGuard status for current process: Enabled in enforcing mode
2026-06-25 16:43:18.935   Created protected temporary directory: C:\Users\Mohammad\AppData\Local\Temp\is-8XENAB010K.tmp
2026-06-25 16:43:19.110   Found 983 files to register with RestartManager.
2026-06-25 16:43:19.110   Calling RestartManager's RmGetList.
2026-06-25 16:43:26.192   RmGetList finished successfully.
2026-06-25 16:43:26.192   RestartManager found no applications using one of our files.
2026-06-25 16:43:26.197   Starting the installation process.
2026-06-25 16:43:26.198   Setting permissions on directory: C:\Program Files\SamaHesab\logs
2026-06-25 16:43:26.199   Setting permissions on directory: C:\Program Files\SamaHesab\backup
2026-06-25 16:43:26.199   Setting permissions on directory: C:\Program Files\SamaHesab\reports
2026-06-25 16:43:26.200   Setting permissions on directory: C:\Program Files\SamaHesab\temp
2026-06-25 16:43:26.200   Directory for uninstall files: C:\Program Files\SamaHesab
2026-06-25 16:43:26.205   Will append to existing uninstall log: C:\Program Files\SamaHesab\unins000.dat
2026-06-25 16:43:26.219   -- File entry --
2026-06-25 16:43:26.220   Dest filename: C:\Program Files\SamaHesab\unins000.exe
2026-06-25 16:43:26.220   Non-default bitness: 32-bit
2026-06-25 16:43:26.226   Time stamp of our file: 2026-06-25 16:43:18.730
2026-06-25 16:43:26.226   Dest file exists.
2026-06-25 16:43:26.226   Time stamp of existing file: 2026-06-24 20:47:39.547
2026-06-25 16:43:26.226   Version of our file: 51.1054.0.0
2026-06-25 16:43:26.284   Version of existing file: 51.1054.0.0
2026-06-25 16:43:26.284   Installing the file.
2026-06-25 16:43:26.293   Leaving temporary file in place for now.
2026-06-25 16:43:26.293   -- File entry --
2026-06-25 16:43:26.294   Dest filename: C:\Program Files\SamaHesab\Accessibility.dll
2026-06-25 16:43:26.294   Time stamp of our file: 2026-04-30 10:59:06.000
2026-06-25 16:43:26.294   Dest file exists.
2026-06-25 16:43:26.294   Time stamp of existing file: 2026-04-30 10:59:06.000
2026-06-25 16:43:26.294   Installing the file.
2026-06-25 16:43:26.295   Successfully installed the file.
2026-06-25 16:43:26.295   -- File entry --
2026-06-25 16:43:26.297   Dest filename: C:\Program Files\SamaHesab\appsettings.json
2026-06-25 16:43:26.297   Time stamp of our file: 2026-06-20 12:30:40.000
2026-06-25 16:43:26.297   Dest file exists.
2026-06-25 16:43:26.297   Time stamp of existing file: 2026-06-20 12:30:40.000
2026-06-25 16:43:26.297   Installing the file.
2026-06-25 16:43:26.297   Successfully installed the file.
2026-06-25 16:43:26.297   -- File entry --
2026-06-25 16:43:26.298   Dest filename: C:\Program Files\SamaHesab\Azure.Core.dll
2026-06-25 16:43:26.298   Time stamp of our file: 2024-02-26 18:54:40.000
2026-06-25 16:43:26.298   Dest file exists.
2026-06-25 16:43:26.298   Time stamp of existing file: 2024-02-26 18:54:40.000
2026-06-25 16:43:26.298   Installing the file.
2026-06-25 16:43:26.306   Successfully installed the file.
2026-06-25 16:43:26.306   -- File entry --
2026-06-25 16:43:26.307   Dest filename: C:\Program Files\SamaHesab\Azure.Identity.dll
2026-06-25 16:43:26.307   Time stamp of our file: 2024-06-10 20:13:48.000
2026-06-25 16:43:26.307   Dest file exists.
2026-06-25 16:43:26.307   Time stamp of existing file: 2024-06-10 20:13:48.000
2026-06-25 16:43:26.307   Installing the file.
2026-06-25 16:43:26.314   Successfully installed the file.
2026-06-25 16:43:26.314   -- File entry --
2026-06-25 16:43:26.315   Dest filename: C:\Program Files\SamaHesab\ClosedXML.dll
2026-06-25 16:43:26.315   Time stamp of our file: 2024-11-15 03:56:30.000
2026-06-25 16:43:26.315   Dest file exists.
2026-06-25 16:43:26.315   Time stamp of existing file: 2024-11-15 03:56:30.000
2026-06-25 16:43:26.315   Installing the file.
2026-06-25 16:43:26.345   Successfully installed the file.
2026-06-25 16:43:26.345   -- File entry --
2026-06-25 16:43:26.346   Dest filename: C:\Program Files\SamaHesab\ClosedXML.Parser.dll
2026-06-25 16:43:26.346   Time stamp of our file: 2024-01-17 23:21:36.000
2026-06-25 16:43:26.346   Dest file exists.
2026-06-25 16:43:26.346   Time stamp of existing file: 2024-01-17 23:21:36.000
2026-06-25 16:43:26.346   Installing the file.
2026-06-25 16:43:26.349   Successfully installed the file.
2026-06-25 16:43:26.349   -- File entry --
2026-06-25 16:43:26.349   Dest filename: C:\Program Files\SamaHesab\clretwrc.dll
2026-06-25 16:43:26.349   Time stamp of our file: 2026-04-30 02:48:30.000
2026-06-25 16:43:26.349   Dest file exists.
2026-06-25 16:43:26.349   Time stamp of existing file: 2026-04-30 02:48:30.000
2026-06-25 16:43:26.349   Installing the file.
2026-06-25 16:43:26.354   Successfully installed the file.
2026-06-25 16:43:26.354   -- File entry --
2026-06-25 16:43:26.354   Dest filename: C:\Program Files\SamaHesab\clrgc.dll
2026-06-25 16:43:26.354   Time stamp of our file: 2026-04-30 02:46:10.000
2026-06-25 16:43:26.354   Dest file exists.
2026-06-25 16:43:26.354   Time stamp of existing file: 2026-04-30 02:46:10.000
2026-06-25 16:43:26.354   Installing the file.
2026-06-25 16:43:26.370   Successfully installed the file.
2026-06-25 16:43:26.370   -- File entry --
2026-06-25 16:43:26.370   Dest filename: C:\Program Files\SamaHesab\clrgcexp.dll
2026-06-25 16:43:26.370   Time stamp of our file: 2026-04-30 02:46:10.000
2026-06-25 16:43:26.370   Dest file exists.
2026-06-25 16:43:26.370   Time stamp of existing file: 2026-04-30 02:46:10.000
2026-06-25 16:43:26.370   Installing the file.
2026-06-25 16:43:26.382   Successfully installed the file.
2026-06-25 16:43:26.382   -- File entry --
2026-06-25 16:43:26.382   Dest filename: C:\Program Files\SamaHesab\clrjit.dll
2026-06-25 16:43:26.382   Time stamp of our file: 2026-04-30 02:45:20.000
2026-06-25 16:43:26.382   Dest file exists.
2026-06-25 16:43:26.383   Time stamp of existing file: 2026-04-30 02:45:20.000
2026-06-25 16:43:26.383   Installing the file.
2026-06-25 16:43:26.429   Successfully installed the file.
2026-06-25 16:43:26.429   -- File entry --
2026-06-25 16:43:26.429   Dest filename: C:\Program Files\SamaHesab\CommunityToolkit.Mvvm.dll
2026-06-25 16:43:26.429   Time stamp of our file: 2024-09-18 15:22:00.000
2026-06-25 16:43:26.430   Dest file exists.
2026-06-25 16:43:26.430   Time stamp of existing file: 2024-09-18 15:22:00.000
2026-06-25 16:43:26.430   Installing the file.
2026-06-25 16:43:26.433   Successfully installed the file.
2026-06-25 16:43:26.433   -- File entry --
2026-06-25 16:43:26.433   Dest filename: C:\Program Files\SamaHesab\ControlzEx.dll
2026-06-25 16:43:26.433   Time stamp of our file: 2020-11-01 01:39:54.000
2026-06-25 16:43:26.433   Dest file exists.
2026-06-25 16:43:26.433   Time stamp of existing file: 2020-11-01 01:39:54.000
2026-06-25 16:43:26.433   Installing the file.
2026-06-25 16:43:26.439   Successfully installed the file.
2026-06-25 16:43:26.439   -- File entry --
2026-06-25 16:43:26.439   Dest filename: C:\Program Files\SamaHesab\coreclr.dll
2026-06-25 16:43:26.439   Time stamp of our file: 2026-04-30 02:42:54.000
2026-06-25 16:43:26.439   Dest file exists.
2026-06-25 16:43:26.439   Time stamp of existing file: 2026-04-30 02:42:54.000
2026-06-25 16:43:26.439   Installing the file.
2026-06-25 16:43:26.545   Successfully installed the file.
2026-06-25 16:43:26.545   -- File entry --
2026-06-25 16:43:26.545   Dest filename: C:\Program Files\SamaHesab\createdump.exe
2026-06-25 16:43:26.545   Time stamp of our file: 2026-04-30 02:48:30.000
2026-06-25 16:43:26.545   Dest file exists.
2026-06-25 16:43:26.545   Time stamp of existing file: 2026-04-30 02:48:30.000
2026-06-25 16:43:26.545   Installing the file.
2026-06-25 16:43:26.547   Successfully installed the file.
2026-06-25 16:43:26.547   -- File entry --
2026-06-25 16:43:26.547   Dest filename: C:\Program Files\SamaHesab\D3DCompiler_47_cor3.dll
2026-06-25 16:43:26.547   Time stamp of our file: 2026-01-27 09:48:40.000
2026-06-25 16:43:26.547   Dest file exists.
2026-06-25 16:43:26.547   Time stamp of existing file: 2026-01-27 09:48:40.000
2026-06-25 16:43:26.547   Installing the file.
2026-06-25 16:43:26.645   Successfully installed the file.
2026-06-25 16:43:26.647   -- File entry --
2026-06-25 16:43:26.647   Dest filename: C:\Program Files\SamaHesab\DirectWriteForwarder.dll
2026-06-25 16:43:26.647   Time stamp of our file: 2026-04-30 16:08:44.000
2026-06-25 16:43:26.647   Dest file exists.
2026-06-25 16:43:26.647   Time stamp of existing file: 2026-04-30 16:08:44.000
2026-06-25 16:43:26.647   Installing the file.
2026-06-25 16:43:26.659   Successfully installed the file.
2026-06-25 16:43:26.659   -- File entry --
2026-06-25 16:43:26.659   Dest filename: C:\Program Files\SamaHesab\DocumentFormat.OpenXml.dll
2026-06-25 16:43:26.659   Time stamp of our file: 2024-10-15 22:48:56.000
2026-06-25 16:43:26.659   Dest file exists.
2026-06-25 16:43:26.660   Time stamp of existing file: 2024-10-15 22:48:56.000
2026-06-25 16:43:26.660   Installing the file.
2026-06-25 16:43:26.745   Successfully installed the file.
2026-06-25 16:43:26.745   -- File entry --
2026-06-25 16:43:26.745   Dest filename: C:\Program Files\SamaHesab\DocumentFormat.OpenXml.Framework.dll
2026-06-25 16:43:26.745   Time stamp of our file: 2024-10-15 22:48:56.000
2026-06-25 16:43:26.745   Dest file exists.
2026-06-25 16:43:26.745   Time stamp of existing file: 2024-10-15 22:48:56.000
2026-06-25 16:43:26.745   Installing the file.
2026-06-25 16:43:26.754   Successfully installed the file.
2026-06-25 16:43:26.754   -- File entry --
2026-06-25 16:43:26.754   Dest filename: C:\Program Files\SamaHesab\ExcelNumberFormat.dll
2026-06-25 16:43:26.754   Time stamp of our file: 2020-10-02 12:12:28.000
2026-06-25 16:43:26.754   Dest file exists.
2026-06-25 16:43:26.754   Time stamp of existing file: 2020-10-02 12:12:28.000
2026-06-25 16:43:26.754   Installing the file.
2026-06-25 16:43:26.756   Successfully installed the file.
2026-06-25 16:43:26.756   -- File entry --
2026-06-25 16:43:26.756   Dest filename: C:\Program Files\SamaHesab\FluentValidation.DependencyInjectionExtensions.dll
2026-06-25 16:43:26.757   Time stamp of our file: 2024-11-16 23:13:22.000
2026-06-25 16:43:26.757   Dest file exists.
2026-06-25 16:43:26.757   Time stamp of existing file: 2024-11-16 23:13:22.000
2026-06-25 16:43:26.757   Installing the file.
2026-06-25 16:43:26.758   Successfully installed the file.
2026-06-25 16:43:26.758   -- File entry --
2026-06-25 16:43:26.758   Dest filename: C:\Program Files\SamaHesab\FluentValidation.dll
2026-06-25 16:43:26.758   Time stamp of our file: 2024-11-16 23:13:24.000
2026-06-25 16:43:26.758   Dest file exists.
2026-06-25 16:43:26.758   Time stamp of existing file: 2024-11-16 23:13:24.000
2026-06-25 16:43:26.758   Installing the file.
2026-06-25 16:43:26.767   Successfully installed the file.
2026-06-25 16:43:26.767   -- File entry --
2026-06-25 16:43:26.767   Dest filename: C:\Program Files\SamaHesab\FluentWPF.dll
2026-06-25 16:43:26.768   Time stamp of our file: 2021-10-10 03:41:58.000
2026-06-25 16:43:26.768   Dest file exists.
2026-06-25 16:43:26.768   Time stamp of existing file: 2021-10-10 03:41:58.000
2026-06-25 16:43:26.768   Installing the file.
2026-06-25 16:43:26.772   Successfully installed the file.
2026-06-25 16:43:26.772   -- File entry --
2026-06-25 16:43:26.772   Dest filename: C:\Program Files\SamaHesab\hostfxr.dll
2026-06-25 16:43:26.772   Time stamp of our file: 2026-04-30 02:58:16.000
2026-06-25 16:43:26.772   Dest file exists.
2026-06-25 16:43:26.772   Time stamp of existing file: 2026-04-30 02:58:16.000
2026-06-25 16:43:26.772   Installing the file.
2026-06-25 16:43:26.782   Successfully installed the file.
2026-06-25 16:43:26.782   -- File entry --
2026-06-25 16:43:26.782   Dest filename: C:\Program Files\SamaHesab\hostpolicy.dll
2026-06-25 16:43:26.782   Time stamp of our file: 2026-04-30 02:58:18.000
2026-06-25 16:43:26.782   Dest file exists.
2026-06-25 16:43:26.782   Time stamp of existing file: 2026-04-30 02:58:18.000
2026-06-25 16:43:26.782   Installing the file.
2026-06-25 16:43:26.789   Successfully installed the file.
2026-06-25 16:43:26.789   -- File entry --
2026-06-25 16:43:26.789   Dest filename: C:\Program Files\SamaHesab\hozur.deps.json
2026-06-25 16:43:26.789   Time stamp of our file: 2026-06-25 16:40:16.000
2026-06-25 16:43:26.789   Dest file exists.
2026-06-25 16:43:26.789   Time stamp of existing file: 2026-06-24 18:34:06.000
2026-06-25 16:43:26.789   Installing the file.
2026-06-25 16:43:26.790   Successfully installed the file.
2026-06-25 16:43:26.790   -- File entry --
2026-06-25 16:43:26.790   Dest filename: C:\Program Files\SamaHesab\hozur.dll
2026-06-25 16:43:26.790   Time stamp of our file: 2026-06-25 16:40:16.000
2026-06-25 16:43:26.790   Dest file exists.
2026-06-25 16:43:26.790   Time stamp of existing file: 2026-06-24 18:34:06.000
2026-06-25 16:43:26.791   Installing the file.
2026-06-25 16:43:26.791   Successfully installed the file.
2026-06-25 16:43:26.791   -- File entry --
2026-06-25 16:43:26.792   Dest filename: C:\Program Files\SamaHesab\hozur.exe
2026-06-25 16:43:26.792   Time stamp of our file: 2026-06-25 16:40:16.000
2026-06-25 16:43:26.792   Dest file exists.
2026-06-25 16:43:26.792   Time stamp of existing file: 2026-06-24 18:34:06.000
2026-06-25 16:43:26.792   Installing the file.
2026-06-25 16:43:26.795   Successfully installed the file.
2026-06-25 16:43:26.795   -- File entry --
2026-06-25 16:43:26.795   Dest filename: C:\Program Files\SamaHesab\hozur.runtimeconfig.json
2026-06-25 16:43:26.795   Time stamp of our file: 2026-06-25 16:40:16.000
2026-06-25 16:43:26.795   Dest file exists.
2026-06-25 16:43:26.795   Time stamp of existing file: 2026-06-24 18:34:06.000
2026-06-25 16:43:26.795   Installing the file.
2026-06-25 16:43:26.796   Successfully installed the file.
2026-06-25 16:43:26.796   -- File entry --
2026-06-25 16:43:26.796   Dest filename: C:\Program Files\SamaHesab\ICSharpCode.SharpZipLib.dll
2026-06-25 16:43:26.796   Time stamp of our file: 2023-01-29 18:29:10.000
2026-06-25 16:43:26.796   Dest file exists.
2026-06-25 16:43:26.796   Time stamp of existing file: 2023-01-29 18:29:10.000
2026-06-25 16:43:26.796   Installing the file.
2026-06-25 16:43:26.802   Successfully installed the file.
2026-06-25 16:43:26.802   -- File entry --
2026-06-25 16:43:26.803   Dest filename: C:\Program Files\SamaHesab\kitchen.deps.json
2026-06-25 16:43:26.803   Time stamp of our file: 2026-06-25 16:40:12.000
2026-06-25 16:43:26.803   Dest file exists.
2026-06-25 16:43:26.803   Time stamp of existing file: 2026-06-24 18:34:02.000
2026-06-25 16:43:26.803   Installing the file.
2026-06-25 16:43:26.803   Successfully installed the file.
2026-06-25 16:43:26.804   -- File entry --
2026-06-25 16:43:26.804   Dest filename: C:\Program Files\SamaHesab\kitchen.dll
2026-06-25 16:43:26.804   Time stamp of our file: 2026-06-25 16:40:12.000
2026-06-25 16:43:26.804   Dest file exists.
2026-06-25 16:43:26.804   Time stamp of existing file: 2026-06-24 18:34:02.000
2026-06-25 16:43:26.804   Installing the file.
2026-06-25 16:43:26.804   Successfully installed the file.
2026-06-25 16:43:26.804   -- File entry --
2026-06-25 16:43:26.805   Dest filename: C:\Program Files\SamaHesab\kitchen.exe
2026-06-25 16:43:26.805   Time stamp of our file: 2026-06-25 16:40:12.000
2026-06-25 16:43:26.805   Dest file exists.
2026-06-25 16:43:26.805   Time stamp of existing file: 2026-06-24 18:34:02.000
2026-06-25 16:43:26.805   Installing the file.
2026-06-25 16:43:26.806   Successfully installed the file.
2026-06-25 16:43:26.806   -- File entry --
2026-06-25 16:43:26.806   Dest filename: C:\Program Files\SamaHesab\kitchen.runtimeconfig.json
2026-06-25 16:43:26.807   Time stamp of our file: 2026-06-25 16:40:12.000
2026-06-25 16:43:26.807   Dest file exists.
2026-06-25 16:43:26.807   Time stamp of existing file: 2026-06-24 18:34:02.000
2026-06-25 16:43:26.807   Installing the file.
2026-06-25 16:43:26.807   Successfully installed the file.
2026-06-25 16:43:26.807   -- File entry --
2026-06-25 16:43:26.807   Dest filename: C:\Program Files\SamaHesab\MahApps.Metro.dll
2026-06-25 16:43:26.807   Time stamp of our file: 2023-07-06 13:56:22.000
2026-06-25 16:43:26.807   Dest file exists.
2026-06-25 16:43:26.807   Time stamp of existing file: 2023-07-06 13:56:22.000
2026-06-25 16:43:26.807   Installing the file.
2026-06-25 16:43:26.849   Successfully installed the file.
2026-06-25 16:43:26.849   -- File entry --
2026-06-25 16:43:26.849   Dest filename: C:\Program Files\SamaHesab\MaterialDesignColors.dll
2026-06-25 16:43:26.849   Time stamp of our file: 2024-06-22 23:58:28.000
2026-06-25 16:43:26.849   Dest file exists.
2026-06-25 16:43:26.850   Time stamp of existing file: 2024-06-22 23:58:28.000
2026-06-25 16:43:26.850   Installing the file.
2026-06-25 16:43:26.854   Successfully installed the file.
2026-06-25 16:43:26.854   -- File entry --
2026-06-25 16:43:26.854   Dest filename: C:\Program Files\SamaHesab\MaterialDesignThemes.MahApps.dll
2026-06-25 16:43:26.854   Time stamp of our file: 2024-06-22 23:59:02.000
2026-06-25 16:43:26.854   Dest file exists.
2026-06-25 16:43:26.854   Time stamp of existing file: 2024-06-22 23:59:02.000
2026-06-25 16:43:26.854   Installing the file.
2026-06-25 16:43:26.856   Successfully installed the file.
2026-06-25 16:43:26.856   -- File entry --
2026-06-25 16:43:26.856   Dest filename: C:\Program Files\SamaHesab\MaterialDesignThemes.Wpf.dll
2026-06-25 16:43:26.856   Time stamp of our file: 2024-06-22 23:58:52.000
2026-06-25 16:43:26.856   Dest file exists.
2026-06-25 16:43:26.856   Time stamp of existing file: 2024-06-22 23:58:52.000
2026-06-25 16:43:26.856   Installing the file.
2026-06-25 16:43:26.997   Successfully installed the file.
2026-06-25 16:43:26.997   -- File entry --
2026-06-25 16:43:26.997   Dest filename: C:\Program Files\SamaHesab\MediatR.Contracts.dll
2026-06-25 16:43:26.997   Time stamp of our file: 2023-02-22 22:18:20.000
2026-06-25 16:43:26.997   Dest file exists.
2026-06-25 16:43:26.997   Time stamp of existing file: 2023-02-22 22:18:20.000
2026-06-25 16:43:26.997   Installing the file.
2026-06-25 16:43:26.998   Successfully installed the file.
2026-06-25 16:43:26.998   -- File entry --
2026-06-25 16:43:26.998   Dest filename: C:\Program Files\SamaHesab\MediatR.dll
2026-06-25 16:43:26.998   Time stamp of our file: 2024-09-09 17:38:14.000
2026-06-25 16:43:26.998   Dest file exists.
2026-06-25 16:43:26.998   Time stamp of existing file: 2024-09-09 17:38:14.000
2026-06-25 16:43:26.998   Installing the file.
2026-06-25 16:43:27.000   Successfully installed the file.
2026-06-25 16:43:27.000   -- File entry --
2026-06-25 16:43:27.001   Dest filename: C:\Program Files\SamaHesab\Microsoft.Bcl.AsyncInterfaces.dll
2026-06-25 16:43:27.001   Time stamp of our file: 2020-04-15 02:09:12.000
2026-06-25 16:43:27.001   Dest file exists.
2026-06-25 16:43:27.001   Time stamp of existing file: 2020-04-15 02:09:12.000
2026-06-25 16:43:27.001   Installing the file.
2026-06-25 16:43:27.002   Successfully installed the file.
2026-06-25 16:43:27.002   -- File entry --
2026-06-25 16:43:27.002   Dest filename: C:\Program Files\SamaHesab\Microsoft.CSharp.dll
2026-06-25 16:43:27.002   Time stamp of our file: 2026-04-30 03:06:42.000
2026-06-25 16:43:27.002   Dest file exists.
2026-06-25 16:43:27.002   Time stamp of existing file: 2026-04-30 03:06:42.000
2026-06-25 16:43:27.002   Installing the file.
2026-06-25 16:43:27.027   Successfully installed the file.
2026-06-25 16:43:27.027   -- File entry --
2026-06-25 16:43:27.027   Dest filename: C:\Program Files\SamaHesab\Microsoft.Data.SqlClient.dll
2026-06-25 16:43:27.027   Time stamp of our file: 2024-08-27 22:16:52.000
2026-06-25 16:43:27.027   Dest file exists.
2026-06-25 16:43:27.027   Time stamp of existing file: 2024-08-27 22:16:52.000
2026-06-25 16:43:27.027   Installing the file.
2026-06-25 16:43:27.064   Successfully installed the file.
2026-06-25 16:43:27.064   -- File entry --
2026-06-25 16:43:27.064   Dest filename: C:\Program Files\SamaHesab\Microsoft.Data.SqlClient.SNI.dll
2026-06-25 16:43:27.064   Time stamp of our file: 2024-02-21 02:00:22.000
2026-06-25 16:43:27.064   Dest file exists.
2026-06-25 16:43:27.064   Time stamp of existing file: 2024-02-21 02:00:22.000
2026-06-25 16:43:27.064   Installing the file.
2026-06-25 16:43:27.074   Successfully installed the file.
2026-06-25 16:43:27.074   -- File entry --
2026-06-25 16:43:27.074   Dest filename: C:\Program Files\SamaHesab\Microsoft.DiaSymReader.Native.amd64.dll
2026-06-25 16:43:27.074   Time stamp of our file: 2024-11-27 07:48:14.000
2026-06-25 16:43:27.074   Dest file exists.
2026-06-25 16:43:27.074   Time stamp of existing file: 2024-11-27 07:48:14.000
2026-06-25 16:43:27.074   Installing the file.
2026-06-25 16:43:27.117   Successfully installed the file.
2026-06-25 16:43:27.117   -- File entry --
2026-06-25 16:43:27.117   Dest filename: C:\Program Files\SamaHesab\Microsoft.EntityFrameworkCore.Abstractions.dll
2026-06-25 16:43:27.117   Time stamp of our file: 2024-10-29 13:27:06.000
2026-06-25 16:43:27.117   Dest file exists.
2026-06-25 16:43:27.117   Time stamp of existing file: 2024-10-29 13:27:06.000
2026-06-25 16:43:27.117   Installing the file.
2026-06-25 16:43:27.118   Successfully installed the file.
2026-06-25 16:43:27.118   -- File entry --
2026-06-25 16:43:27.119   Dest filename: C:\Program Files\SamaHesab\Microsoft.EntityFrameworkCore.dll
2026-06-25 16:43:27.119   Time stamp of our file: 2024-10-29 13:27:48.000
2026-06-25 16:43:27.119   Dest file exists.
2026-06-25 16:43:27.119   Time stamp of existing file: 2024-10-29 13:27:48.000
2026-06-25 16:43:27.119   Installing the file.
2026-06-25 16:43:27.164   Successfully installed the file.
2026-06-25 16:43:27.164   -- File entry --
2026-06-25 16:43:27.164   Dest filename: C:\Program Files\SamaHesab\Microsoft.EntityFrameworkCore.Relational.dll
2026-06-25 16:43:27.164   Time stamp of our file: 2024-10-29 13:28:16.000
2026-06-25 16:43:27.164   Dest file exists.
2026-06-25 16:43:27.164   Time stamp of existing file: 2024-10-29 13:28:16.000
2026-06-25 16:43:27.164   Installing the file.
2026-06-25 16:43:27.202   Successfully installed the file.
2026-06-25 16:43:27.202   -- File entry --
2026-06-25 16:43:27.202   Dest filename: C:\Program Files\SamaHesab\Microsoft.EntityFrameworkCore.SqlServer.dll
2026-06-25 16:43:27.202   Time stamp of our file: 2024-10-29 13:29:26.000
2026-06-25 16:43:27.202   Dest file exists.
2026-06-25 16:43:27.202   Time stamp of existing file: 2024-10-29 13:29:26.000
2026-06-25 16:43:27.202   Installing the file.
2026-06-25 16:43:27.214   Successfully installed the file.
2026-06-25 16:43:27.214   -- File entry --
2026-06-25 16:43:27.214   Dest filename: C:\Program Files\SamaHesab\Microsoft.Extensions.Caching.Abstractions.dll
2026-06-25 16:43:27.214   Time stamp of our file: 2024-10-29 06:08:18.000
2026-06-25 16:43:27.214   Dest file exists.
2026-06-25 16:43:27.214   Time stamp of existing file: 2024-10-29 06:08:18.000
2026-06-25 16:43:27.214   Installing the file.
2026-06-25 16:43:27.216   Successfully installed the file.
2026-06-25 16:43:27.216   -- File entry --
2026-06-25 16:43:27.216   Dest filename: C:\Program Files\SamaHesab\Microsoft.Extensions.Caching.Memory.dll
2026-06-25 16:43:27.216   Time stamp of our file: 2024-10-29 06:08:48.000
2026-06-25 16:43:27.216   Dest file exists.
2026-06-25 16:43:27.216   Time stamp of existing file: 2024-10-29 06:08:48.000
2026-06-25 16:43:27.216   Installing the file.
2026-06-25 16:43:27.218   Successfully installed the file.
2026-06-25 16:43:27.218   -- File entry --
2026-06-25 16:43:27.218   Dest filename: C:\Program Files\SamaHesab\Microsoft.Extensions.Configuration.Abstractions.dll
2026-06-25 16:43:27.218   Time stamp of our file: 2024-10-29 06:08:02.000
2026-06-25 16:43:27.218   Dest file exists.
2026-06-25 16:43:27.218   Time stamp of existing file: 2024-10-29 06:08:02.000
2026-06-25 16:43:27.218   Installing the file.
2026-06-25 16:43:27.219   Successfully installed the file.
2026-06-25 16:43:27.219   -- File entry --
2026-06-25 16:43:27.220   Dest filename: C:\Program Files\SamaHesab\Microsoft.Extensions.Configuration.Binder.dll
2026-06-25 16:43:27.220   Time stamp of our file: 2024-10-29 06:08:24.000
2026-06-25 16:43:27.220   Dest file exists.
2026-06-25 16:43:27.220   Time stamp of existing file: 2024-10-29 06:08:24.000
2026-06-25 16:43:27.220   Installing the file.
2026-06-25 16:43:27.221   Successfully installed the file.
2026-06-25 16:43:27.221   -- File entry --
2026-06-25 16:43:27.221   Dest filename: C:\Program Files\SamaHesab\Microsoft.Extensions.Configuration.CommandLine.dll
2026-06-25 16:43:27.221   Time stamp of our file: 2024-10-29 06:08:44.000
2026-06-25 16:43:27.221   Dest file exists.
2026-06-25 16:43:27.221   Time stamp of existing file: 2024-10-29 06:08:44.000
2026-06-25 16:43:27.221   Installing the file.
2026-06-25 16:43:27.222   Successfully installed the file.
2026-06-25 16:43:27.222   -- File entry --
2026-06-25 16:43:27.222   Dest filename: C:\Program Files\SamaHesab\Microsoft.Extensions.Configuration.dll
2026-06-25 16:43:27.222   Time stamp of our file: 2024-10-29 06:08:26.000
2026-06-25 16:43:27.222   Dest file exists.
2026-06-25 16:43:27.223   Time stamp of existing file: 2024-10-29 06:08:26.000
2026-06-25 16:43:27.223   Installing the file.
2026-06-25 16:43:27.224   Successfully installed the file.
2026-06-25 16:43:27.224   -- File entry --
2026-06-25 16:43:27.224   Dest filename: C:\Program Files\SamaHesab\Microsoft.Extensions.Configuration.EnvironmentVariables.dll
2026-06-25 16:43:27.224   Time stamp of our file: 2024-10-29 06:08:46.000
2026-06-25 16:43:27.224   Dest file exists.
2026-06-25 16:43:27.224   Time stamp of existing file: 2024-10-29 06:08:46.000
2026-06-25 16:43:27.224   Installing the file.
2026-06-25 16:43:27.225   Successfully installed the file.
2026-06-25 16:43:27.225   -- File entry --
2026-06-25 16:43:27.225   Dest filename: C:\Program Files\SamaHesab\Microsoft.Extensions.Configuration.FileExtensions.dll
2026-06-25 16:43:27.226   Time stamp of our file: 2024-10-29 06:08:50.000
2026-06-25 16:43:27.226   Dest file exists.
2026-06-25 16:43:27.226   Time stamp of existing file: 2024-10-29 06:08:50.000
2026-06-25 16:43:27.226   Installing the file.
2026-06-25 16:43:27.226   Successfully installed the file.
2026-06-25 16:43:27.226   -- File entry --
2026-06-25 16:43:27.226   Dest filename: C:\Program Files\SamaHesab\Microsoft.Extensions.Configuration.Json.dll
2026-06-25 16:43:27.228   Time stamp of our file: 2024-10-29 06:08:54.000
2026-06-25 16:43:27.228   Dest file exists.
2026-06-25 16:43:27.228   Time stamp of existing file: 2024-10-29 06:08:54.000
2026-06-25 16:43:27.228   Installing the file.
2026-06-25 16:43:27.229   Successfully installed the file.
2026-06-25 16:43:27.229   -- File entry --
2026-06-25 16:43:27.229   Dest filename: C:\Program Files\SamaHesab\Microsoft.Extensions.Configuration.UserSecrets.dll
2026-06-25 16:43:27.229   Time stamp of our file: 2024-10-29 06:08:58.000
2026-06-25 16:43:27.229   Dest file exists.
2026-06-25 16:43:27.229   Time stamp of existing file: 2024-10-29 06:08:58.000
2026-06-25 16:43:27.229   Installing the file.
2026-06-25 16:43:27.230   Successfully installed the file.
2026-06-25 16:43:27.230   -- File entry --
2026-06-25 16:43:27.230   Dest filename: C:\Program Files\SamaHesab\Microsoft.Extensions.DependencyInjection.Abstractions.dll
2026-06-25 16:43:27.230   Time stamp of our file: 2024-10-29 06:08:16.000
2026-06-25 16:43:27.230   Dest file exists.
2026-06-25 16:43:27.230   Time stamp of existing file: 2024-10-29 06:08:16.000
2026-06-25 16:43:27.230   Installing the file.
2026-06-25 16:43:27.232   Successfully installed the file.
2026-06-25 16:43:27.233   -- File entry --
2026-06-25 16:43:27.233   Dest filename: C:\Program Files\SamaHesab\Microsoft.Extensions.DependencyInjection.dll
2026-06-25 16:43:27.233   Time stamp of our file: 2024-10-29 06:08:42.000
2026-06-25 16:43:27.233   Dest file exists.
2026-06-25 16:43:27.233   Time stamp of existing file: 2024-10-29 06:08:42.000
2026-06-25 16:43:27.233   Installing the file.
2026-06-25 16:43:27.235   Successfully installed the file.
2026-06-25 16:43:27.235   -- File entry --
2026-06-25 16:43:27.235   Dest filename: C:\Program Files\SamaHesab\Microsoft.Extensions.Diagnostics.Abstractions.dll
2026-06-25 16:43:27.235   Time stamp of our file: 2024-10-29 06:08:40.000
2026-06-25 16:43:27.235   Dest file exists.
2026-06-25 16:43:27.235   Time stamp of existing file: 2024-10-29 06:08:40.000
2026-06-25 16:43:27.235   Installing the file.
2026-06-25 16:43:27.236   Successfully installed the file.
2026-06-25 16:43:27.236   -- File entry --
2026-06-25 16:43:27.236   Dest filename: C:\Program Files\SamaHesab\Microsoft.Extensions.Diagnostics.dll
2026-06-25 16:43:27.237   Time stamp of our file: 2024-10-29 06:08:46.000
2026-06-25 16:43:27.237   Dest file exists.
2026-06-25 16:43:27.237   Time stamp of existing file: 2024-10-29 06:08:46.000
2026-06-25 16:43:27.237   Installing the file.
2026-06-25 16:43:27.238   Successfully installed the file.
2026-06-25 16:43:27.238   -- File entry --
2026-06-25 16:43:27.238   Dest filename: C:\Program Files\SamaHesab\Microsoft.Extensions.FileProviders.Abstractions.dll
2026-06-25 16:43:27.238   Time stamp of our file: 2024-10-29 06:08:14.000
2026-06-25 16:43:27.238   Dest file exists.
2026-06-25 16:43:27.238   Time stamp of existing file: 2024-10-29 06:08:14.000
2026-06-25 16:43:27.238   Installing the file.
2026-06-25 16:43:27.239   Successfully installed the file.
2026-06-25 16:43:27.239   -- File entry --
2026-06-25 16:43:27.239   Dest filename: C:\Program Files\SamaHesab\Microsoft.Extensions.FileProviders.Physical.dll
2026-06-25 16:43:27.239   Time stamp of our file: 2024-10-29 06:08:42.000
2026-06-25 16:43:27.239   Dest file exists.
2026-06-25 16:43:27.239   Time stamp of existing file: 2024-10-29 06:08:42.000
2026-06-25 16:43:27.239   Installing the file.
2026-06-25 16:43:27.241   Successfully installed the file.
2026-06-25 16:43:27.241   -- File entry --
2026-06-25 16:43:27.241   Dest filename: C:\Program Files\SamaHesab\Microsoft.Extensions.FileSystemGlobbing.dll
2026-06-25 16:43:27.241   Time stamp of our file: 2024-10-29 06:08:06.000
2026-06-25 16:43:27.241   Dest file exists.
2026-06-25 16:43:27.241   Time stamp of existing file: 2024-10-29 06:08:06.000
2026-06-25 16:43:27.241   Installing the file.
2026-06-25 16:43:27.242   Successfully installed the file.
2026-06-25 16:43:27.244   -- File entry --
2026-06-25 16:43:27.244   Dest filename: C:\Program Files\SamaHesab\Microsoft.Extensions.Hosting.Abstractions.dll
2026-06-25 16:43:27.244   Time stamp of our file: 2024-10-29 06:08:50.000
2026-06-25 16:43:27.244   Dest file exists.
2026-06-25 16:43:27.244   Time stamp of existing file: 2024-10-29 06:08:50.000
2026-06-25 16:43:27.244   Installing the file.
2026-06-25 16:43:27.245   Successfully installed the file.
2026-06-25 16:43:27.246   -- File entry --
2026-06-25 16:43:27.246   Dest filename: C:\Program Files\SamaHesab\Microsoft.Extensions.Hosting.dll
2026-06-25 16:43:27.246   Time stamp of our file: 2024-10-29 06:09:00.000
2026-06-25 16:43:27.246   Dest file exists.
2026-06-25 16:43:27.246   Time stamp of existing file: 2024-10-29 06:09:00.000
2026-06-25 16:43:27.246   Installing the file.
2026-06-25 16:43:27.247   Successfully installed the file.
2026-06-25 16:43:27.247   -- File entry --
2026-06-25 16:43:27.247   Dest filename: C:\Program Files\SamaHesab\Microsoft.Extensions.Http.dll
2026-06-25 16:43:27.248   Time stamp of our file: 2024-10-29 06:08:54.000
2026-06-25 16:43:27.248   Dest file exists.
2026-06-25 16:43:27.248   Time stamp of existing file: 2024-10-29 06:08:54.000
2026-06-25 16:43:27.248   Installing the file.
2026-06-25 16:43:27.250   Successfully installed the file.
2026-06-25 16:43:27.250   -- File entry --
2026-06-25 16:43:27.250   Dest filename: C:\Program Files\SamaHesab\Microsoft.Extensions.Logging.Abstractions.dll
2026-06-25 16:43:27.250   Time stamp of our file: 2024-10-29 06:08:44.000
2026-06-25 16:43:27.250   Dest file exists.
2026-06-25 16:43:27.250   Time stamp of existing file: 2024-10-29 06:08:44.000
2026-06-25 16:43:27.250   Installing the file.
2026-06-25 16:43:27.252   Successfully installed the file.
2026-06-25 16:43:27.252   -- File entry --
2026-06-25 16:43:27.252   Dest filename: C:\Program Files\SamaHesab\Microsoft.Extensions.Logging.Configuration.dll
2026-06-25 16:43:27.252   Time stamp of our file: 2024-10-29 06:08:56.000
2026-06-25 16:43:27.252   Dest file exists.
2026-06-25 16:43:27.253   Time stamp of existing file: 2024-10-29 06:08:56.000
2026-06-25 16:43:27.253   Installing the file.
2026-06-25 16:43:27.253   Successfully installed the file.
2026-06-25 16:43:27.253   -- File entry --
2026-06-25 16:43:27.253   Dest filename: C:\Program Files\SamaHesab\Microsoft.Extensions.Logging.Console.dll
2026-06-25 16:43:27.253   Time stamp of our file: 2024-10-29 06:08:58.000
2026-06-25 16:43:27.253   Dest file exists.
2026-06-25 16:43:27.253   Time stamp of existing file: 2024-10-29 06:08:58.000
2026-06-25 16:43:27.253   Installing the file.
2026-06-25 16:43:27.255   Successfully installed the file.
2026-06-25 16:43:27.256   -- File entry --
2026-06-25 16:43:27.256   Dest filename: C:\Program Files\SamaHesab\Microsoft.Extensions.Logging.Debug.dll
2026-06-25 16:43:27.256   Time stamp of our file: 2024-10-29 06:08:56.000
2026-06-25 16:43:27.256   Dest file exists.
2026-06-25 16:43:27.256   Time stamp of existing file: 2024-10-29 06:08:56.000
2026-06-25 16:43:27.256   Installing the file.
2026-06-25 16:43:27.257   Successfully installed the file.
2026-06-25 16:43:27.257   -- File entry --
2026-06-25 16:43:27.257   Dest filename: C:\Program Files\SamaHesab\Microsoft.Extensions.Logging.dll
2026-06-25 16:43:27.257   Time stamp of our file: 2024-10-29 06:08:50.000
2026-06-25 16:43:27.257   Dest file exists.
2026-06-25 16:43:27.257   Time stamp of existing file: 2024-10-29 06:08:50.000
2026-06-25 16:43:27.257   Installing the file.
2026-06-25 16:43:27.259   Successfully installed the file.
2026-06-25 16:43:27.259   -- File entry --
2026-06-25 16:43:27.259   Dest filename: C:\Program Files\SamaHesab\Microsoft.Extensions.Logging.EventLog.dll
2026-06-25 16:43:27.259   Time stamp of our file: 2024-10-29 06:08:52.000
2026-06-25 16:43:27.259   Dest file exists.
2026-06-25 16:43:27.259   Time stamp of existing file: 2024-10-29 06:08:52.000
2026-06-25 16:43:27.259   Installing the file.
2026-06-25 16:43:27.260   Successfully installed the file.
2026-06-25 16:43:27.260   -- File entry --
2026-06-25 16:43:27.260   Dest filename: C:\Program Files\SamaHesab\Microsoft.Extensions.Logging.EventSource.dll
2026-06-25 16:43:27.260   Time stamp of our file: 2024-10-29 06:08:52.000
2026-06-25 16:43:27.260   Dest file exists.
2026-06-25 16:43:27.260   Time stamp of existing file: 2024-10-29 06:08:52.000
2026-06-25 16:43:27.260   Installing the file.
2026-06-25 16:43:27.261   Successfully installed the file.
2026-06-25 16:43:27.261   -- File entry --
2026-06-25 16:43:27.262   Dest filename: C:\Program Files\SamaHesab\Microsoft.Extensions.Options.ConfigurationExtensions.dll
2026-06-25 16:43:27.262   Time stamp of our file: 2024-10-29 06:08:28.000
2026-06-25 16:43:27.262   Dest file exists.
2026-06-25 16:43:27.262   Time stamp of existing file: 2024-10-29 06:08:28.000
2026-06-25 16:43:27.262   Installing the file.
2026-06-25 16:43:27.263   Successfully installed the file.
2026-06-25 16:43:27.263   -- File entry --
2026-06-25 16:43:27.263   Dest filename: C:\Program Files\SamaHesab\Microsoft.Extensions.Options.dll
2026-06-25 16:43:27.263   Time stamp of our file: 2024-10-29 06:08:24.000
2026-06-25 16:43:27.263   Dest file exists.
2026-06-25 16:43:27.263   Time stamp of existing file: 2024-10-29 06:08:24.000
2026-06-25 16:43:27.263   Installing the file.
2026-06-25 16:43:27.265   Successfully installed the file.
2026-06-25 16:43:27.265   -- File entry --
2026-06-25 16:43:27.265   Dest filename: C:\Program Files\SamaHesab\Microsoft.Extensions.Primitives.dll
2026-06-25 16:43:27.266   Time stamp of our file: 2024-10-29 06:08:00.000
2026-06-25 16:43:27.266   Dest file exists.
2026-06-25 16:43:27.266   Time stamp of existing file: 2024-10-29 06:08:00.000
2026-06-25 16:43:27.266   Installing the file.
2026-06-25 16:43:27.267   Successfully installed the file.
2026-06-25 16:43:27.267   -- File entry --
2026-06-25 16:43:27.267   Dest filename: C:\Program Files\SamaHesab\Microsoft.Identity.Client.dll
2026-06-25 16:43:27.267   Time stamp of our file: 2024-06-07 01:39:28.000
2026-06-25 16:43:27.267   Dest file exists.
2026-06-25 16:43:27.267   Time stamp of existing file: 2024-06-07 01:39:28.000
2026-06-25 16:43:27.267   Installing the file.
2026-06-25 16:43:27.286   Successfully installed the file.
2026-06-25 16:43:27.286   -- File entry --
2026-06-25 16:43:27.286   Dest filename: C:\Program Files\SamaHesab\Microsoft.Identity.Client.Extensions.Msal.dll
2026-06-25 16:43:27.287   Time stamp of our file: 2024-06-07 01:44:52.000
2026-06-25 16:43:27.287   Dest file exists.
2026-06-25 16:43:27.287   Time stamp of existing file: 2024-06-07 01:44:52.000
2026-06-25 16:43:27.287   Installing the file.
2026-06-25 16:43:27.288   Successfully installed the file.
2026-06-25 16:43:27.288   -- File entry --
2026-06-25 16:43:27.289   Dest filename: C:\Program Files\SamaHesab\Microsoft.IdentityModel.Abstractions.dll
2026-06-25 16:43:27.289   Time stamp of our file: 2023-12-01 08:26:56.000
2026-06-25 16:43:27.289   Dest file exists.
2026-06-25 16:43:27.289   Time stamp of existing file: 2023-12-01 08:26:56.000
2026-06-25 16:43:27.289   Installing the file.
2026-06-25 16:43:27.290   Successfully installed the file.
2026-06-25 16:43:27.290   -- File entry --
2026-06-25 16:43:27.290   Dest filename: C:\Program Files\SamaHesab\Microsoft.IdentityModel.JsonWebTokens.dll
2026-06-25 16:43:27.290   Time stamp of our file: 2023-12-01 08:04:00.000
2026-06-25 16:43:27.290   Dest file exists.
2026-06-25 16:43:27.290   Time stamp of existing file: 2023-12-01 08:04:00.000
2026-06-25 16:43:27.290   Installing the file.
2026-06-25 16:43:27.293   Successfully installed the file.
2026-06-25 16:43:27.293   -- File entry --
2026-06-25 16:43:27.293   Dest filename: C:\Program Files\SamaHesab\Microsoft.IdentityModel.Logging.dll
2026-06-25 16:43:27.293   Time stamp of our file: 2023-12-01 08:05:22.000
2026-06-25 16:43:27.293   Dest file exists.
2026-06-25 16:43:27.293   Time stamp of existing file: 2023-12-01 08:05:22.000
2026-06-25 16:43:27.293   Installing the file.
2026-06-25 16:43:27.294   Successfully installed the file.
2026-06-25 16:43:27.294   -- File entry --
2026-06-25 16:43:27.294   Dest filename: C:\Program Files\SamaHesab\Microsoft.IdentityModel.Protocols.dll
2026-06-25 16:43:27.296   Time stamp of our file: 2023-12-01 08:07:28.000
2026-06-25 16:43:27.296   Dest file exists.
2026-06-25 16:43:27.296   Time stamp of existing file: 2023-12-01 08:07:28.000
2026-06-25 16:43:27.296   Installing the file.
2026-06-25 16:43:27.297   Successfully installed the file.
2026-06-25 16:43:27.297   -- File entry --
2026-06-25 16:43:27.297   Dest filename: C:\Program Files\SamaHesab\Microsoft.IdentityModel.Protocols.OpenIdConnect.dll
2026-06-25 16:43:27.297   Time stamp of our file: 2023-12-01 08:18:08.000
2026-06-25 16:43:27.297   Dest file exists.
2026-06-25 16:43:27.297   Time stamp of existing file: 2023-12-01 08:18:08.000
2026-06-25 16:43:27.297   Installing the file.
2026-06-25 16:43:27.299   Successfully installed the file.
2026-06-25 16:43:27.299   -- File entry --
2026-06-25 16:43:27.299   Dest filename: C:\Program Files\SamaHesab\Microsoft.IdentityModel.Tokens.dll
2026-06-25 16:43:27.300   Time stamp of our file: 2023-12-01 08:11:50.000
2026-06-25 16:43:27.300   Dest file exists.
2026-06-25 16:43:27.300   Time stamp of existing file: 2023-12-01 08:11:50.000
2026-06-25 16:43:27.300   Installing the file.
2026-06-25 16:43:27.318   Successfully installed the file.
2026-06-25 16:43:27.318   -- File entry --
2026-06-25 16:43:27.318   Dest filename: C:\Program Files\SamaHesab\Microsoft.SqlServer.Server.dll
2026-06-25 16:43:27.318   Time stamp of our file: 2022-01-27 20:49:08.000
2026-06-25 16:43:27.318   Dest file exists.
2026-06-25 16:43:27.318   Time stamp of existing file: 2022-01-27 20:49:08.000
2026-06-25 16:43:27.318   Installing the file.
2026-06-25 16:43:27.319   Successfully installed the file.
2026-06-25 16:43:27.319   -- File entry --
2026-06-25 16:43:27.320   Dest filename: C:\Program Files\SamaHesab\Microsoft.VisualBasic.Core.dll
2026-06-25 16:43:27.320   Time stamp of our file: 2026-04-30 03:06:44.000
2026-06-25 16:43:27.320   Dest file exists.
2026-06-25 16:43:27.320   Time stamp of existing file: 2026-04-30 03:06:44.000
2026-06-25 16:43:27.320   Installing the file.
2026-06-25 16:43:27.350   Successfully installed the file.
2026-06-25 16:43:27.350   -- File entry --
2026-06-25 16:43:27.350   Dest filename: C:\Program Files\SamaHesab\Microsoft.VisualBasic.dll
2026-06-25 16:43:27.352   Time stamp of our file: 2026-04-30 11:01:24.000
2026-06-25 16:43:27.352   Dest file exists.
2026-06-25 16:43:27.352   Time stamp of existing file: 2026-04-30 11:01:24.000
2026-06-25 16:43:27.352   Installing the file.
2026-06-25 16:43:27.353   Successfully installed the file.
2026-06-25 16:43:27.353   -- File entry --
2026-06-25 16:43:27.353   Dest filename: C:\Program Files\SamaHesab\Microsoft.VisualBasic.Forms.dll
2026-06-25 16:43:27.353   Time stamp of our file: 2026-04-30 16:08:36.000
2026-06-25 16:43:27.353   Dest file exists.
2026-06-25 16:43:27.353   Time stamp of existing file: 2026-04-30 16:08:36.000
2026-06-25 16:43:27.353   Installing the file.
2026-06-25 16:43:27.359   Successfully installed the file.
2026-06-25 16:43:27.359   -- File entry --
2026-06-25 16:43:27.359   Dest filename: C:\Program Files\SamaHesab\Microsoft.Win32.Primitives.dll
2026-06-25 16:43:27.359   Time stamp of our file: 2026-04-30 03:01:32.000
2026-06-25 16:43:27.359   Dest file exists.
2026-06-25 16:43:27.359   Time stamp of existing file: 2026-04-30 03:01:32.000
2026-06-25 16:43:27.359   Installing the file.
2026-06-25 16:43:27.360   Successfully installed the file.
2026-06-25 16:43:27.360   -- File entry --
2026-06-25 16:43:27.360   Dest filename: C:\Program Files\SamaHesab\Microsoft.Win32.Registry.AccessControl.dll
2026-06-25 16:43:27.360   Time stamp of our file: 2026-04-30 16:08:30.000
2026-06-25 16:43:27.360   Dest file exists.
2026-06-25 16:43:27.360   Time stamp of existing file: 2026-04-30 16:08:30.000
2026-06-25 16:43:27.361   Installing the file.
2026-06-25 16:43:27.361   Successfully installed the file.
2026-06-25 16:43:27.361   -- File entry --
2026-06-25 16:43:27.361   Dest filename: C:\Program Files\SamaHesab\Microsoft.Win32.Registry.dll
2026-06-25 16:43:27.361   Time stamp of our file: 2026-04-30 03:06:44.000
2026-06-25 16:43:27.361   Dest file exists.
2026-06-25 16:43:27.361   Time stamp of existing file: 2026-04-30 03:06:44.000
2026-06-25 16:43:27.361   Installing the file.
2026-06-25 16:43:27.364   Successfully installed the file.
2026-06-25 16:43:27.364   -- File entry --
2026-06-25 16:43:27.364   Dest filename: C:\Program Files\SamaHesab\Microsoft.Win32.SystemEvents.dll
2026-06-25 16:43:27.364   Time stamp of our file: 2026-04-30 16:08:32.000
2026-06-25 16:43:27.364   Dest file exists.
2026-06-25 16:43:27.364   Time stamp of existing file: 2026-04-30 16:08:32.000
2026-06-25 16:43:27.364   Installing the file.
2026-06-25 16:43:27.368   Successfully installed the file.
2026-06-25 16:43:27.368   -- File entry --
2026-06-25 16:43:27.368   Dest filename: C:\Program Files\SamaHesab\Microsoft.Xaml.Behaviors.dll
2026-06-25 16:43:27.368   Time stamp of our file: 2021-11-18 10:01:02.000
2026-06-25 16:43:27.368   Dest file exists.
2026-06-25 16:43:27.368   Time stamp of existing file: 2021-11-18 10:01:02.000
2026-06-25 16:43:27.368   Installing the file.
2026-06-25 16:43:27.372   Successfully installed the file.
2026-06-25 16:43:27.372   -- File entry --
2026-06-25 16:43:27.372   Dest filename: C:\Program Files\SamaHesab\mohajerat.deps.json
2026-06-25 16:43:27.372   Time stamp of our file: 2026-06-25 16:40:14.000
2026-06-25 16:43:27.372   Dest file exists.
2026-06-25 16:43:27.372   Time stamp of existing file: 2026-06-24 18:34:04.000
2026-06-25 16:43:27.372   Installing the file.
2026-06-25 16:43:27.373   Successfully installed the file.
2026-06-25 16:43:27.373   -- File entry --
2026-06-25 16:43:27.373   Dest filename: C:\Program Files\SamaHesab\mohajerat.dll
2026-06-25 16:43:27.374   Time stamp of our file: 2026-06-25 16:40:14.000
2026-06-25 16:43:27.374   Dest file exists.
2026-06-25 16:43:27.374   Time stamp of existing file: 2026-06-24 18:34:04.000
2026-06-25 16:43:27.374   Installing the file.
2026-06-25 16:43:27.374   Successfully installed the file.
2026-06-25 16:43:27.374   -- File entry --
2026-06-25 16:43:27.374   Dest filename: C:\Program Files\SamaHesab\mohajerat.exe
2026-06-25 16:43:27.374   Time stamp of our file: 2026-06-25 16:40:14.000
2026-06-25 16:43:27.374   Dest file exists.
2026-06-25 16:43:27.374   Time stamp of existing file: 2026-06-24 18:34:04.000
2026-06-25 16:43:27.374   Installing the file.
2026-06-25 16:43:27.376   Successfully installed the file.
2026-06-25 16:43:27.377   -- File entry --
2026-06-25 16:43:27.377   Dest filename: C:\Program Files\SamaHesab\mohajerat.runtimeconfig.json
2026-06-25 16:43:27.377   Time stamp of our file: 2026-06-25 16:40:14.000
2026-06-25 16:43:27.377   Dest file exists.
2026-06-25 16:43:27.377   Time stamp of existing file: 2026-06-24 18:34:04.000
2026-06-25 16:43:27.377   Installing the file.
2026-06-25 16:43:27.378   Successfully installed the file.
2026-06-25 16:43:27.378   -- File entry --
2026-06-25 16:43:27.378   Dest filename: C:\Program Files\SamaHesab\mscordaccore.dll
2026-06-25 16:43:27.378   Time stamp of our file: 2026-04-30 02:51:10.000
2026-06-25 16:43:27.378   Dest file exists.
2026-06-25 16:43:27.378   Time stamp of existing file: 2026-04-30 02:51:10.000
2026-06-25 16:43:27.378   Installing the file.
2026-06-25 16:43:27.405   Successfully installed the file.
2026-06-25 16:43:27.405   -- File entry --
2026-06-25 16:43:27.405   Dest filename: C:\Program Files\SamaHesab\mscordaccore_amd64_amd64_9.0.1626.22923.dll
2026-06-25 16:43:27.405   Time stamp of our file: 2026-04-30 02:51:10.000
2026-06-25 16:43:27.405   Dest file exists.
2026-06-25 16:43:27.405   Time stamp of existing file: 2026-04-30 02:51:10.000
2026-06-25 16:43:27.405   Installing the file.
2026-06-25 16:43:27.416   Successfully installed the file.
2026-06-25 16:43:27.416   -- File entry --
2026-06-25 16:43:27.416   Dest filename: C:\Program Files\SamaHesab\mscordbi.dll
2026-06-25 16:43:27.416   Time stamp of our file: 2026-04-30 02:51:10.000
2026-06-25 16:43:27.416   Dest file exists.
2026-06-25 16:43:27.416   Time stamp of existing file: 2026-04-30 02:51:10.000
2026-06-25 16:43:27.416   Installing the file.
2026-06-25 16:43:27.437   Successfully installed the file.
2026-06-25 16:43:27.437   -- File entry --
2026-06-25 16:43:27.437   Dest filename: C:\Program Files\SamaHesab\mscorlib.dll
2026-06-25 16:43:27.437   Time stamp of our file: 2026-04-30 03:03:44.000
2026-06-25 16:43:27.437   Dest file exists.
2026-06-25 16:43:27.437   Time stamp of existing file: 2026-04-30 03:03:44.000
2026-06-25 16:43:27.437   Installing the file.
2026-06-25 16:43:27.440   Successfully installed the file.
2026-06-25 16:43:27.440   -- File entry --
2026-06-25 16:43:27.440   Dest filename: C:\Program Files\SamaHesab\mscorrc.dll
2026-06-25 16:43:27.440   Time stamp of our file: 2026-04-30 02:48:30.000
2026-06-25 16:43:27.440   Dest file exists.
2026-06-25 16:43:27.440   Time stamp of existing file: 2026-04-30 02:48:30.000
2026-06-25 16:43:27.440   Installing the file.
2026-06-25 16:43:27.442   Successfully installed the file.
2026-06-25 16:43:27.443   -- File entry --
2026-06-25 16:43:27.443   Dest filename: C:\Program Files\SamaHesab\msquic.dll
2026-06-25 16:43:27.443   Time stamp of our file: 2026-04-15 01:35:00.000
2026-06-25 16:43:27.443   Dest file exists.
2026-06-25 16:43:27.443   Time stamp of existing file: 2026-04-15 01:35:00.000
2026-06-25 16:43:27.443   Installing the file.
2026-06-25 16:43:27.455   Successfully installed the file.
2026-06-25 16:43:27.455   -- File entry --
2026-06-25 16:43:27.455   Dest filename: C:\Program Files\SamaHesab\netstandard.dll
2026-06-25 16:43:27.456   Time stamp of our file: 2026-04-30 03:03:42.000
2026-06-25 16:43:27.456   Dest file exists.
2026-06-25 16:43:27.456   Time stamp of existing file: 2026-04-30 03:03:42.000
2026-06-25 16:43:27.456   Installing the file.
2026-06-25 16:43:27.458   Successfully installed the file.
2026-06-25 16:43:27.458   -- File entry --
2026-06-25 16:43:27.458   Dest filename: C:\Program Files\SamaHesab\PdfSharpCore.dll
2026-06-25 16:43:27.458   Time stamp of our file: 2024-07-13 19:34:32.000
2026-06-25 16:43:27.458   Dest file exists.
2026-06-25 16:43:27.458   Time stamp of existing file: 2024-07-13 19:34:32.000
2026-06-25 16:43:27.458   Installing the file.
2026-06-25 16:43:27.470   Successfully installed the file.
2026-06-25 16:43:27.470   -- File entry --
2026-06-25 16:43:27.470   Dest filename: C:\Program Files\SamaHesab\PenImc_cor3.dll
2026-06-25 16:43:27.470   Time stamp of our file: 2026-04-30 13:27:56.000
2026-06-25 16:43:27.470   Dest file exists.
2026-06-25 16:43:27.470   Time stamp of existing file: 2026-04-30 13:27:56.000
2026-06-25 16:43:27.470   Installing the file.
2026-06-25 16:43:27.473   Successfully installed the file.
2026-06-25 16:43:27.473   -- File entry --
2026-06-25 16:43:27.473   Dest filename: C:\Program Files\SamaHesab\pos.deps.json
2026-06-25 16:43:27.474   Time stamp of our file: 2026-06-25 16:40:08.000
2026-06-25 16:43:27.474   Dest file exists.
2026-06-25 16:43:27.474   Time stamp of existing file: 2026-06-24 18:33:58.000
2026-06-25 16:43:27.474   Installing the file.
2026-06-25 16:43:27.474   Successfully installed the file.
2026-06-25 16:43:27.474   -- File entry --
2026-06-25 16:43:27.474   Dest filename: C:\Program Files\SamaHesab\pos.dll
2026-06-25 16:43:27.475   Time stamp of our file: 2026-06-25 16:40:08.000
2026-06-25 16:43:27.475   Dest file exists.
2026-06-25 16:43:27.475   Time stamp of existing file: 2026-06-24 18:33:56.000
2026-06-25 16:43:27.475   Installing the file.
2026-06-25 16:43:27.475   Successfully installed the file.
2026-06-25 16:43:27.475   -- File entry --
2026-06-25 16:43:27.476   Dest filename: C:\Program Files\SamaHesab\pos.exe
2026-06-25 16:43:27.476   Time stamp of our file: 2026-06-25 16:40:08.000
2026-06-25 16:43:27.476   Dest file exists.
2026-06-25 16:43:27.476   Time stamp of existing file: 2026-06-24 18:33:56.000
2026-06-25 16:43:27.476   Installing the file.
2026-06-25 16:43:27.477   Successfully installed the file.
2026-06-25 16:43:27.477   -- File entry --
2026-06-25 16:43:27.479   Dest filename: C:\Program Files\SamaHesab\pos.runtimeconfig.json
2026-06-25 16:43:27.479   Time stamp of our file: 2026-06-25 16:40:08.000
2026-06-25 16:43:27.479   Dest file exists.
2026-06-25 16:43:27.479   Time stamp of existing file: 2026-06-24 18:33:58.000
2026-06-25 16:43:27.479   Installing the file.
2026-06-25 16:43:27.479   Successfully installed the file.
2026-06-25 16:43:27.479   -- File entry --
2026-06-25 16:43:27.479   Dest filename: C:\Program Files\SamaHesab\PresentationCore.dll
2026-06-25 16:43:27.480   Time stamp of our file: 2026-04-30 16:08:46.000
2026-06-25 16:43:27.480   Dest file exists.
2026-06-25 16:43:27.480   Time stamp of existing file: 2026-04-30 16:08:46.000
2026-06-25 16:43:27.480   Installing the file.
2026-06-25 16:43:27.657   Successfully installed the file.
2026-06-25 16:43:27.657   -- File entry --
2026-06-25 16:43:27.657   Dest filename: C:\Program Files\SamaHesab\PresentationFramework-SystemCore.dll
2026-06-25 16:43:27.657   Time stamp of our file: 2026-04-30 16:08:46.000
2026-06-25 16:43:27.657   Dest file exists.
2026-06-25 16:43:27.657   Time stamp of existing file: 2026-04-30 16:08:46.000
2026-06-25 16:43:27.657   Installing the file.
2026-06-25 16:43:27.658   Successfully installed the file.
2026-06-25 16:43:27.659   -- File entry --
2026-06-25 16:43:27.659   Dest filename: C:\Program Files\SamaHesab\PresentationFramework-SystemData.dll
2026-06-25 16:43:27.659   Time stamp of our file: 2026-04-30 16:08:46.000
2026-06-25 16:43:27.659   Dest file exists.
2026-06-25 16:43:27.659   Time stamp of existing file: 2026-04-30 16:08:46.000
2026-06-25 16:43:27.659   Installing the file.
2026-06-25 16:43:27.660   Successfully installed the file.
2026-06-25 16:43:27.660   -- File entry --
2026-06-25 16:43:27.660   Dest filename: C:\Program Files\SamaHesab\PresentationFramework-SystemDrawing.dll
2026-06-25 16:43:27.660   Time stamp of our file: 2026-04-30 16:08:46.000
2026-06-25 16:43:27.660   Dest file exists.
2026-06-25 16:43:27.660   Time stamp of existing file: 2026-04-30 16:08:46.000
2026-06-25 16:43:27.660   Installing the file.
2026-06-25 16:43:27.661   Successfully installed the file.
2026-06-25 16:43:27.661   -- File entry --
2026-06-25 16:43:27.661   Dest filename: C:\Program Files\SamaHesab\PresentationFramework-SystemXml.dll
2026-06-25 16:43:27.662   Time stamp of our file: 2026-04-30 16:08:46.000
2026-06-25 16:43:27.662   Dest file exists.
2026-06-25 16:43:27.662   Time stamp of existing file: 2026-04-30 16:08:46.000
2026-06-25 16:43:27.662   Installing the file.
2026-06-25 16:43:27.663   Successfully installed the file.
2026-06-25 16:43:27.663   -- File entry --
2026-06-25 16:43:27.663   Dest filename: C:\Program Files\SamaHesab\PresentationFramework-SystemXmlLinq.dll
2026-06-25 16:43:27.663   Time stamp of our file: 2026-04-30 16:08:46.000
2026-06-25 16:43:27.663   Dest file exists.
2026-06-25 16:43:27.663   Time stamp of existing file: 2026-04-30 16:08:46.000
2026-06-25 16:43:27.663   Installing the file.
2026-06-25 16:43:27.664   Successfully installed the file.
2026-06-25 16:43:27.664   -- File entry --
2026-06-25 16:43:27.664   Dest filename: C:\Program Files\SamaHesab\PresentationFramework.Aero.dll
2026-06-25 16:43:27.664   Time stamp of our file: 2026-04-30 16:08:46.000
2026-06-25 16:43:27.664   Dest file exists.
2026-06-25 16:43:27.664   Time stamp of existing file: 2026-04-30 16:08:46.000
2026-06-25 16:43:27.664   Installing the file.
2026-06-25 16:43:27.673   Successfully installed the file.
2026-06-25 16:43:27.673   -- File entry --
2026-06-25 16:43:27.673   Dest filename: C:\Program Files\SamaHesab\PresentationFramework.Aero2.dll
2026-06-25 16:43:27.673   Time stamp of our file: 2026-04-30 16:08:48.000
2026-06-25 16:43:27.673   Dest file exists.
2026-06-25 16:43:27.673   Time stamp of existing file: 2026-04-30 16:08:48.000
2026-06-25 16:43:27.673   Installing the file.
2026-06-25 16:43:27.679   Successfully installed the file.
2026-06-25 16:43:27.679   -- File entry --
2026-06-25 16:43:27.679   Dest filename: C:\Program Files\SamaHesab\PresentationFramework.AeroLite.dll
2026-06-25 16:43:27.679   Time stamp of our file: 2026-04-30 16:08:48.000
2026-06-25 16:43:27.679   Dest file exists.
2026-06-25 16:43:27.679   Time stamp of existing file: 2026-04-30 16:08:48.000
2026-06-25 16:43:27.679   Installing the file.
2026-06-25 16:43:27.683   Successfully installed the file.
2026-06-25 16:43:27.683   -- File entry --
2026-06-25 16:43:27.683   Dest filename: C:\Program Files\SamaHesab\PresentationFramework.Classic.dll
2026-06-25 16:43:27.683   Time stamp of our file: 2026-04-30 16:08:48.000
2026-06-25 16:43:27.683   Dest file exists.
2026-06-25 16:43:27.683   Time stamp of existing file: 2026-04-30 16:08:48.000
2026-06-25 16:43:27.683   Installing the file.
2026-06-25 16:43:27.687   Successfully installed the file.
2026-06-25 16:43:27.687   -- File entry --
2026-06-25 16:43:27.688   Dest filename: C:\Program Files\SamaHesab\PresentationFramework.dll
2026-06-25 16:43:27.688   Time stamp of our file: 2026-04-30 16:08:54.000
2026-06-25 16:43:27.688   Dest file exists.
2026-06-25 16:43:27.688   Time stamp of existing file: 2026-04-30 16:08:54.000
2026-06-25 16:43:27.688   Installing the file.
2026-06-25 16:43:28.022   Successfully installed the file.
2026-06-25 16:43:28.022   -- File entry --
2026-06-25 16:43:28.023   Dest filename: C:\Program Files\SamaHesab\PresentationFramework.Fluent.dll
2026-06-25 16:43:28.023   Time stamp of our file: 2026-04-30 16:08:48.000
2026-06-25 16:43:28.023   Dest file exists.
2026-06-25 16:43:28.023   Time stamp of existing file: 2026-04-30 16:08:48.000
2026-06-25 16:43:28.023   Installing the file.
2026-06-25 16:43:28.031   Successfully installed the file.
2026-06-25 16:43:28.031   -- File entry --
2026-06-25 16:43:28.031   Dest filename: C:\Program Files\SamaHesab\PresentationFramework.Luna.dll
2026-06-25 16:43:28.032   Time stamp of our file: 2026-04-30 16:08:48.000
2026-06-25 16:43:28.032   Dest file exists.
2026-06-25 16:43:28.032   Time stamp of existing file: 2026-04-30 16:08:48.000
2026-06-25 16:43:28.032   Installing the file.
2026-06-25 16:43:28.040   Successfully installed the file.
2026-06-25 16:43:28.040   -- File entry --
2026-06-25 16:43:28.040   Dest filename: C:\Program Files\SamaHesab\PresentationFramework.Royale.dll
2026-06-25 16:43:28.040   Time stamp of our file: 2026-04-30 16:08:48.000
2026-06-25 16:43:28.040   Dest file exists.
2026-06-25 16:43:28.040   Time stamp of existing file: 2026-04-30 16:08:48.000
2026-06-25 16:43:28.040   Installing the file.
2026-06-25 16:43:28.045   Successfully installed the file.
2026-06-25 16:43:28.045   -- File entry --
2026-06-25 16:43:28.046   Dest filename: C:\Program Files\SamaHesab\PresentationNative_cor3.dll
2026-06-25 16:43:28.046   Time stamp of our file: 2026-04-02 11:20:56.000
2026-06-25 16:43:28.046   Dest file exists.
2026-06-25 16:43:28.046   Time stamp of existing file: 2026-04-02 11:20:56.000
2026-06-25 16:43:28.046   Installing the file.
2026-06-25 16:43:28.073   Successfully installed the file.
2026-06-25 16:43:28.073   -- File entry --
2026-06-25 16:43:28.073   Dest filename: C:\Program Files\SamaHesab\PresentationUI.dll
2026-06-25 16:43:28.073   Time stamp of our file: 2026-04-30 16:08:54.000
2026-06-25 16:43:28.073   Dest file exists.
2026-06-25 16:43:28.073   Time stamp of existing file: 2026-04-30 16:08:54.000
2026-06-25 16:43:28.073   Installing the file.
2026-06-25 16:43:28.102   Successfully installed the file.
2026-06-25 16:43:28.102   -- File entry --
2026-06-25 16:43:28.102   Dest filename: C:\Program Files\SamaHesab\qpdf.dll
2026-06-25 16:43:28.102   Time stamp of our file: 2026-06-10 18:30:48.000
2026-06-25 16:43:28.102   Dest file exists.
2026-06-25 16:43:28.102   Time stamp of existing file: 2026-06-10 18:30:48.000
2026-06-25 16:43:28.102   Installing the file.
2026-06-25 16:43:28.181   Successfully installed the file.
2026-06-25 16:43:28.181   -- File entry --
2026-06-25 16:43:28.181   Dest filename: C:\Program Files\SamaHesab\QRCoder.dll
2026-06-25 16:43:28.181   Time stamp of our file: 2026-04-04 19:17:34.000
2026-06-25 16:43:28.181   Dest file exists.
2026-06-25 16:43:28.181   Time stamp of existing file: 2026-04-04 19:17:34.000
2026-06-25 16:43:28.181   Installing the file.
2026-06-25 16:43:28.188   Successfully installed the file.
2026-06-25 16:43:28.188   -- File entry --
2026-06-25 16:43:28.188   Dest filename: C:\Program Files\SamaHesab\QuestPDF.dll
2026-06-25 16:43:28.188   Time stamp of our file: 2026-06-10 18:35:44.000
2026-06-25 16:43:28.188   Dest file exists.
2026-06-25 16:43:28.188   Time stamp of existing file: 2026-06-10 18:35:44.000
2026-06-25 16:43:28.188   Installing the file.
2026-06-25 16:43:28.198   Successfully installed the file.
2026-06-25 16:43:28.198   -- File entry --
2026-06-25 16:43:28.198   Dest filename: C:\Program Files\SamaHesab\QuestPdfSkia.dll
2026-06-25 16:43:28.198   Time stamp of our file: 2026-06-10 18:30:48.000
2026-06-25 16:43:28.198   Dest file exists.
2026-06-25 16:43:28.198   Time stamp of existing file: 2026-06-10 18:30:48.000
2026-06-25 16:43:28.198   Installing the file.
2026-06-25 16:43:28.327   Successfully installed the file.
2026-06-25 16:43:28.327   -- File entry --
2026-06-25 16:43:28.327   Dest filename: C:\Program Files\SamaHesab\RBush.dll
2026-06-25 16:43:28.328   Time stamp of our file: 2024-11-14 17:13:18.000
2026-06-25 16:43:28.328   Dest file exists.
2026-06-25 16:43:28.328   Time stamp of existing file: 2024-11-14 17:13:18.000
2026-06-25 16:43:28.328   Installing the file.
2026-06-25 16:43:28.329   Successfully installed the file.
2026-06-25 16:43:28.329   -- File entry --
2026-06-25 16:43:28.331   Dest filename: C:\Program Files\SamaHesab\ReachFramework.dll
2026-06-25 16:43:28.331   Time stamp of our file: 2026-04-30 16:08:56.000
2026-06-25 16:43:28.331   Dest file exists.
2026-06-25 16:43:28.331   Time stamp of existing file: 2026-04-30 16:08:56.000
2026-06-25 16:43:28.331   Installing the file.
2026-06-25 16:43:28.365   Successfully installed the file.
2026-06-25 16:43:28.365   -- File entry --
2026-06-25 16:43:28.365   Dest filename: C:\Program Files\SamaHesab\restoran.deps.json
2026-06-25 16:43:28.365   Time stamp of our file: 2026-06-25 16:40:08.000
2026-06-25 16:43:28.365   Dest file exists.
2026-06-25 16:43:28.366   Time stamp of existing file: 2026-06-24 18:33:58.000
2026-06-25 16:43:28.366   Installing the file.
2026-06-25 16:43:28.366   Successfully installed the file.
2026-06-25 16:43:28.366   -- File entry --
2026-06-25 16:43:28.366   Dest filename: C:\Program Files\SamaHesab\restoran.dll
2026-06-25 16:43:28.366   Time stamp of our file: 2026-06-25 16:40:08.000
2026-06-25 16:43:28.366   Dest file exists.
2026-06-25 16:43:28.366   Time stamp of existing file: 2026-06-24 18:33:58.000
2026-06-25 16:43:28.366   Installing the file.
2026-06-25 16:43:28.367   Successfully installed the file.
2026-06-25 16:43:28.367   -- File entry --
2026-06-25 16:43:28.367   Dest filename: C:\Program Files\SamaHesab\restoran.exe
2026-06-25 16:43:28.368   Time stamp of our file: 2026-06-25 16:40:08.000
2026-06-25 16:43:28.368   Dest file exists.
2026-06-25 16:43:28.368   Time stamp of existing file: 2026-06-24 18:33:58.000
2026-06-25 16:43:28.368   Installing the file.
2026-06-25 16:43:28.369   Successfully installed the file.
2026-06-25 16:43:28.369   -- File entry --
2026-06-25 16:43:28.369   Dest filename: C:\Program Files\SamaHesab\restoran.runtimeconfig.json
2026-06-25 16:43:28.369   Time stamp of our file: 2026-06-25 16:40:08.000
2026-06-25 16:43:28.369   Dest file exists.
2026-06-25 16:43:28.369   Time stamp of existing file: 2026-06-24 18:33:58.000
2026-06-25 16:43:28.369   Installing the file.
2026-06-25 16:43:28.371   Successfully installed the file.
2026-06-25 16:43:28.371   -- File entry --
2026-06-25 16:43:28.371   Dest filename: C:\Program Files\SamaHesab\SamaHesab.Application.dll
2026-06-25 16:43:28.371   Time stamp of our file: 2026-06-25 16:39:58.000
2026-06-25 16:43:28.371   Dest file exists.
2026-06-25 16:43:28.371   Time stamp of existing file: 2026-06-24 18:33:40.000
2026-06-25 16:43:28.371   Installing the file.
2026-06-25 16:43:28.396   Successfully installed the file.
2026-06-25 16:43:28.396   -- File entry --
2026-06-25 16:43:28.396   Dest filename: C:\Program Files\SamaHesab\SamaHesab.deps.json
2026-06-25 16:43:28.396   Time stamp of our file: 2026-06-25 16:40:06.000
2026-06-25 16:43:28.396   Dest file exists.
2026-06-25 16:43:28.396   Time stamp of existing file: 2026-06-24 18:33:56.000
2026-06-25 16:43:28.396   Installing the file.
2026-06-25 16:43:28.398   Successfully installed the file.
2026-06-25 16:43:28.398   -- File entry --
2026-06-25 16:43:28.398   Dest filename: C:\Program Files\SamaHesab\SamaHesab.dll
2026-06-25 16:43:28.398   Time stamp of our file: 2026-06-25 16:40:06.000
2026-06-25 16:43:28.398   Dest file exists.
2026-06-25 16:43:28.398   Time stamp of existing file: 2026-06-24 18:33:54.000
2026-06-25 16:43:28.398   Installing the file.
2026-06-25 16:43:28.457   Successfully installed the file.
2026-06-25 16:43:28.457   -- File entry --
2026-06-25 16:43:28.457   Dest filename: C:\Program Files\SamaHesab\SamaHesab.Domain.dll
2026-06-25 16:43:28.457   Time stamp of our file: 2026-06-25 16:39:58.000
2026-06-25 16:43:28.457   Dest file exists.
2026-06-25 16:43:28.457   Time stamp of existing file: 2026-06-24 18:33:38.000
2026-06-25 16:43:28.457   Installing the file.
2026-06-25 16:43:28.460   Successfully installed the file.
2026-06-25 16:43:28.460   -- File entry --
2026-06-25 16:43:28.460   Dest filename: C:\Program Files\SamaHesab\SamaHesab.exe
2026-06-25 16:43:28.460   Time stamp of our file: 2026-06-25 16:40:06.000
2026-06-25 16:43:28.460   Dest file exists.
2026-06-25 16:43:28.460   Time stamp of existing file: 2026-06-24 18:33:54.000
2026-06-25 16:43:28.460   Installing the file.
2026-06-25 16:43:28.463   Successfully installed the file.
2026-06-25 16:43:28.463   -- File entry --
2026-06-25 16:43:28.463   Dest filename: C:\Program Files\SamaHesab\SamaHesab.Infrastructure.dll
2026-06-25 16:43:28.463   Time stamp of our file: 2026-06-25 16:40:00.000
2026-06-25 16:43:28.463   Dest file exists.
2026-06-25 16:43:28.463   Time stamp of existing file: 2026-06-24 18:33:42.000
2026-06-25 16:43:28.463   Installing the file.
2026-06-25 16:43:28.471   Successfully installed the file.
2026-06-25 16:43:28.471   -- File entry --
2026-06-25 16:43:28.471   Dest filename: C:\Program Files\SamaHesab\SamaHesab.Modules.Abstractions.dll
2026-06-25 16:43:28.471   Time stamp of our file: 2026-06-25 16:39:58.000
2026-06-25 16:43:28.471   Dest file exists.
2026-06-25 16:43:28.471   Time stamp of existing file: 2026-06-24 18:33:38.000
2026-06-25 16:43:28.471   Installing the file.
2026-06-25 16:43:28.472   Successfully installed the file.
2026-06-25 16:43:28.472   -- File entry --
2026-06-25 16:43:28.472   Dest filename: C:\Program Files\SamaHesab\SamaHesab.Modules.Attendance.dll
2026-06-25 16:43:28.472   Time stamp of our file: 2026-06-25 16:40:00.000
2026-06-25 16:43:28.472   Dest file exists.
2026-06-25 16:43:28.472   Time stamp of existing file: 2026-06-24 18:33:40.000
2026-06-25 16:43:28.472   Installing the file.
2026-06-25 16:43:28.475   Successfully installed the file.
2026-06-25 16:43:28.475   -- File entry --
2026-06-25 16:43:28.475   Dest filename: C:\Program Files\SamaHesab\SamaHesab.Modules.Contracting.dll
2026-06-25 16:43:28.476   Time stamp of our file: 2026-06-25 16:39:58.000
2026-06-25 16:43:28.476   Dest file exists.
2026-06-25 16:43:28.476   Time stamp of existing file: 2026-06-24 18:33:40.000
2026-06-25 16:43:28.476   Installing the file.
2026-06-25 16:43:28.479   Successfully installed the file.
2026-06-25 16:43:28.479   -- File entry --
2026-06-25 16:43:28.479   Dest filename: C:\Program Files\SamaHesab\SamaHesab.Modules.CRM.dll
2026-06-25 16:43:28.479   Time stamp of our file: 2026-06-25 16:39:58.000
2026-06-25 16:43:28.479   Dest file exists.
2026-06-25 16:43:28.479   Time stamp of existing file: 2026-06-24 18:33:40.000
2026-06-25 16:43:28.479   Installing the file.
2026-06-25 16:43:28.480   Successfully installed the file.
2026-06-25 16:43:28.480   -- File entry --
2026-06-25 16:43:28.480   Dest filename: C:\Program Files\SamaHesab\SamaHesab.Modules.Hotel.dll
2026-06-25 16:43:28.480   Time stamp of our file: 2026-06-25 16:39:58.000
2026-06-25 16:43:28.480   Dest file exists.
2026-06-25 16:43:28.480   Time stamp of existing file: 2026-06-24 18:33:38.000
2026-06-25 16:43:28.480   Installing the file.
2026-06-25 16:43:28.483   Successfully installed the file.
2026-06-25 16:43:28.483   -- File entry --
2026-06-25 16:43:28.483   Dest filename: C:\Program Files\SamaHesab\SamaHesab.Modules.HR.dll
2026-06-25 16:43:28.483   Time stamp of our file: 2026-06-25 16:39:58.000
2026-06-25 16:43:28.483   Dest file exists.
2026-06-25 16:43:28.483   Time stamp of existing file: 2026-06-24 18:33:40.000
2026-06-25 16:43:28.483   Installing the file.
2026-06-25 16:43:28.486   Successfully installed the file.
2026-06-25 16:43:28.486   -- File entry --
2026-06-25 16:43:28.486   Dest filename: C:\Program Files\SamaHesab\SamaHesab.Modules.POS.dll
2026-06-25 16:43:28.486   Time stamp of our file: 2026-06-25 16:39:58.000
2026-06-25 16:43:28.486   Dest file exists.
2026-06-25 16:43:28.486   Time stamp of existing file: 2026-06-24 18:33:40.000
2026-06-25 16:43:28.486   Installing the file.
2026-06-25 16:43:28.487   Successfully installed the file.
2026-06-25 16:43:28.487   -- File entry --
2026-06-25 16:43:28.487   Dest filename: C:\Program Files\SamaHesab\SamaHesab.Modules.Restaurant.dll
2026-06-25 16:43:28.488   Time stamp of our file: 2026-06-25 16:40:00.000
2026-06-25 16:43:28.488   Dest file exists.
2026-06-25 16:43:28.488   Time stamp of existing file: 2026-06-24 18:33:42.000
2026-06-25 16:43:28.488   Installing the file.
2026-06-25 16:43:28.490   Successfully installed the file.
2026-06-25 16:43:28.490   -- File entry --
2026-06-25 16:43:28.490   Dest filename: C:\Program Files\SamaHesab\SamaHesab.Modules.Tourism.dll
2026-06-25 16:43:28.491   Time stamp of our file: 2026-06-25 16:39:58.000
2026-06-25 16:43:28.491   Dest file exists.
2026-06-25 16:43:28.491   Time stamp of existing file: 2026-06-24 18:33:40.000
2026-06-25 16:43:28.491   Installing the file.
2026-06-25 16:43:28.494   Successfully installed the file.
2026-06-25 16:43:28.494   -- File entry --
2026-06-25 16:43:28.494   Dest filename: C:\Program Files\SamaHesab\SamaHesab.runtimeconfig.json
2026-06-25 16:43:28.494   Time stamp of our file: 2026-06-25 16:40:06.000
2026-06-25 16:43:28.494   Dest file exists.
2026-06-25 16:43:28.494   Time stamp of existing file: 2026-06-24 18:33:56.000
2026-06-25 16:43:28.494   Installing the file.
2026-06-25 16:43:28.495   Successfully installed the file.
2026-06-25 16:43:28.495   -- File entry --
2026-06-25 16:43:28.495   Dest filename: C:\Program Files\SamaHesab\Serilog.dll
2026-06-25 16:43:28.495   Time stamp of our file: 2024-12-06 07:41:52.000
2026-06-25 16:43:28.495   Dest file exists.
2026-06-25 16:43:28.495   Time stamp of existing file: 2024-12-06 07:41:52.000
2026-06-25 16:43:28.495   Installing the file.
2026-06-25 16:43:28.500   Successfully installed the file.
2026-06-25 16:43:28.500   -- File entry --
2026-06-25 16:43:28.500   Dest filename: C:\Program Files\SamaHesab\Serilog.Extensions.Logging.dll
2026-06-25 16:43:28.500   Time stamp of our file: 2024-12-09 03:48:50.000
2026-06-25 16:43:28.500   Dest file exists.
2026-06-25 16:43:28.500   Time stamp of existing file: 2024-12-09 03:48:50.000
2026-06-25 16:43:28.500   Installing the file.
2026-06-25 16:43:28.501   Successfully installed the file.
2026-06-25 16:43:28.502   -- File entry --
2026-06-25 16:43:28.502   Dest filename: C:\Program Files\SamaHesab\Serilog.Sinks.File.dll
2026-06-25 16:43:28.502   Time stamp of our file: 2024-06-23 02:14:08.000
2026-06-25 16:43:28.502   Dest file exists.
2026-06-25 16:43:28.502   Time stamp of existing file: 2024-06-23 02:14:08.000
2026-06-25 16:43:28.502   Installing the file.
2026-06-25 16:43:28.503   Successfully installed the file.
2026-06-25 16:43:28.503   -- File entry --
2026-06-25 16:43:28.503   Dest filename: C:\Program Files\SamaHesab\SixLabors.Fonts.dll
2026-06-25 16:43:28.503   Time stamp of our file: 2023-08-11 15:34:44.000
2026-06-25 16:43:28.503   Dest file exists.
2026-06-25 16:43:28.503   Time stamp of existing file: 2023-08-11 15:34:44.000
2026-06-25 16:43:28.503   Installing the file.
2026-06-25 16:43:28.521   Successfully installed the file.
2026-06-25 16:43:28.521   -- File entry --
2026-06-25 16:43:28.521   Dest filename: C:\Program Files\SamaHesab\SixLabors.ImageSharp.dll
2026-06-25 16:43:28.521   Time stamp of our file: 2021-09-28 07:32:42.000
2026-06-25 16:43:28.521   Dest file exists.
2026-06-25 16:43:28.521   Time stamp of existing file: 2021-09-28 07:32:42.000
2026-06-25 16:43:28.521   Installing the file.
2026-06-25 16:43:28.544   Successfully installed the file.
2026-06-25 16:43:28.544   -- File entry --
2026-06-25 16:43:28.544   Dest filename: C:\Program Files\SamaHesab\System.AppContext.dll
2026-06-25 16:43:28.544   Time stamp of our file: 2026-04-30 03:02:38.000
2026-06-25 16:43:28.544   Dest file exists.
2026-06-25 16:43:28.544   Time stamp of existing file: 2026-04-30 03:02:38.000
2026-06-25 16:43:28.544   Installing the file.
2026-06-25 16:43:28.545   Successfully installed the file.
2026-06-25 16:43:28.545   -- File entry --
2026-06-25 16:43:28.545   Dest filename: C:\Program Files\SamaHesab\System.Buffers.dll
2026-06-25 16:43:28.546   Time stamp of our file: 2026-04-30 03:02:42.000
2026-06-25 16:43:28.546   Dest file exists.
2026-06-25 16:43:28.546   Time stamp of existing file: 2026-04-30 03:02:42.000
2026-06-25 16:43:28.546   Installing the file.
2026-06-25 16:43:28.547   Successfully installed the file.
2026-06-25 16:43:28.547   -- File entry --
2026-06-25 16:43:28.547   Dest filename: C:\Program Files\SamaHesab\System.ClientModel.dll
2026-06-25 16:43:28.547   Time stamp of our file: 2024-01-03 21:13:00.000
2026-06-25 16:43:28.547   Dest file exists.
2026-06-25 16:43:28.547   Time stamp of existing file: 2024-01-03 21:13:00.000
2026-06-25 16:43:28.547   Installing the file.
2026-06-25 16:43:28.548   Successfully installed the file.
2026-06-25 16:43:28.548   -- File entry --
2026-06-25 16:43:28.548   Dest filename: C:\Program Files\SamaHesab\System.CodeDom.dll
2026-06-25 16:43:28.548   Time stamp of our file: 2026-04-30 16:08:32.000
2026-06-25 16:43:28.548   Dest file exists.
2026-06-25 16:43:28.548   Time stamp of existing file: 2026-04-30 16:08:32.000
2026-06-25 16:43:28.548   Installing the file.
2026-06-25 16:43:28.559   Successfully installed the file.
2026-06-25 16:43:28.559   -- File entry --
2026-06-25 16:43:28.559   Dest filename: C:\Program Files\SamaHesab\System.Collections.Concurrent.dll
2026-06-25 16:43:28.559   Time stamp of our file: 2026-04-30 03:06:46.000
2026-06-25 16:43:28.559   Dest file exists.
2026-06-25 16:43:28.559   Time stamp of existing file: 2026-04-30 03:06:46.000
2026-06-25 16:43:28.559   Installing the file.
2026-06-25 16:43:28.566   Successfully installed the file.
2026-06-25 16:43:28.566   -- File entry --
2026-06-25 16:43:28.567   Dest filename: C:\Program Files\SamaHesab\System.Collections.dll
2026-06-25 16:43:28.567   Time stamp of our file: 2026-04-30 03:06:48.000
2026-06-25 16:43:28.567   Dest file exists.
2026-06-25 16:43:28.567   Time stamp of existing file: 2026-04-30 03:06:48.000
2026-06-25 16:43:28.567   Installing the file.
2026-06-25 16:43:28.575   Successfully installed the file.
2026-06-25 16:43:28.575   -- File entry --
2026-06-25 16:43:28.575   Dest filename: C:\Program Files\SamaHesab\System.Collections.Immutable.dll
2026-06-25 16:43:28.575   Time stamp of our file: 2026-04-30 03:06:50.000
2026-06-25 16:43:28.575   Dest file exists.
2026-06-25 16:43:28.575   Time stamp of existing file: 2026-04-30 03:06:50.000
2026-06-25 16:43:28.575   Installing the file.
2026-06-25 16:43:28.594   Successfully installed the file.
2026-06-25 16:43:28.594   -- File entry --
2026-06-25 16:43:28.596   Dest filename: C:\Program Files\SamaHesab\System.Collections.NonGeneric.dll
2026-06-25 16:43:28.596   Time stamp of our file: 2026-04-30 03:06:50.000
2026-06-25 16:43:28.596   Dest file exists.
2026-06-25 16:43:28.596   Time stamp of existing file: 2026-04-30 03:06:50.000
2026-06-25 16:43:28.596   Installing the file.
2026-06-25 16:43:28.598   Successfully installed the file.
2026-06-25 16:43:28.598   -- File entry --
2026-06-25 16:43:28.598   Dest filename: C:\Program Files\SamaHesab\System.Collections.Specialized.dll
2026-06-25 16:43:28.598   Time stamp of our file: 2026-04-30 03:06:52.000
2026-06-25 16:43:28.598   Dest file exists.
2026-06-25 16:43:28.598   Time stamp of existing file: 2026-04-30 03:06:52.000
2026-06-25 16:43:28.598   Installing the file.
2026-06-25 16:43:28.601   Successfully installed the file.
2026-06-25 16:43:28.601   -- File entry --
2026-06-25 16:43:28.601   Dest filename: C:\Program Files\SamaHesab\System.ComponentModel.Annotations.dll
2026-06-25 16:43:28.601   Time stamp of our file: 2026-04-30 03:06:54.000
2026-06-25 16:43:28.601   Dest file exists.
2026-06-25 16:43:28.601   Time stamp of existing file: 2026-04-30 03:06:54.000
2026-06-25 16:43:28.601   Installing the file.
2026-06-25 16:43:28.605   Successfully installed the file.
2026-06-25 16:43:28.605   -- File entry --
2026-06-25 16:43:28.605   Dest filename: C:\Program Files\SamaHesab\System.ComponentModel.DataAnnotations.dll
2026-06-25 16:43:28.607   Time stamp of our file: 2026-04-30 03:02:52.000
2026-06-25 16:43:28.607   Dest file exists.
2026-06-25 16:43:28.607   Time stamp of existing file: 2026-04-30 03:02:52.000
2026-06-25 16:43:28.607   Installing the file.
2026-06-25 16:43:28.608   Successfully installed the file.
2026-06-25 16:43:28.608   -- File entry --
2026-06-25 16:43:28.608   Dest filename: C:\Program Files\SamaHesab\System.ComponentModel.dll
2026-06-25 16:43:28.608   Time stamp of our file: 2026-04-30 03:06:54.000
2026-06-25 16:43:28.608   Dest file exists.
2026-06-25 16:43:28.608   Time stamp of existing file: 2026-04-30 03:06:54.000
2026-06-25 16:43:28.608   Installing the file.
2026-06-25 16:43:28.609   Successfully installed the file.
2026-06-25 16:43:28.609   -- File entry --
2026-06-25 16:43:28.609   Dest filename: C:\Program Files\SamaHesab\System.ComponentModel.EventBasedAsync.dll
2026-06-25 16:43:28.609   Time stamp of our file: 2026-04-30 03:06:56.000
2026-06-25 16:43:28.609   Dest file exists.
2026-06-25 16:43:28.609   Time stamp of existing file: 2026-04-30 03:06:56.000
2026-06-25 16:43:28.609   Installing the file.
2026-06-25 16:43:28.611   Successfully installed the file.
2026-06-25 16:43:28.611   -- File entry --
2026-06-25 16:43:28.611   Dest filename: C:\Program Files\SamaHesab\System.ComponentModel.Primitives.dll
2026-06-25 16:43:28.611   Time stamp of our file: 2026-04-30 03:06:56.000
2026-06-25 16:43:28.611   Dest file exists.
2026-06-25 16:43:28.611   Time stamp of existing file: 2026-04-30 03:06:56.000
2026-06-25 16:43:28.611   Installing the file.
2026-06-25 16:43:28.613   Successfully installed the file.
2026-06-25 16:43:28.613   -- File entry --
2026-06-25 16:43:28.613   Dest filename: C:\Program Files\SamaHesab\System.ComponentModel.TypeConverter.dll
2026-06-25 16:43:28.613   Time stamp of our file: 2026-04-30 03:06:58.000
2026-06-25 16:43:28.613   Dest file exists.
2026-06-25 16:43:28.613   Time stamp of existing file: 2026-04-30 03:06:58.000
2026-06-25 16:43:28.613   Installing the file.
2026-06-25 16:43:28.631   Successfully installed the file.
2026-06-25 16:43:28.631   -- File entry --
2026-06-25 16:43:28.631   Dest filename: C:\Program Files\SamaHesab\System.Configuration.ConfigurationManager.dll
2026-06-25 16:43:28.631   Time stamp of our file: 2026-04-30 16:08:32.000
2026-06-25 16:43:28.631   Dest file exists.
2026-06-25 16:43:28.631   Time stamp of existing file: 2026-04-30 16:08:32.000
2026-06-25 16:43:28.631   Installing the file.
2026-06-25 16:43:28.656   Successfully installed the file.
2026-06-25 16:43:28.656   -- File entry --
2026-06-25 16:43:28.656   Dest filename: C:\Program Files\SamaHesab\System.Configuration.dll
2026-06-25 16:43:28.656   Time stamp of our file: 2026-04-30 03:03:26.000
2026-06-25 16:43:28.656   Dest file exists.
2026-06-25 16:43:28.656   Time stamp of existing file: 2026-04-30 03:03:26.000
2026-06-25 16:43:28.656   Installing the file.
2026-06-25 16:43:28.657   Successfully installed the file.
2026-06-25 16:43:28.657   -- File entry --
2026-06-25 16:43:28.657   Dest filename: C:\Program Files\SamaHesab\System.Console.dll
2026-06-25 16:43:28.657   Time stamp of our file: 2026-04-30 03:07:00.000
2026-06-25 16:43:28.657   Dest file exists.
2026-06-25 16:43:28.657   Time stamp of existing file: 2026-04-30 03:07:00.000
2026-06-25 16:43:28.657   Installing the file.
2026-06-25 16:43:28.662   Successfully installed the file.
2026-06-25 16:43:28.662   -- File entry --
2026-06-25 16:43:28.662   Dest filename: C:\Program Files\SamaHesab\System.Core.dll
2026-06-25 16:43:28.662   Time stamp of our file: 2026-04-30 03:03:36.000
2026-06-25 16:43:28.662   Dest file exists.
2026-06-25 16:43:28.662   Time stamp of existing file: 2026-04-30 03:03:36.000
2026-06-25 16:43:28.662   Installing the file.
2026-06-25 16:43:28.663   Successfully installed the file.
2026-06-25 16:43:28.663   -- File entry --
2026-06-25 16:43:28.663   Dest filename: C:\Program Files\SamaHesab\System.Data.Common.dll
2026-06-25 16:43:28.664   Time stamp of our file: 2026-04-30 03:07:02.000
2026-06-25 16:43:28.664   Dest file exists.
2026-06-25 16:43:28.664   Time stamp of existing file: 2026-04-30 03:07:02.000
2026-06-25 16:43:28.664   Installing the file.
2026-06-25 16:43:28.726   Successfully installed the file.
2026-06-25 16:43:28.727   -- File entry --
2026-06-25 16:43:28.727   Dest filename: C:\Program Files\SamaHesab\System.Data.DataSetExtensions.dll
2026-06-25 16:43:28.727   Time stamp of our file: 2026-04-30 03:03:16.000
2026-06-25 16:43:28.727   Dest file exists.
2026-06-25 16:43:28.727   Time stamp of existing file: 2026-04-30 03:03:16.000
2026-06-25 16:43:28.727   Installing the file.
2026-06-25 16:43:28.728   Successfully installed the file.
2026-06-25 16:43:28.728   -- File entry --
2026-06-25 16:43:28.728   Dest filename: C:\Program Files\SamaHesab\System.Data.dll
2026-06-25 16:43:28.728   Time stamp of our file: 2026-04-30 03:03:32.000
2026-06-25 16:43:28.728   Dest file exists.
2026-06-25 16:43:28.728   Time stamp of existing file: 2026-04-30 03:03:32.000
2026-06-25 16:43:28.728   Installing the file.
2026-06-25 16:43:28.729   Successfully installed the file.
2026-06-25 16:43:28.729   -- File entry --
2026-06-25 16:43:28.729   Dest filename: C:\Program Files\SamaHesab\System.Design.dll
2026-06-25 16:43:28.729   Time stamp of our file: 2026-04-30 11:01:32.000
2026-06-25 16:43:28.729   Dest file exists.
2026-06-25 16:43:28.729   Time stamp of existing file: 2026-04-30 11:01:32.000
2026-06-25 16:43:28.729   Installing the file.
2026-06-25 16:43:28.730   Successfully installed the file.
2026-06-25 16:43:28.730   -- File entry --
2026-06-25 16:43:28.730   Dest filename: C:\Program Files\SamaHesab\System.Diagnostics.Contracts.dll
2026-06-25 16:43:28.730   Time stamp of our file: 2026-04-30 03:01:32.000
2026-06-25 16:43:28.730   Dest file exists.
2026-06-25 16:43:28.730   Time stamp of existing file: 2026-04-30 03:01:32.000
2026-06-25 16:43:28.730   Installing the file.
2026-06-25 16:43:28.731   Successfully installed the file.
2026-06-25 16:43:28.731   -- File entry --
2026-06-25 16:43:28.731   Dest filename: C:\Program Files\SamaHesab\System.Diagnostics.Debug.dll
2026-06-25 16:43:28.731   Time stamp of our file: 2026-04-30 03:02:42.000
2026-06-25 16:43:28.731   Dest file exists.
2026-06-25 16:43:28.731   Time stamp of existing file: 2026-04-30 03:02:42.000
2026-06-25 16:43:28.731   Installing the file.
2026-06-25 16:43:28.732   Successfully installed the file.
2026-06-25 16:43:28.732   -- File entry --
2026-06-25 16:43:28.732   Dest filename: C:\Program Files\SamaHesab\System.Diagnostics.DiagnosticSource.dll
2026-06-25 16:43:28.732   Time stamp of our file: 2026-04-30 03:07:04.000
2026-06-25 16:43:28.732   Dest file exists.
2026-06-25 16:43:28.732   Time stamp of existing file: 2026-04-30 03:07:04.000
2026-06-25 16:43:28.732   Installing the file.
2026-06-25 16:43:28.744   Successfully installed the file.
2026-06-25 16:43:28.744   -- File entry --
2026-06-25 16:43:28.745   Dest filename: C:\Program Files\SamaHesab\System.Diagnostics.EventLog.dll
2026-06-25 16:43:28.745   Time stamp of our file: 2026-04-30 16:08:32.000
2026-06-25 16:43:28.745   Dest file exists.
2026-06-25 16:43:28.745   Time stamp of existing file: 2026-04-30 16:08:32.000
2026-06-25 16:43:28.745   Installing the file.
2026-06-25 16:43:28.753   Successfully installed the file.
2026-06-25 16:43:28.753   -- File entry --
2026-06-25 16:43:28.753   Dest filename: C:\Program Files\SamaHesab\System.Diagnostics.EventLog.Messages.dll
2026-06-25 16:43:28.754   Time stamp of our file: 2026-04-30 02:57:44.000
2026-06-25 16:43:28.754   Dest file exists.
2026-06-25 16:43:28.754   Time stamp of existing file: 2026-04-30 02:57:44.000
2026-06-25 16:43:28.754   Installing the file.
2026-06-25 16:43:28.759   Successfully installed the file.
2026-06-25 16:43:28.759   -- File entry --
2026-06-25 16:43:28.759   Dest filename: C:\Program Files\SamaHesab\System.Diagnostics.FileVersionInfo.dll
2026-06-25 16:43:28.759   Time stamp of our file: 2026-04-30 03:07:06.000
2026-06-25 16:43:28.759   Dest file exists.
2026-06-25 16:43:28.759   Time stamp of existing file: 2026-04-30 03:07:06.000
2026-06-25 16:43:28.759   Installing the file.
2026-06-25 16:43:28.760   Successfully installed the file.
2026-06-25 16:43:28.760   -- File entry --
2026-06-25 16:43:28.760   Dest filename: C:\Program Files\SamaHesab\System.Diagnostics.PerformanceCounter.dll
2026-06-25 16:43:28.761   Time stamp of our file: 2026-04-30 16:08:32.000
2026-06-25 16:43:28.761   Dest file exists.
2026-06-25 16:43:28.761   Time stamp of existing file: 2026-04-30 16:08:32.000
2026-06-25 16:43:28.761   Installing the file.
2026-06-25 16:43:28.768   Successfully installed the file.
2026-06-25 16:43:28.768   -- File entry --
2026-06-25 16:43:28.768   Dest filename: C:\Program Files\SamaHesab\System.Diagnostics.Process.dll
2026-06-25 16:43:28.768   Time stamp of our file: 2026-04-30 03:07:06.000
2026-06-25 16:43:28.768   Dest file exists.
2026-06-25 16:43:28.768   Time stamp of existing file: 2026-04-30 03:07:06.000
2026-06-25 16:43:28.768   Installing the file.
2026-06-25 16:43:28.775   Successfully installed the file.
2026-06-25 16:43:28.777   -- File entry --
2026-06-25 16:43:28.777   Dest filename: C:\Program Files\SamaHesab\System.Diagnostics.StackTrace.dll
2026-06-25 16:43:28.777   Time stamp of our file: 2026-04-30 03:07:08.000
2026-06-25 16:43:28.777   Dest file exists.
2026-06-25 16:43:28.777   Time stamp of existing file: 2026-04-30 03:07:08.000
2026-06-25 16:43:28.777   Installing the file.
2026-06-25 16:43:28.779   Successfully installed the file.
2026-06-25 16:43:28.779   -- File entry --
2026-06-25 16:43:28.779   Dest filename: C:\Program Files\SamaHesab\System.Diagnostics.TextWriterTraceListener.dll
2026-06-25 16:43:28.779   Time stamp of our file: 2026-04-30 03:07:08.000
2026-06-25 16:43:28.779   Dest file exists.
2026-06-25 16:43:28.779   Time stamp of existing file: 2026-04-30 03:07:08.000
2026-06-25 16:43:28.779   Installing the file.
2026-06-25 16:43:28.781   Successfully installed the file.
2026-06-25 16:43:28.781   -- File entry --
2026-06-25 16:43:28.781   Dest filename: C:\Program Files\SamaHesab\System.Diagnostics.Tools.dll
2026-06-25 16:43:28.781   Time stamp of our file: 2026-04-30 03:02:40.000
2026-06-25 16:43:28.781   Dest file exists.
2026-06-25 16:43:28.782   Time stamp of existing file: 2026-04-30 03:02:40.000
2026-06-25 16:43:28.782   Installing the file.
2026-06-25 16:43:28.782   Successfully installed the file.
2026-06-25 16:43:28.782   -- File entry --
2026-06-25 16:43:28.782   Dest filename: C:\Program Files\SamaHesab\System.Diagnostics.TraceSource.dll
2026-06-25 16:43:28.782   Time stamp of our file: 2026-04-30 03:07:10.000
2026-06-25 16:43:28.782   Dest file exists.
2026-06-25 16:43:28.782   Time stamp of existing file: 2026-04-30 03:07:10.000
2026-06-25 16:43:28.782   Installing the file.
2026-06-25 16:43:28.785   Successfully installed the file.
2026-06-25 16:43:28.785   -- File entry --
2026-06-25 16:43:28.785   Dest filename: C:\Program Files\SamaHesab\System.Diagnostics.Tracing.dll
2026-06-25 16:43:28.786   Time stamp of our file: 2026-04-30 03:02:30.000
2026-06-25 16:43:28.786   Dest file exists.
2026-06-25 16:43:28.786   Time stamp of existing file: 2026-04-30 03:02:30.000
2026-06-25 16:43:28.786   Installing the file.
2026-06-25 16:43:28.786   Successfully installed the file.
2026-06-25 16:43:28.787   -- File entry --
2026-06-25 16:43:28.787   Dest filename: C:\Program Files\SamaHesab\System.DirectoryServices.dll
2026-06-25 16:43:28.787   Time stamp of our file: 2026-04-30 16:08:34.000
2026-06-25 16:43:28.787   Dest file exists.
2026-06-25 16:43:28.787   Time stamp of existing file: 2026-04-30 16:08:34.000
2026-06-25 16:43:28.787   Installing the file.
2026-06-25 16:43:28.810   Successfully installed the file.
2026-06-25 16:43:28.810   -- File entry --
2026-06-25 16:43:28.810   Dest filename: C:\Program Files\SamaHesab\System.dll
2026-06-25 16:43:28.810   Time stamp of our file: 2026-04-30 03:03:44.000
2026-06-25 16:43:28.810   Dest file exists.
2026-06-25 16:43:28.810   Time stamp of existing file: 2026-04-30 03:03:44.000
2026-06-25 16:43:28.810   Installing the file.
2026-06-25 16:43:28.812   Successfully installed the file.
2026-06-25 16:43:28.812   -- File entry --
2026-06-25 16:43:28.812   Dest filename: C:\Program Files\SamaHesab\System.Drawing.Common.dll
2026-06-25 16:43:28.812   Time stamp of our file: 2026-04-30 16:08:36.000
2026-06-25 16:43:28.812   Dest file exists.
2026-06-25 16:43:28.812   Time stamp of existing file: 2026-04-30 16:08:36.000
2026-06-25 16:43:28.812   Installing the file.
2026-06-25 16:43:28.837   Successfully installed the file.
2026-06-25 16:43:28.837   -- File entry --
2026-06-25 16:43:28.837   Dest filename: C:\Program Files\SamaHesab\System.Drawing.Design.dll
2026-06-25 16:43:28.837   Time stamp of our file: 2026-04-30 11:01:30.000
2026-06-25 16:43:28.837   Dest file exists.
2026-06-25 16:43:28.837   Time stamp of existing file: 2026-04-30 11:01:30.000
2026-06-25 16:43:28.837   Installing the file.
2026-06-25 16:43:28.838   Successfully installed the file.
2026-06-25 16:43:28.838   -- File entry --
2026-06-25 16:43:28.838   Dest filename: C:\Program Files\SamaHesab\System.Drawing.dll
2026-06-25 16:43:28.838   Time stamp of our file: 2026-04-30 11:01:32.000
2026-06-25 16:43:28.838   Dest file exists.
2026-06-25 16:43:28.838   Time stamp of existing file: 2026-04-30 11:01:32.000
2026-06-25 16:43:28.838   Installing the file.
2026-06-25 16:43:28.839   Successfully installed the file.
2026-06-25 16:43:28.839   -- File entry --
2026-06-25 16:43:28.839   Dest filename: C:\Program Files\SamaHesab\System.Drawing.Primitives.dll
2026-06-25 16:43:28.839   Time stamp of our file: 2026-04-30 03:07:12.000
2026-06-25 16:43:28.839   Dest file exists.
2026-06-25 16:43:28.839   Time stamp of existing file: 2026-04-30 03:07:12.000
2026-06-25 16:43:28.839   Installing the file.
2026-06-25 16:43:28.842   Successfully installed the file.
2026-06-25 16:43:28.842   -- File entry --
2026-06-25 16:43:28.842   Dest filename: C:\Program Files\SamaHesab\System.Dynamic.Runtime.dll
2026-06-25 16:43:28.844   Time stamp of our file: 2026-04-30 03:02:44.000
2026-06-25 16:43:28.844   Dest file exists.
2026-06-25 16:43:28.844   Time stamp of existing file: 2026-04-30 03:02:44.000
2026-06-25 16:43:28.844   Installing the file.
2026-06-25 16:43:28.845   Successfully installed the file.
2026-06-25 16:43:28.845   -- File entry --
2026-06-25 16:43:28.845   Dest filename: C:\Program Files\SamaHesab\System.Formats.Asn1.dll
2026-06-25 16:43:28.845   Time stamp of our file: 2026-04-30 03:07:14.000
2026-06-25 16:43:28.845   Dest file exists.
2026-06-25 16:43:28.845   Time stamp of existing file: 2026-04-30 03:07:14.000
2026-06-25 16:43:28.845   Installing the file.
2026-06-25 16:43:28.851   Successfully installed the file.
2026-06-25 16:43:28.851   -- File entry --
2026-06-25 16:43:28.851   Dest filename: C:\Program Files\SamaHesab\System.Formats.Nrbf.dll
2026-06-25 16:43:28.852   Time stamp of our file: 2026-04-30 16:08:34.000
2026-06-25 16:43:28.852   Dest file exists.
2026-06-25 16:43:28.852   Time stamp of existing file: 2026-04-30 16:08:34.000
2026-06-25 16:43:28.852   Installing the file.
2026-06-25 16:43:28.855   Successfully installed the file.
2026-06-25 16:43:28.855   -- File entry --
2026-06-25 16:43:28.855   Dest filename: C:\Program Files\SamaHesab\System.Formats.Tar.dll
2026-06-25 16:43:28.855   Time stamp of our file: 2026-04-30 03:07:14.000
2026-06-25 16:43:28.855   Dest file exists.
2026-06-25 16:43:28.855   Time stamp of existing file: 2026-04-30 03:07:14.000
2026-06-25 16:43:28.855   Installing the file.
2026-06-25 16:43:28.862   Successfully installed the file.
2026-06-25 16:43:28.862   -- File entry --
2026-06-25 16:43:28.862   Dest filename: C:\Program Files\SamaHesab\System.Globalization.Calendars.dll
2026-06-25 16:43:28.862   Time stamp of our file: 2026-04-30 03:02:50.000
2026-06-25 16:43:28.862   Dest file exists.
2026-06-25 16:43:28.862   Time stamp of existing file: 2026-04-30 03:02:50.000
2026-06-25 16:43:28.862   Installing the file.
2026-06-25 16:43:28.863   Successfully installed the file.
2026-06-25 16:43:28.863   -- File entry --
2026-06-25 16:43:28.863   Dest filename: C:\Program Files\SamaHesab\System.Globalization.dll
2026-06-25 16:43:28.863   Time stamp of our file: 2026-04-30 03:02:38.000
2026-06-25 16:43:28.863   Dest file exists.
2026-06-25 16:43:28.863   Time stamp of existing file: 2026-04-30 03:02:38.000
2026-06-25 16:43:28.863   Installing the file.
2026-06-25 16:43:28.864   Successfully installed the file.
2026-06-25 16:43:28.864   -- File entry --
2026-06-25 16:43:28.864   Dest filename: C:\Program Files\SamaHesab\System.Globalization.Extensions.dll
2026-06-25 16:43:28.864   Time stamp of our file: 2026-04-30 03:02:40.000
2026-06-25 16:43:28.864   Dest file exists.
2026-06-25 16:43:28.864   Time stamp of existing file: 2026-04-30 03:02:40.000
2026-06-25 16:43:28.864   Installing the file.
2026-06-25 16:43:28.865   Successfully installed the file.
2026-06-25 16:43:28.865   -- File entry --
2026-06-25 16:43:28.865   Dest filename: C:\Program Files\SamaHesab\System.IdentityModel.Tokens.Jwt.dll
2026-06-25 16:43:28.865   Time stamp of our file: 2023-12-01 08:01:48.000
2026-06-25 16:43:28.865   Dest file exists.
2026-06-25 16:43:28.865   Time stamp of existing file: 2023-12-01 08:01:48.000
2026-06-25 16:43:28.865   Installing the file.
2026-06-25 16:43:28.867   Successfully installed the file.
2026-06-25 16:43:28.867   -- File entry --
2026-06-25 16:43:28.867   Dest filename: C:\Program Files\SamaHesab\System.IO.Compression.Brotli.dll
2026-06-25 16:43:28.867   Time stamp of our file: 2026-04-30 03:07:16.000
2026-06-25 16:43:28.867   Dest file exists.
2026-06-25 16:43:28.867   Time stamp of existing file: 2026-04-30 03:07:16.000
2026-06-25 16:43:28.867   Installing the file.
2026-06-25 16:43:28.870   Successfully installed the file.
2026-06-25 16:43:28.870   -- File entry --
2026-06-25 16:43:28.870   Dest filename: C:\Program Files\SamaHesab\System.IO.Compression.dll
2026-06-25 16:43:28.870   Time stamp of our file: 2026-04-30 03:07:18.000
2026-06-25 16:43:28.870   Dest file exists.
2026-06-25 16:43:28.870   Time stamp of existing file: 2026-04-30 03:07:18.000
2026-06-25 16:43:28.870   Installing the file.
2026-06-25 16:43:28.877   Successfully installed the file.
2026-06-25 16:43:28.877   -- File entry --
2026-06-25 16:43:28.877   Dest filename: C:\Program Files\SamaHesab\System.IO.Compression.FileSystem.dll
2026-06-25 16:43:28.877   Time stamp of our file: 2026-04-30 03:02:44.000
2026-06-25 16:43:28.877   Dest file exists.
2026-06-25 16:43:28.877   Time stamp of existing file: 2026-04-30 03:02:44.000
2026-06-25 16:43:28.877   Installing the file.
2026-06-25 16:43:28.879   Successfully installed the file.
2026-06-25 16:43:28.879   -- File entry --
2026-06-25 16:43:28.879   Dest filename: C:\Program Files\SamaHesab\System.IO.Compression.Native.dll
2026-06-25 16:43:28.879   Time stamp of our file: 2026-04-30 02:59:02.000
2026-06-25 16:43:28.879   Dest file exists.
2026-06-25 16:43:28.879   Time stamp of existing file: 2026-04-30 02:59:02.000
2026-06-25 16:43:28.879   Installing the file.
2026-06-25 16:43:28.898   Successfully installed the file.
2026-06-25 16:43:28.899   -- File entry --
2026-06-25 16:43:28.899   Dest filename: C:\Program Files\SamaHesab\System.IO.Compression.ZipFile.dll
2026-06-25 16:43:28.899   Time stamp of our file: 2026-04-30 03:07:18.000
2026-06-25 16:43:28.899   Dest file exists.
2026-06-25 16:43:28.899   Time stamp of existing file: 2026-04-30 03:07:18.000
2026-06-25 16:43:28.899   Installing the file.
2026-06-25 16:43:28.900   Successfully installed the file.
2026-06-25 16:43:28.900   -- File entry --
2026-06-25 16:43:28.900   Dest filename: C:\Program Files\SamaHesab\System.IO.dll
2026-06-25 16:43:28.900   Time stamp of our file: 2026-04-30 03:02:48.000
2026-06-25 16:43:28.900   Dest file exists.
2026-06-25 16:43:28.900   Time stamp of existing file: 2026-04-30 03:02:48.000
2026-06-25 16:43:28.900   Installing the file.
2026-06-25 16:43:28.901   Successfully installed the file.
2026-06-25 16:43:28.901   -- File entry --
2026-06-25 16:43:28.901   Dest filename: C:\Program Files\SamaHesab\System.IO.FileSystem.AccessControl.dll
2026-06-25 16:43:28.901   Time stamp of our file: 2026-04-30 03:07:20.000
2026-06-25 16:43:28.901   Dest file exists.
2026-06-25 16:43:28.901   Time stamp of existing file: 2026-04-30 03:07:20.000
2026-06-25 16:43:28.901   Installing the file.
2026-06-25 16:43:28.904   Successfully installed the file.
2026-06-25 16:43:28.904   -- File entry --
2026-06-25 16:43:28.904   Dest filename: C:\Program Files\SamaHesab\System.IO.FileSystem.dll
2026-06-25 16:43:28.904   Time stamp of our file: 2026-04-30 03:02:40.000
2026-06-25 16:43:28.904   Dest file exists.
2026-06-25 16:43:28.904   Time stamp of existing file: 2026-04-30 03:02:40.000
2026-06-25 16:43:28.904   Installing the file.
2026-06-25 16:43:28.905   Successfully installed the file.
2026-06-25 16:43:28.905   -- File entry --
2026-06-25 16:43:28.905   Dest filename: C:\Program Files\SamaHesab\System.IO.FileSystem.DriveInfo.dll
2026-06-25 16:43:28.905   Time stamp of our file: 2026-04-30 03:07:20.000
2026-06-25 16:43:28.905   Dest file exists.
2026-06-25 16:43:28.905   Time stamp of existing file: 2026-04-30 03:07:20.000
2026-06-25 16:43:28.905   Installing the file.
2026-06-25 16:43:28.907   Successfully installed the file.
2026-06-25 16:43:28.907   -- File entry --
2026-06-25 16:43:28.907   Dest filename: C:\Program Files\SamaHesab\System.IO.FileSystem.Primitives.dll
2026-06-25 16:43:28.907   Time stamp of our file: 2026-04-30 03:02:38.000
2026-06-25 16:43:28.907   Dest file exists.
2026-06-25 16:43:28.907   Time stamp of existing file: 2026-04-30 03:02:38.000
2026-06-25 16:43:28.907   Installing the file.
2026-06-25 16:43:28.908   Successfully installed the file.
2026-06-25 16:43:28.908   -- File entry --
2026-06-25 16:43:28.908   Dest filename: C:\Program Files\SamaHesab\System.IO.FileSystem.Watcher.dll
2026-06-25 16:43:28.908   Time stamp of our file: 2026-04-30 03:07:22.000
2026-06-25 16:43:28.908   Dest file exists.
2026-06-25 16:43:28.908   Time stamp of existing file: 2026-04-30 03:07:22.000
2026-06-25 16:43:28.908   Installing the file.
2026-06-25 16:43:28.911   Successfully installed the file.
2026-06-25 16:43:28.911   -- File entry --
2026-06-25 16:43:28.911   Dest filename: C:\Program Files\SamaHesab\System.IO.IsolatedStorage.dll
2026-06-25 16:43:28.912   Time stamp of our file: 2026-04-30 03:07:24.000
2026-06-25 16:43:28.912   Dest file exists.
2026-06-25 16:43:28.912   Time stamp of existing file: 2026-04-30 03:07:24.000
2026-06-25 16:43:28.912   Installing the file.
2026-06-25 16:43:28.914   Successfully installed the file.
2026-06-25 16:43:28.914   -- File entry --
2026-06-25 16:43:28.914   Dest filename: C:\Program Files\SamaHesab\System.IO.MemoryMappedFiles.dll
2026-06-25 16:43:28.914   Time stamp of our file: 2026-04-30 03:07:24.000
2026-06-25 16:43:28.914   Dest file exists.
2026-06-25 16:43:28.914   Time stamp of existing file: 2026-04-30 03:07:24.000
2026-06-25 16:43:28.914   Installing the file.
2026-06-25 16:43:28.916   Successfully installed the file.
2026-06-25 16:43:28.916   -- File entry --
2026-06-25 16:43:28.916   Dest filename: C:\Program Files\SamaHesab\System.IO.Packaging.dll
2026-06-25 16:43:28.917   Time stamp of our file: 2026-04-30 16:08:34.000
2026-06-25 16:43:28.917   Dest file exists.
2026-06-25 16:43:28.917   Time stamp of existing file: 2026-04-30 16:08:34.000
2026-06-25 16:43:28.917   Installing the file.
2026-06-25 16:43:28.924   Successfully installed the file.
2026-06-25 16:43:28.924   -- File entry --
2026-06-25 16:43:28.924   Dest filename: C:\Program Files\SamaHesab\System.IO.Pipelines.dll
2026-06-25 16:43:28.924   Time stamp of our file: 2026-04-30 03:07:26.000
2026-06-25 16:43:28.924   Dest file exists.
2026-06-25 16:43:28.924   Time stamp of existing file: 2026-04-30 03:07:26.000
2026-06-25 16:43:28.924   Installing the file.
2026-06-25 16:43:28.929   Successfully installed the file.
2026-06-25 16:43:28.929   -- File entry --
2026-06-25 16:43:28.929   Dest filename: C:\Program Files\SamaHesab\System.IO.Pipes.AccessControl.dll
2026-06-25 16:43:28.929   Time stamp of our file: 2026-04-30 03:01:00.000
2026-06-25 16:43:28.929   Dest file exists.
2026-06-25 16:43:28.929   Time stamp of existing file: 2026-04-30 03:01:00.000
2026-06-25 16:43:28.929   Installing the file.
2026-06-25 16:43:28.930   Successfully installed the file.
2026-06-25 16:43:28.930   -- File entry --
2026-06-25 16:43:28.930   Dest filename: C:\Program Files\SamaHesab\System.IO.Pipes.dll
2026-06-25 16:43:28.931   Time stamp of our file: 2026-04-30 03:07:28.000
2026-06-25 16:43:28.931   Dest file exists.
2026-06-25 16:43:28.931   Time stamp of existing file: 2026-04-30 03:07:28.000
2026-06-25 16:43:28.931   Installing the file.
2026-06-25 16:43:28.934   Successfully installed the file.
2026-06-25 16:43:28.934   -- File entry --
2026-06-25 16:43:28.934   Dest filename: C:\Program Files\SamaHesab\System.IO.UnmanagedMemoryStream.dll
2026-06-25 16:43:28.936   Time stamp of our file: 2026-04-30 03:03:24.000
2026-06-25 16:43:28.936   Dest file exists.
2026-06-25 16:43:28.936   Time stamp of existing file: 2026-04-30 03:03:24.000
2026-06-25 16:43:28.936   Installing the file.
2026-06-25 16:43:28.936   Successfully installed the file.
2026-06-25 16:43:28.937   -- File entry --
2026-06-25 16:43:28.937   Dest filename: C:\Program Files\SamaHesab\System.Linq.dll
2026-06-25 16:43:28.937   Time stamp of our file: 2026-04-30 03:07:30.000
2026-06-25 16:43:28.937   Dest file exists.
2026-06-25 16:43:28.937   Time stamp of existing file: 2026-04-30 03:07:30.000
2026-06-25 16:43:28.937   Installing the file.
2026-06-25 16:43:28.951   Successfully installed the file.
2026-06-25 16:43:28.951   -- File entry --
2026-06-25 16:43:28.951   Dest filename: C:\Program Files\SamaHesab\System.Linq.Expressions.dll
2026-06-25 16:43:28.952   Time stamp of our file: 2026-04-30 03:07:32.000
2026-06-25 16:43:28.952   Dest file exists.
2026-06-25 16:43:28.952   Time stamp of existing file: 2026-04-30 03:07:32.000
2026-06-25 16:43:28.952   Installing the file.
2026-06-25 16:43:29.014   Successfully installed the file.
2026-06-25 16:43:29.014   -- File entry --
2026-06-25 16:43:29.014   Dest filename: C:\Program Files\SamaHesab\System.Linq.Parallel.dll
2026-06-25 16:43:29.014   Time stamp of our file: 2026-04-30 03:07:34.000
2026-06-25 16:43:29.014   Dest file exists.
2026-06-25 16:43:29.014   Time stamp of existing file: 2026-04-30 03:07:34.000
2026-06-25 16:43:29.014   Installing the file.
2026-06-25 16:43:29.031   Successfully installed the file.
2026-06-25 16:43:29.031   -- File entry --
2026-06-25 16:43:29.031   Dest filename: C:\Program Files\SamaHesab\System.Linq.Queryable.dll
2026-06-25 16:43:29.031   Time stamp of our file: 2026-04-30 03:07:36.000
2026-06-25 16:43:29.031   Dest file exists.
2026-06-25 16:43:29.031   Time stamp of existing file: 2026-04-30 03:07:36.000
2026-06-25 16:43:29.031   Installing the file.
2026-06-25 16:43:29.035   Successfully installed the file.
2026-06-25 16:43:29.035   -- File entry --
2026-06-25 16:43:29.035   Dest filename: C:\Program Files\SamaHesab\System.Management.dll
2026-06-25 16:43:29.035   Time stamp of our file: 2024-10-29 06:09:12.000
2026-06-25 16:43:29.035   Dest file exists.
2026-06-25 16:43:29.035   Time stamp of existing file: 2024-10-29 06:09:12.000
2026-06-25 16:43:29.035   Installing the file.
2026-06-25 16:43:29.042   Successfully installed the file.
2026-06-25 16:43:29.042   -- File entry --
2026-06-25 16:43:29.042   Dest filename: C:\Program Files\SamaHesab\System.Memory.Data.dll
2026-06-25 16:43:29.042   Time stamp of our file: 2021-04-08 20:15:54.000
2026-06-25 16:43:29.042   Dest file exists.
2026-06-25 16:43:29.042   Time stamp of existing file: 2021-04-08 20:15:54.000
2026-06-25 16:43:29.042   Installing the file.
2026-06-25 16:43:29.043   Successfully installed the file.
2026-06-25 16:43:29.043   -- File entry --
2026-06-25 16:43:29.043   Dest filename: C:\Program Files\SamaHesab\System.Memory.dll
2026-06-25 16:43:29.043   Time stamp of our file: 2026-04-30 03:07:38.000
2026-06-25 16:43:29.043   Dest file exists.
2026-06-25 16:43:29.043   Time stamp of existing file: 2026-04-30 03:07:38.000
2026-06-25 16:43:29.043   Installing the file.
2026-06-25 16:43:29.047   Successfully installed the file.
2026-06-25 16:43:29.047   -- File entry --
2026-06-25 16:43:29.049   Dest filename: C:\Program Files\SamaHesab\System.Net.dll
2026-06-25 16:43:29.049   Time stamp of our file: 2026-04-30 03:03:30.000
2026-06-25 16:43:29.049   Dest file exists.
2026-06-25 16:43:29.049   Time stamp of existing file: 2026-04-30 03:03:30.000
2026-06-25 16:43:29.049   Installing the file.
2026-06-25 16:43:29.049   Successfully installed the file.
2026-06-25 16:43:29.049   -- File entry --
2026-06-25 16:43:29.049   Dest filename: C:\Program Files\SamaHesab\System.Net.Http.dll
2026-06-25 16:43:29.049   Time stamp of our file: 2026-04-30 03:07:40.000
2026-06-25 16:43:29.049   Dest file exists.
2026-06-25 16:43:29.049   Time stamp of existing file: 2026-04-30 03:07:40.000
2026-06-25 16:43:29.049   Installing the file.
2026-06-25 16:43:29.090   Successfully installed the file.
2026-06-25 16:43:29.090   -- File entry --
2026-06-25 16:43:29.090   Dest filename: C:\Program Files\SamaHesab\System.Net.Http.Json.dll
2026-06-25 16:43:29.090   Time stamp of our file: 2026-04-30 03:07:40.000
2026-06-25 16:43:29.090   Dest file exists.
2026-06-25 16:43:29.090   Time stamp of existing file: 2026-04-30 03:07:40.000
2026-06-25 16:43:29.090   Installing the file.
2026-06-25 16:43:29.094   Successfully installed the file.
2026-06-25 16:43:29.094   -- File entry --
2026-06-25 16:43:29.094   Dest filename: C:\Program Files\SamaHesab\System.Net.HttpListener.dll
2026-06-25 16:43:29.094   Time stamp of our file: 2026-04-30 03:07:42.000
2026-06-25 16:43:29.094   Dest file exists.
2026-06-25 16:43:29.094   Time stamp of existing file: 2026-04-30 03:07:42.000
2026-06-25 16:43:29.094   Installing the file.
2026-06-25 16:43:29.107   Successfully installed the file.
2026-06-25 16:43:29.107   -- File entry --
2026-06-25 16:43:29.107   Dest filename: C:\Program Files\SamaHesab\System.Net.Mail.dll
2026-06-25 16:43:29.107   Time stamp of our file: 2026-04-30 03:07:44.000
2026-06-25 16:43:29.107   Dest file exists.
2026-06-25 16:43:29.107   Time stamp of existing file: 2026-04-30 03:07:44.000
2026-06-25 16:43:29.107   Installing the file.
2026-06-25 16:43:29.117   Successfully installed the file.
2026-06-25 16:43:29.117   -- File entry --
2026-06-25 16:43:29.117   Dest filename: C:\Program Files\SamaHesab\System.Net.NameResolution.dll
2026-06-25 16:43:29.117   Time stamp of our file: 2026-04-30 03:07:44.000
2026-06-25 16:43:29.117   Dest file exists.
2026-06-25 16:43:29.117   Time stamp of existing file: 2026-04-30 03:07:44.000
2026-06-25 16:43:29.117   Installing the file.
2026-06-25 16:43:29.121   Successfully installed the file.
2026-06-25 16:43:29.121   -- File entry --
2026-06-25 16:43:29.121   Dest filename: C:\Program Files\SamaHesab\System.Net.NetworkInformation.dll
2026-06-25 16:43:29.121   Time stamp of our file: 2026-04-30 03:07:46.000
2026-06-25 16:43:29.121   Dest file exists.
2026-06-25 16:43:29.121   Time stamp of existing file: 2026-04-30 03:07:46.000
2026-06-25 16:43:29.121   Installing the file.
2026-06-25 16:43:29.125   Successfully installed the file.
2026-06-25 16:43:29.125   -- File entry --
2026-06-25 16:43:29.125   Dest filename: C:\Program Files\SamaHesab\System.Net.Ping.dll
2026-06-25 16:43:29.125   Time stamp of our file: 2026-04-30 03:07:48.000
2026-06-25 16:43:29.125   Dest file exists.
2026-06-25 16:43:29.125   Time stamp of existing file: 2026-04-30 03:07:48.000
2026-06-25 16:43:29.125   Installing the file.
2026-06-25 16:43:29.129   Successfully installed the file.
2026-06-25 16:43:29.129   -- File entry --
2026-06-25 16:43:29.129   Dest filename: C:\Program Files\SamaHesab\System.Net.Primitives.dll
2026-06-25 16:43:29.129   Time stamp of our file: 2026-04-30 03:07:48.000
2026-06-25 16:43:29.129   Dest file exists.
2026-06-25 16:43:29.129   Time stamp of existing file: 2026-04-30 03:07:48.000
2026-06-25 16:43:29.129   Installing the file.
2026-06-25 16:43:29.135   Successfully installed the file.
2026-06-25 16:43:29.135   -- File entry --
2026-06-25 16:43:29.135   Dest filename: C:\Program Files\SamaHesab\System.Net.Quic.dll
2026-06-25 16:43:29.135   Time stamp of our file: 2026-04-30 03:07:50.000
2026-06-25 16:43:29.135   Dest file exists.
2026-06-25 16:43:29.135   Time stamp of existing file: 2026-04-30 03:07:50.000
2026-06-25 16:43:29.135   Installing the file.
2026-06-25 16:43:29.143   Successfully installed the file.
2026-06-25 16:43:29.143   -- File entry --
2026-06-25 16:43:29.144   Dest filename: C:\Program Files\SamaHesab\System.Net.Requests.dll
2026-06-25 16:43:29.144   Time stamp of our file: 2026-04-30 03:07:52.000
2026-06-25 16:43:29.144   Dest file exists.
2026-06-25 16:43:29.144   Time stamp of existing file: 2026-04-30 03:07:52.000
2026-06-25 16:43:29.144   Installing the file.
2026-06-25 16:43:29.153   Successfully installed the file.
2026-06-25 16:43:29.153   -- File entry --
2026-06-25 16:43:29.153   Dest filename: C:\Program Files\SamaHesab\System.Net.Security.dll
2026-06-25 16:43:29.153   Time stamp of our file: 2026-04-30 03:07:54.000
2026-06-25 16:43:29.153   Dest file exists.
2026-06-25 16:43:29.153   Time stamp of existing file: 2026-04-30 03:07:54.000
2026-06-25 16:43:29.153   Installing the file.
2026-06-25 16:43:29.169   Successfully installed the file.
2026-06-25 16:43:29.169   -- File entry --
2026-06-25 16:43:29.169   Dest filename: C:\Program Files\SamaHesab\System.Net.ServicePoint.dll
2026-06-25 16:43:29.169   Time stamp of our file: 2026-04-30 03:02:44.000
2026-06-25 16:43:29.169   Dest file exists.
2026-06-25 16:43:29.169   Time stamp of existing file: 2026-04-30 03:02:44.000
2026-06-25 16:43:29.169   Installing the file.
2026-06-25 16:43:29.170   Successfully installed the file.
2026-06-25 16:43:29.170   -- File entry --
2026-06-25 16:43:29.170   Dest filename: C:\Program Files\SamaHesab\System.Net.Sockets.dll
2026-06-25 16:43:29.170   Time stamp of our file: 2026-04-30 03:07:56.000
2026-06-25 16:43:29.170   Dest file exists.
2026-06-25 16:43:29.170   Time stamp of existing file: 2026-04-30 03:07:56.000
2026-06-25 16:43:29.170   Installing the file.
2026-06-25 16:43:29.182   Successfully installed the file.
2026-06-25 16:43:29.182   -- File entry --
2026-06-25 16:43:29.183   Dest filename: C:\Program Files\SamaHesab\System.Net.WebClient.dll
2026-06-25 16:43:29.183   Time stamp of our file: 2026-04-30 03:07:56.000
2026-06-25 16:43:29.183   Dest file exists.
2026-06-25 16:43:29.183   Time stamp of existing file: 2026-04-30 03:07:56.000
2026-06-25 16:43:29.183   Installing the file.
2026-06-25 16:43:29.187   Successfully installed the file.
2026-06-25 16:43:29.187   -- File entry --
2026-06-25 16:43:29.187   Dest filename: C:\Program Files\SamaHesab\System.Net.WebHeaderCollection.dll
2026-06-25 16:43:29.187   Time stamp of our file: 2026-04-30 03:07:58.000
2026-06-25 16:43:29.187   Dest file exists.
2026-06-25 16:43:29.187   Time stamp of existing file: 2026-04-30 03:07:58.000
2026-06-25 16:43:29.187   Installing the file.
2026-06-25 16:43:29.189   Successfully installed the file.
2026-06-25 16:43:29.189   -- File entry --
2026-06-25 16:43:29.189   Dest filename: C:\Program Files\SamaHesab\System.Net.WebProxy.dll
2026-06-25 16:43:29.189   Time stamp of our file: 2026-04-30 03:07:58.000
2026-06-25 16:43:29.189   Dest file exists.
2026-06-25 16:43:29.189   Time stamp of existing file: 2026-04-30 03:07:58.000
2026-06-25 16:43:29.189   Installing the file.
2026-06-25 16:43:29.190   Successfully installed the file.
2026-06-25 16:43:29.190   -- File entry --
2026-06-25 16:43:29.190   Dest filename: C:\Program Files\SamaHesab\System.Net.WebSockets.Client.dll
2026-06-25 16:43:29.190   Time stamp of our file: 2026-04-30 03:08:00.000
2026-06-25 16:43:29.190   Dest file exists.
2026-06-25 16:43:29.190   Time stamp of existing file: 2026-04-30 03:08:00.000
2026-06-25 16:43:29.190   Installing the file.
2026-06-25 16:43:29.193   Successfully installed the file.
2026-06-25 16:43:29.193   -- File entry --
2026-06-25 16:43:29.193   Dest filename: C:\Program Files\SamaHesab\System.Net.WebSockets.dll
2026-06-25 16:43:29.193   Time stamp of our file: 2026-04-30 03:08:02.000
2026-06-25 16:43:29.193   Dest file exists.
2026-06-25 16:43:29.193   Time stamp of existing file: 2026-04-30 03:08:02.000
2026-06-25 16:43:29.194   Installing the file.
2026-06-25 16:43:29.200   Successfully installed the file.
2026-06-25 16:43:29.200   -- File entry --
2026-06-25 16:43:29.200   Dest filename: C:\Program Files\SamaHesab\System.Numerics.dll
2026-06-25 16:43:29.200   Time stamp of our file: 2026-04-30 03:02:46.000
2026-06-25 16:43:29.200   Dest file exists.
2026-06-25 16:43:29.200   Time stamp of existing file: 2026-04-30 03:02:46.000
2026-06-25 16:43:29.200   Installing the file.
2026-06-25 16:43:29.201   Successfully installed the file.
2026-06-25 16:43:29.201   -- File entry --
2026-06-25 16:43:29.201   Dest filename: C:\Program Files\SamaHesab\System.Numerics.Vectors.dll
2026-06-25 16:43:29.201   Time stamp of our file: 2026-04-30 03:02:10.000
2026-06-25 16:43:29.201   Dest file exists.
2026-06-25 16:43:29.201   Time stamp of existing file: 2026-04-30 03:02:10.000
2026-06-25 16:43:29.201   Installing the file.
2026-06-25 16:43:29.202   Successfully installed the file.
2026-06-25 16:43:29.202   -- File entry --
2026-06-25 16:43:29.202   Dest filename: C:\Program Files\SamaHesab\System.ObjectModel.dll
2026-06-25 16:43:29.202   Time stamp of our file: 2026-04-30 03:08:02.000
2026-06-25 16:43:29.202   Dest file exists.
2026-06-25 16:43:29.202   Time stamp of existing file: 2026-04-30 03:08:02.000
2026-06-25 16:43:29.203   Installing the file.
2026-06-25 16:43:29.204   Successfully installed the file.
2026-06-25 16:43:29.204   -- File entry --
2026-06-25 16:43:29.204   Dest filename: C:\Program Files\SamaHesab\System.Printing.dll
2026-06-25 16:43:29.204   Time stamp of our file: 2026-04-30 16:08:56.000
2026-06-25 16:43:29.204   Dest file exists.
2026-06-25 16:43:29.205   Time stamp of existing file: 2026-04-30 16:08:56.000
2026-06-25 16:43:29.205   Installing the file.
2026-06-25 16:43:29.227   Successfully installed the file.
2026-06-25 16:43:29.227   -- File entry --
2026-06-25 16:43:29.227   Dest filename: C:\Program Files\SamaHesab\System.Private.CoreLib.dll
2026-06-25 16:43:29.227   Time stamp of our file: 2026-04-30 02:56:00.000
2026-06-25 16:43:29.227   Dest file exists.
2026-06-25 16:43:29.227   Time stamp of existing file: 2026-04-30 02:56:00.000
2026-06-25 16:43:29.227   Installing the file.
2026-06-25 16:43:29.528   Successfully installed the file.
2026-06-25 16:43:29.528   -- File entry --
2026-06-25 16:43:29.528   Dest filename: C:\Program Files\SamaHesab\System.Private.DataContractSerialization.dll
2026-06-25 16:43:29.529   Time stamp of our file: 2026-04-30 03:08:04.000
2026-06-25 16:43:29.529   Dest file exists.
2026-06-25 16:43:29.529   Time stamp of existing file: 2026-04-30 03:08:04.000
2026-06-25 16:43:29.529   Installing the file.
2026-06-25 16:43:29.573   Successfully installed the file.
2026-06-25 16:43:29.573   -- File entry --
2026-06-25 16:43:29.573   Dest filename: C:\Program Files\SamaHesab\System.Private.Uri.dll
2026-06-25 16:43:29.573   Time stamp of our file: 2026-04-30 03:08:06.000
2026-06-25 16:43:29.573   Dest file exists.
2026-06-25 16:43:29.573   Time stamp of existing file: 2026-04-30 03:08:06.000
2026-06-25 16:43:29.573   Installing the file.
2026-06-25 16:43:29.579   Successfully installed the file.
2026-06-25 16:43:29.580   -- File entry --
2026-06-25 16:43:29.580   Dest filename: C:\Program Files\SamaHesab\System.Private.Windows.Core.dll
2026-06-25 16:43:29.580   Time stamp of our file: 2026-04-30 16:08:36.000
2026-06-25 16:43:29.580   Dest file exists.
2026-06-25 16:43:29.580   Time stamp of existing file: 2026-04-30 16:08:36.000
2026-06-25 16:43:29.580   Installing the file.
2026-06-25 16:43:29.601   Successfully installed the file.
2026-06-25 16:43:29.601   -- File entry --
2026-06-25 16:43:29.602   Dest filename: C:\Program Files\SamaHesab\System.Private.Xml.dll
2026-06-25 16:43:29.602   Time stamp of our file: 2026-04-30 03:08:10.000
2026-06-25 16:43:29.602   Dest file exists.
2026-06-25 16:43:29.602   Time stamp of existing file: 2026-04-30 03:08:10.000
2026-06-25 16:43:29.602   Installing the file.
2026-06-25 16:43:29.773   Successfully installed the file.
2026-06-25 16:43:29.773   -- File entry --
2026-06-25 16:43:29.773   Dest filename: C:\Program Files\SamaHesab\System.Private.Xml.Linq.dll
2026-06-25 16:43:29.773   Time stamp of our file: 2026-04-30 03:08:12.000
2026-06-25 16:43:29.773   Dest file exists.
2026-06-25 16:43:29.773   Time stamp of existing file: 2026-04-30 03:08:12.000
2026-06-25 16:43:29.773   Installing the file.
2026-06-25 16:43:29.782   Successfully installed the file.
2026-06-25 16:43:29.782   -- File entry --
2026-06-25 16:43:29.782   Dest filename: C:\Program Files\SamaHesab\System.Reflection.DispatchProxy.dll
2026-06-25 16:43:29.783   Time stamp of our file: 2026-04-30 03:08:14.000
2026-06-25 16:43:29.783   Dest file exists.
2026-06-25 16:43:29.783   Time stamp of existing file: 2026-04-30 03:08:14.000
2026-06-25 16:43:29.783   Installing the file.
2026-06-25 16:43:29.786   Successfully installed the file.
2026-06-25 16:43:29.786   -- File entry --
2026-06-25 16:43:29.786   Dest filename: C:\Program Files\SamaHesab\System.Reflection.dll
2026-06-25 16:43:29.786   Time stamp of our file: 2026-04-30 03:02:38.000
2026-06-25 16:43:29.786   Dest file exists.
2026-06-25 16:43:29.786   Time stamp of existing file: 2026-04-30 03:02:38.000
2026-06-25 16:43:29.786   Installing the file.
2026-06-25 16:43:29.787   Successfully installed the file.
2026-06-25 16:43:29.787   -- File entry --
2026-06-25 16:43:29.787   Dest filename: C:\Program Files\SamaHesab\System.Reflection.Emit.dll
2026-06-25 16:43:29.787   Time stamp of our file: 2026-04-30 03:08:14.000
2026-06-25 16:43:29.787   Dest file exists.
2026-06-25 16:43:29.787   Time stamp of existing file: 2026-04-30 03:08:14.000
2026-06-25 16:43:29.787   Installing the file.
2026-06-25 16:43:29.794   Successfully installed the file.
2026-06-25 16:43:29.795   -- File entry --
2026-06-25 16:43:29.795   Dest filename: C:\Program Files\SamaHesab\System.Reflection.Emit.ILGeneration.dll
2026-06-25 16:43:29.795   Time stamp of our file: 2026-04-30 03:02:12.000
2026-06-25 16:43:29.795   Dest file exists.
2026-06-25 16:43:29.795   Time stamp of existing file: 2026-04-30 03:02:12.000
2026-06-25 16:43:29.795   Installing the file.
2026-06-25 16:43:29.796   Successfully installed the file.
2026-06-25 16:43:29.796   -- File entry --
2026-06-25 16:43:29.796   Dest filename: C:\Program Files\SamaHesab\System.Reflection.Emit.Lightweight.dll
2026-06-25 16:43:29.796   Time stamp of our file: 2026-04-30 03:02:32.000
2026-06-25 16:43:29.796   Dest file exists.
2026-06-25 16:43:29.796   Time stamp of existing file: 2026-04-30 03:02:32.000
2026-06-25 16:43:29.796   Installing the file.
2026-06-25 16:43:29.797   Successfully installed the file.
2026-06-25 16:43:29.797   -- File entry --
2026-06-25 16:43:29.797   Dest filename: C:\Program Files\SamaHesab\System.Reflection.Extensions.dll
2026-06-25 16:43:29.797   Time stamp of our file: 2026-04-30 03:02:46.000
2026-06-25 16:43:29.797   Dest file exists.
2026-06-25 16:43:29.797   Time stamp of existing file: 2026-04-30 03:02:46.000
2026-06-25 16:43:29.797   Installing the file.
2026-06-25 16:43:29.798   Successfully installed the file.
2026-06-25 16:43:29.798   -- File entry --
2026-06-25 16:43:29.798   Dest filename: C:\Program Files\SamaHesab\System.Reflection.Metadata.dll
2026-06-25 16:43:29.798   Time stamp of our file: 2026-04-30 03:08:16.000
2026-06-25 16:43:29.798   Dest file exists.
2026-06-25 16:43:29.798   Time stamp of existing file: 2026-04-30 03:08:16.000
2026-06-25 16:43:29.798   Installing the file.
2026-06-25 16:43:29.823   Successfully installed the file.
2026-06-25 16:43:29.823   -- File entry --
2026-06-25 16:43:29.823   Dest filename: C:\Program Files\SamaHesab\System.Reflection.Primitives.dll
2026-06-25 16:43:29.823   Time stamp of our file: 2026-04-30 03:02:44.000
2026-06-25 16:43:29.823   Dest file exists.
2026-06-25 16:43:29.823   Time stamp of existing file: 2026-04-30 03:02:44.000
2026-06-25 16:43:29.823   Installing the file.
2026-06-25 16:43:29.824   Successfully installed the file.
2026-06-25 16:43:29.824   -- File entry --
2026-06-25 16:43:29.824   Dest filename: C:\Program Files\SamaHesab\System.Reflection.TypeExtensions.dll
2026-06-25 16:43:29.825   Time stamp of our file: 2026-04-30 03:08:18.000
2026-06-25 16:43:29.825   Dest file exists.
2026-06-25 16:43:29.825   Time stamp of existing file: 2026-04-30 03:08:18.000
2026-06-25 16:43:29.825   Installing the file.
2026-06-25 16:43:29.827   Successfully installed the file.
2026-06-25 16:43:29.827   -- File entry --
2026-06-25 16:43:29.827   Dest filename: C:\Program Files\SamaHesab\System.Resources.Extensions.dll
2026-06-25 16:43:29.827   Time stamp of our file: 2026-04-30 16:08:34.000
2026-06-25 16:43:29.827   Dest file exists.
2026-06-25 16:43:29.827   Time stamp of existing file: 2026-04-30 16:08:34.000
2026-06-25 16:43:29.827   Installing the file.
2026-06-25 16:43:29.830   Successfully installed the file.
2026-06-25 16:43:29.830   -- File entry --
2026-06-25 16:43:29.830   Dest filename: C:\Program Files\SamaHesab\System.Resources.Reader.dll
2026-06-25 16:43:29.832   Time stamp of our file: 2026-04-30 03:02:38.000
2026-06-25 16:43:29.832   Dest file exists.
2026-06-25 16:43:29.832   Time stamp of existing file: 2026-04-30 03:02:38.000
2026-06-25 16:43:29.832   Installing the file.
2026-06-25 16:43:29.832   Successfully installed the file.
2026-06-25 16:43:29.832   -- File entry --
2026-06-25 16:43:29.832   Dest filename: C:\Program Files\SamaHesab\System.Resources.ResourceManager.dll
2026-06-25 16:43:29.832   Time stamp of our file: 2026-04-30 03:02:40.000
2026-06-25 16:43:29.832   Dest file exists.
2026-06-25 16:43:29.832   Time stamp of existing file: 2026-04-30 03:02:40.000
2026-06-25 16:43:29.832   Installing the file.
2026-06-25 16:43:29.833   Successfully installed the file.
2026-06-25 16:43:29.833   -- File entry --
2026-06-25 16:43:29.833   Dest filename: C:\Program Files\SamaHesab\System.Resources.Writer.dll
2026-06-25 16:43:29.833   Time stamp of our file: 2026-04-30 03:08:20.000
2026-06-25 16:43:29.833   Dest file exists.
2026-06-25 16:43:29.833   Time stamp of existing file: 2026-04-30 03:08:20.000
2026-06-25 16:43:29.833   Installing the file.
2026-06-25 16:43:29.834   Successfully installed the file.
2026-06-25 16:43:29.834   -- File entry --
2026-06-25 16:43:29.834   Dest filename: C:\Program Files\SamaHesab\System.Runtime.Caching.dll
2026-06-25 16:43:29.836   Time stamp of our file: 2023-10-31 18:30:12.000
2026-06-25 16:43:29.836   Dest file exists.
2026-06-25 16:43:29.836   Time stamp of existing file: 2023-10-31 18:30:12.000
2026-06-25 16:43:29.836   Installing the file.
2026-06-25 16:43:29.838   Successfully installed the file.
2026-06-25 16:43:29.838   -- File entry --
2026-06-25 16:43:29.838   Dest filename: C:\Program Files\SamaHesab\System.Runtime.CompilerServices.Unsafe.dll
2026-06-25 16:43:29.838   Time stamp of our file: 2026-04-30 03:02:40.000
2026-06-25 16:43:29.838   Dest file exists.
2026-06-25 16:43:29.838   Time stamp of existing file: 2026-04-30 03:02:40.000
2026-06-25 16:43:29.838   Installing the file.
2026-06-25 16:43:29.839   Successfully installed the file.
2026-06-25 16:43:29.839   -- File entry --
2026-06-25 16:43:29.839   Dest filename: C:\Program Files\SamaHesab\System.Runtime.CompilerServices.VisualC.dll
2026-06-25 16:43:29.839   Time stamp of our file: 2026-04-30 03:08:20.000
2026-06-25 16:43:29.839   Dest file exists.
2026-06-25 16:43:29.839   Time stamp of existing file: 2026-04-30 03:08:20.000
2026-06-25 16:43:29.839   Installing the file.
2026-06-25 16:43:29.840   Successfully installed the file.
2026-06-25 16:43:29.840   -- File entry --
2026-06-25 16:43:29.840   Dest filename: C:\Program Files\SamaHesab\System.Runtime.dll
2026-06-25 16:43:29.840   Time stamp of our file: 2026-04-30 03:02:30.000
2026-06-25 16:43:29.840   Dest file exists.
2026-06-25 16:43:29.840   Time stamp of existing file: 2026-04-30 03:02:30.000
2026-06-25 16:43:29.840   Installing the file.
2026-06-25 16:43:29.841   Successfully installed the file.
2026-06-25 16:43:29.841   -- File entry --
2026-06-25 16:43:29.841   Dest filename: C:\Program Files\SamaHesab\System.Runtime.Extensions.dll
2026-06-25 16:43:29.841   Time stamp of our file: 2026-04-30 03:02:48.000
2026-06-25 16:43:29.841   Dest file exists.
2026-06-25 16:43:29.841   Time stamp of existing file: 2026-04-30 03:02:48.000
2026-06-25 16:43:29.841   Installing the file.
2026-06-25 16:43:29.843   Successfully installed the file.
2026-06-25 16:43:29.843   -- File entry --
2026-06-25 16:43:29.843   Dest filename: C:\Program Files\SamaHesab\System.Runtime.Handles.dll
2026-06-25 16:43:29.844   Time stamp of our file: 2026-04-30 03:02:38.000
2026-06-25 16:43:29.844   Dest file exists.
2026-06-25 16:43:29.844   Time stamp of existing file: 2026-04-30 03:02:38.000
2026-06-25 16:43:29.844   Installing the file.
2026-06-25 16:43:29.845   Successfully installed the file.
2026-06-25 16:43:29.845   -- File entry --
2026-06-25 16:43:29.845   Dest filename: C:\Program Files\SamaHesab\System.Runtime.InteropServices.dll
2026-06-25 16:43:29.845   Time stamp of our file: 2026-04-30 03:08:22.000
2026-06-25 16:43:29.845   Dest file exists.
2026-06-25 16:43:29.845   Time stamp of existing file: 2026-04-30 03:08:22.000
2026-06-25 16:43:29.845   Installing the file.
2026-06-25 16:43:29.848   Successfully installed the file.
2026-06-25 16:43:29.848   -- File entry --
2026-06-25 16:43:29.848   Dest filename: C:\Program Files\SamaHesab\System.Runtime.InteropServices.JavaScript.dll
2026-06-25 16:43:29.848   Time stamp of our file: 2026-04-30 03:08:22.000
2026-06-25 16:43:29.848   Dest file exists.
2026-06-25 16:43:29.848   Time stamp of existing file: 2026-04-30 03:08:22.000
2026-06-25 16:43:29.848   Installing the file.
2026-06-25 16:43:29.849   Successfully installed the file.
2026-06-25 16:43:29.850   -- File entry --
2026-06-25 16:43:29.850   Dest filename: C:\Program Files\SamaHesab\System.Runtime.InteropServices.RuntimeInformation.dll
2026-06-25 16:43:29.850   Time stamp of our file: 2026-04-30 03:02:40.000
2026-06-25 16:43:29.850   Dest file exists.
2026-06-25 16:43:29.850   Time stamp of existing file: 2026-04-30 03:02:40.000
2026-06-25 16:43:29.850   Installing the file.
2026-06-25 16:43:29.850   Successfully installed the file.
2026-06-25 16:43:29.850   -- File entry --
2026-06-25 16:43:29.850   Dest filename: C:\Program Files\SamaHesab\System.Runtime.Intrinsics.dll
2026-06-25 16:43:29.851   Time stamp of our file: 2026-04-30 03:02:22.000
2026-06-25 16:43:29.851   Dest file exists.
2026-06-25 16:43:29.851   Time stamp of existing file: 2026-04-30 03:02:22.000
2026-06-25 16:43:29.851   Installing the file.
2026-06-25 16:43:29.851   Successfully installed the file.
2026-06-25 16:43:29.851   -- File entry --
2026-06-25 16:43:29.851   Dest filename: C:\Program Files\SamaHesab\System.Runtime.Loader.dll
2026-06-25 16:43:29.851   Time stamp of our file: 2026-04-30 03:02:46.000
2026-06-25 16:43:29.851   Dest file exists.
2026-06-25 16:43:29.851   Time stamp of existing file: 2026-04-30 03:02:46.000
2026-06-25 16:43:29.851   Installing the file.
2026-06-25 16:43:29.852   Successfully installed the file.
2026-06-25 16:43:29.852   -- File entry --
2026-06-25 16:43:29.852   Dest filename: C:\Program Files\SamaHesab\System.Runtime.Numerics.dll
2026-06-25 16:43:29.852   Time stamp of our file: 2026-04-30 03:08:24.000
2026-06-25 16:43:29.852   Dest file exists.
2026-06-25 16:43:29.852   Time stamp of existing file: 2026-04-30 03:08:24.000
2026-06-25 16:43:29.852   Installing the file.
2026-06-25 16:43:29.861   Successfully installed the file.
2026-06-25 16:43:29.861   -- File entry --
2026-06-25 16:43:29.861   Dest filename: C:\Program Files\SamaHesab\System.Runtime.Serialization.dll
2026-06-25 16:43:29.861   Time stamp of our file: 2026-04-30 03:02:56.000
2026-06-25 16:43:29.861   Dest file exists.
2026-06-25 16:43:29.861   Time stamp of existing file: 2026-04-30 03:02:56.000
2026-06-25 16:43:29.861   Installing the file.
2026-06-25 16:43:29.862   Successfully installed the file.
2026-06-25 16:43:29.862   -- File entry --
2026-06-25 16:43:29.862   Dest filename: C:\Program Files\SamaHesab\System.Runtime.Serialization.Formatters.dll
2026-06-25 16:43:29.862   Time stamp of our file: 2026-04-30 03:08:26.000
2026-06-25 16:43:29.862   Dest file exists.
2026-06-25 16:43:29.862   Time stamp of existing file: 2026-04-30 03:08:26.000
2026-06-25 16:43:29.862   Installing the file.
2026-06-25 16:43:29.866   Successfully installed the file.
2026-06-25 16:43:29.866   -- File entry --
2026-06-25 16:43:29.866   Dest filename: C:\Program Files\SamaHesab\System.Runtime.Serialization.Json.dll
2026-06-25 16:43:29.867   Time stamp of our file: 2026-04-30 03:01:16.000
2026-06-25 16:43:29.867   Dest file exists.
2026-06-25 16:43:29.867   Time stamp of existing file: 2026-04-30 03:01:16.000
2026-06-25 16:43:29.867   Installing the file.
2026-06-25 16:43:29.867   Successfully installed the file.
2026-06-25 16:43:29.867   -- File entry --
2026-06-25 16:43:29.867   Dest filename: C:\Program Files\SamaHesab\System.Runtime.Serialization.Primitives.dll
2026-06-25 16:43:29.867   Time stamp of our file: 2026-04-30 03:08:26.000
2026-06-25 16:43:29.867   Dest file exists.
2026-06-25 16:43:29.867   Time stamp of existing file: 2026-04-30 03:08:26.000
2026-06-25 16:43:29.867   Installing the file.
2026-06-25 16:43:29.868   Successfully installed the file.
2026-06-25 16:43:29.869   -- File entry --
2026-06-25 16:43:29.869   Dest filename: C:\Program Files\SamaHesab\System.Runtime.Serialization.Xml.dll
2026-06-25 16:43:29.869   Time stamp of our file: 2026-04-30 03:02:04.000
2026-06-25 16:43:29.869   Dest file exists.
2026-06-25 16:43:29.869   Time stamp of existing file: 2026-04-30 03:02:04.000
2026-06-25 16:43:29.869   Installing the file.
2026-06-25 16:43:29.870   Successfully installed the file.
2026-06-25 16:43:29.870   -- File entry --
2026-06-25 16:43:29.870   Dest filename: C:\Program Files\SamaHesab\System.Security.AccessControl.dll
2026-06-25 16:43:29.870   Time stamp of our file: 2026-04-30 03:08:28.000
2026-06-25 16:43:29.870   Dest file exists.
2026-06-25 16:43:29.870   Time stamp of existing file: 2026-04-30 03:08:28.000
2026-06-25 16:43:29.870   Installing the file.
2026-06-25 16:43:29.875   Successfully installed the file.
2026-06-25 16:43:29.875   -- File entry --
2026-06-25 16:43:29.875   Dest filename: C:\Program Files\SamaHesab\System.Security.Claims.dll
2026-06-25 16:43:29.876   Time stamp of our file: 2026-04-30 03:08:30.000
2026-06-25 16:43:29.876   Dest file exists.
2026-06-25 16:43:29.876   Time stamp of existing file: 2026-04-30 03:08:30.000
2026-06-25 16:43:29.876   Installing the file.
2026-06-25 16:43:29.878   Successfully installed the file.
2026-06-25 16:43:29.878   -- File entry --
2026-06-25 16:43:29.878   Dest filename: C:\Program Files\SamaHesab\System.Security.Cryptography.Algorithms.dll
2026-06-25 16:43:29.878   Time stamp of our file: 2026-04-30 03:02:48.000
2026-06-25 16:43:29.878   Dest file exists.
2026-06-25 16:43:29.878   Time stamp of existing file: 2026-04-30 03:02:48.000
2026-06-25 16:43:29.878   Installing the file.
2026-06-25 16:43:29.880   Successfully installed the file.
2026-06-25 16:43:29.880   -- File entry --
2026-06-25 16:43:29.880   Dest filename: C:\Program Files\SamaHesab\System.Security.Cryptography.Cng.dll
2026-06-25 16:43:29.880   Time stamp of our file: 2026-04-30 03:03:06.000
2026-06-25 16:43:29.880   Dest file exists.
2026-06-25 16:43:29.880   Time stamp of existing file: 2026-04-30 03:03:06.000
2026-06-25 16:43:29.880   Installing the file.
2026-06-25 16:43:29.881   Successfully installed the file.
2026-06-25 16:43:29.881   -- File entry --
2026-06-25 16:43:29.881   Dest filename: C:\Program Files\SamaHesab\System.Security.Cryptography.Csp.dll
2026-06-25 16:43:29.882   Time stamp of our file: 2026-04-30 03:02:52.000
2026-06-25 16:43:29.882   Dest file exists.
2026-06-25 16:43:29.882   Time stamp of existing file: 2026-04-30 03:02:52.000
2026-06-25 16:43:29.882   Installing the file.
2026-06-25 16:43:29.882   Successfully installed the file.
2026-06-25 16:43:29.882   -- File entry --
2026-06-25 16:43:29.882   Dest filename: C:\Program Files\SamaHesab\System.Security.Cryptography.dll
2026-06-25 16:43:29.882   Time stamp of our file: 2026-04-30 03:08:32.000
2026-06-25 16:43:29.882   Dest file exists.
2026-06-25 16:43:29.882   Time stamp of existing file: 2026-04-30 03:08:32.000
2026-06-25 16:43:29.882   Installing the file.
2026-06-25 16:43:29.927   Successfully installed the file.
2026-06-25 16:43:29.928   -- File entry --
2026-06-25 16:43:29.928   Dest filename: C:\Program Files\SamaHesab\System.Security.Cryptography.Encoding.dll
2026-06-25 16:43:29.928   Time stamp of our file: 2026-04-30 03:02:46.000
2026-06-25 16:43:29.928   Dest file exists.
2026-06-25 16:43:29.928   Time stamp of existing file: 2026-04-30 03:02:46.000
2026-06-25 16:43:29.928   Installing the file.
2026-06-25 16:43:29.929   Successfully installed the file.
2026-06-25 16:43:29.929   -- File entry --
2026-06-25 16:43:29.929   Dest filename: C:\Program Files\SamaHesab\System.Security.Cryptography.OpenSsl.dll
2026-06-25 16:43:29.929   Time stamp of our file: 2026-04-30 03:02:52.000
2026-06-25 16:43:29.929   Dest file exists.
2026-06-25 16:43:29.929   Time stamp of existing file: 2026-04-30 03:02:52.000
2026-06-25 16:43:29.929   Installing the file.
2026-06-25 16:43:29.930   Successfully installed the file.
2026-06-25 16:43:29.930   -- File entry --
2026-06-25 16:43:29.930   Dest filename: C:\Program Files\SamaHesab\System.Security.Cryptography.Pkcs.dll
2026-06-25 16:43:29.930   Time stamp of our file: 2026-04-30 16:08:34.000
2026-06-25 16:43:29.930   Dest file exists.
2026-06-25 16:43:29.930   Time stamp of existing file: 2026-04-30 16:08:34.000
2026-06-25 16:43:29.930   Installing the file.
2026-06-25 16:43:29.946   Successfully installed the file.
2026-06-25 16:43:29.946   -- File entry --
2026-06-25 16:43:29.946   Dest filename: C:\Program Files\SamaHesab\System.Security.Cryptography.Primitives.dll
2026-06-25 16:43:29.946   Time stamp of our file: 2026-04-30 03:02:46.000
2026-06-25 16:43:29.946   Dest file exists.
2026-06-25 16:43:29.946   Time stamp of existing file: 2026-04-30 03:02:46.000
2026-06-25 16:43:29.946   Installing the file.
2026-06-25 16:43:29.947   Successfully installed the file.
2026-06-25 16:43:29.947   -- File entry --
2026-06-25 16:43:29.947   Dest filename: C:\Program Files\SamaHesab\System.Security.Cryptography.ProtectedData.dll
2026-06-25 16:43:29.947   Time stamp of our file: 2026-04-30 16:08:34.000
2026-06-25 16:43:29.947   Dest file exists.
2026-06-25 16:43:29.947   Time stamp of existing file: 2026-04-30 16:08:34.000
2026-06-25 16:43:29.947   Installing the file.
2026-06-25 16:43:29.948   Successfully installed the file.
2026-06-25 16:43:29.948   -- File entry --
2026-06-25 16:43:29.950   Dest filename: C:\Program Files\SamaHesab\System.Security.Cryptography.X509Certificates.dll
2026-06-25 16:43:29.950   Time stamp of our file: 2026-04-30 03:02:46.000
2026-06-25 16:43:29.950   Dest file exists.
2026-06-25 16:43:29.950   Time stamp of existing file: 2026-04-30 03:02:46.000
2026-06-25 16:43:29.950   Installing the file.
2026-06-25 16:43:29.950   Successfully installed the file.
2026-06-25 16:43:29.950   -- File entry --
2026-06-25 16:43:29.950   Dest filename: C:\Program Files\SamaHesab\System.Security.Cryptography.Xml.dll
2026-06-25 16:43:29.950   Time stamp of our file: 2026-04-30 16:08:34.000
2026-06-25 16:43:29.950   Dest file exists.
2026-06-25 16:43:29.950   Time stamp of existing file: 2026-04-30 16:08:34.000
2026-06-25 16:43:29.950   Installing the file.
2026-06-25 16:43:29.961   Successfully installed the file.
2026-06-25 16:43:29.961   -- File entry --
2026-06-25 16:43:29.962   Dest filename: C:\Program Files\SamaHesab\System.Security.dll
2026-06-25 16:43:29.962   Time stamp of our file: 2026-04-30 03:03:36.000
2026-06-25 16:43:29.962   Dest file exists.
2026-06-25 16:43:29.962   Time stamp of existing file: 2026-04-30 03:03:36.000
2026-06-25 16:43:29.962   Installing the file.
2026-06-25 16:43:29.962   Successfully installed the file.
2026-06-25 16:43:29.962   -- File entry --
2026-06-25 16:43:29.962   Dest filename: C:\Program Files\SamaHesab\System.Security.Permissions.dll
2026-06-25 16:43:29.962   Time stamp of our file: 2026-04-30 16:08:34.000
2026-06-25 16:43:29.962   Dest file exists.
2026-06-25 16:43:29.962   Time stamp of existing file: 2026-04-30 16:08:34.000
2026-06-25 16:43:29.963   Installing the file.
2026-06-25 16:43:29.966   Successfully installed the file.
2026-06-25 16:43:29.966   -- File entry --
2026-06-25 16:43:29.966   Dest filename: C:\Program Files\SamaHesab\System.Security.Principal.dll
2026-06-25 16:43:29.967   Time stamp of our file: 2026-04-30 03:02:40.000
2026-06-25 16:43:29.967   Dest file exists.
2026-06-25 16:43:29.967   Time stamp of existing file: 2026-04-30 03:02:40.000
2026-06-25 16:43:29.967   Installing the file.
2026-06-25 16:43:29.967   Successfully installed the file.
2026-06-25 16:43:29.967   -- File entry --
2026-06-25 16:43:29.967   Dest filename: C:\Program Files\SamaHesab\System.Security.Principal.Windows.dll
2026-06-25 16:43:29.967   Time stamp of our file: 2026-04-30 03:08:32.000
2026-06-25 16:43:29.967   Dest file exists.
2026-06-25 16:43:29.967   Time stamp of existing file: 2026-04-30 03:08:32.000
2026-06-25 16:43:29.967   Installing the file.
2026-06-25 16:43:29.971   Successfully installed the file.
2026-06-25 16:43:29.971   -- File entry --
2026-06-25 16:43:29.971   Dest filename: C:\Program Files\SamaHesab\System.Security.SecureString.dll
2026-06-25 16:43:29.973   Time stamp of our file: 2026-04-30 03:03:24.000
2026-06-25 16:43:29.973   Dest file exists.
2026-06-25 16:43:29.973   Time stamp of existing file: 2026-04-30 03:03:24.000
2026-06-25 16:43:29.973   Installing the file.
2026-06-25 16:43:29.973   Successfully installed the file.
2026-06-25 16:43:29.973   -- File entry --
2026-06-25 16:43:29.974   Dest filename: C:\Program Files\SamaHesab\System.ServiceModel.Web.dll
2026-06-25 16:43:29.974   Time stamp of our file: 2026-04-30 03:03:30.000
2026-06-25 16:43:29.974   Dest file exists.
2026-06-25 16:43:29.974   Time stamp of existing file: 2026-04-30 03:03:30.000
2026-06-25 16:43:29.974   Installing the file.
2026-06-25 16:43:29.974   Successfully installed the file.
2026-06-25 16:43:29.974   -- File entry --
2026-06-25 16:43:29.974   Dest filename: C:\Program Files\SamaHesab\System.ServiceProcess.dll
2026-06-25 16:43:29.975   Time stamp of our file: 2026-04-30 03:03:32.000
2026-06-25 16:43:29.975   Dest file exists.
2026-06-25 16:43:29.975   Time stamp of existing file: 2026-04-30 03:03:32.000
2026-06-25 16:43:29.975   Installing the file.
2026-06-25 16:43:29.976   Successfully installed the file.
2026-06-25 16:43:29.976   -- File entry --
2026-06-25 16:43:29.976   Dest filename: C:\Program Files\SamaHesab\System.Text.Encoding.CodePages.dll
2026-06-25 16:43:29.976   Time stamp of our file: 2026-04-30 03:08:34.000
2026-06-25 16:43:29.976   Dest file exists.
2026-06-25 16:43:29.976   Time stamp of existing file: 2026-04-30 03:08:34.000
2026-06-25 16:43:29.976   Installing the file.
2026-06-25 16:43:29.993   Successfully installed the file.
2026-06-25 16:43:29.993   -- File entry --
2026-06-25 16:43:29.993   Dest filename: C:\Program Files\SamaHesab\System.Text.Encoding.dll
2026-06-25 16:43:29.993   Time stamp of our file: 2026-04-30 03:02:42.000
2026-06-25 16:43:29.993   Dest file exists.
2026-06-25 16:43:29.993   Time stamp of existing file: 2026-04-30 03:02:42.000
2026-06-25 16:43:29.993   Installing the file.
2026-06-25 16:43:29.994   Successfully installed the file.
2026-06-25 16:43:29.994   -- File entry --
2026-06-25 16:43:29.994   Dest filename: C:\Program Files\SamaHesab\System.Text.Encoding.Extensions.dll
2026-06-25 16:43:29.995   Time stamp of our file: 2026-04-30 03:02:44.000
2026-06-25 16:43:29.995   Dest file exists.
2026-06-25 16:43:29.995   Time stamp of existing file: 2026-04-30 03:02:44.000
2026-06-25 16:43:29.995   Installing the file.
2026-06-25 16:43:29.995   Successfully installed the file.
2026-06-25 16:43:29.995   -- File entry --
2026-06-25 16:43:29.995   Dest filename: C:\Program Files\SamaHesab\System.Text.Encodings.Web.dll
2026-06-25 16:43:29.995   Time stamp of our file: 2026-04-30 03:08:36.000
2026-06-25 16:43:29.995   Dest file exists.
2026-06-25 16:43:29.995   Time stamp of existing file: 2026-04-30 03:08:36.000
2026-06-25 16:43:29.995   Installing the file.
2026-06-25 16:43:29.998   Successfully installed the file.
2026-06-25 16:43:29.998   -- File entry --
2026-06-25 16:43:29.998   Dest filename: C:\Program Files\SamaHesab\System.Text.Json.dll
2026-06-25 16:43:29.998   Time stamp of our file: 2026-04-30 03:08:38.000
2026-06-25 16:43:29.998   Dest file exists.
2026-06-25 16:43:29.998   Time stamp of existing file: 2026-04-30 03:08:38.000
2026-06-25 16:43:29.998   Installing the file.
2026-06-25 16:43:30.037   Successfully installed the file.
2026-06-25 16:43:30.037   -- File entry --
2026-06-25 16:43:30.037   Dest filename: C:\Program Files\SamaHesab\System.Text.RegularExpressions.dll
2026-06-25 16:43:30.037   Time stamp of our file: 2026-04-30 03:08:40.000
2026-06-25 16:43:30.037   Dest file exists.
2026-06-25 16:43:30.037   Time stamp of existing file: 2026-04-30 03:08:40.000
2026-06-25 16:43:30.037   Installing the file.
2026-06-25 16:43:30.063   Successfully installed the file.
2026-06-25 16:43:30.063   -- File entry --
2026-06-25 16:43:30.063   Dest filename: C:\Program Files\SamaHesab\System.Threading.AccessControl.dll
2026-06-25 16:43:30.063   Time stamp of our file: 2026-04-30 16:08:36.000
2026-06-25 16:43:30.063   Dest file exists.
2026-06-25 16:43:30.063   Time stamp of existing file: 2026-04-30 16:08:36.000
2026-06-25 16:43:30.063   Installing the file.
2026-06-25 16:43:30.066   Successfully installed the file.
2026-06-25 16:43:30.066   -- File entry --
2026-06-25 16:43:30.066   Dest filename: C:\Program Files\SamaHesab\System.Threading.Channels.dll
2026-06-25 16:43:30.066   Time stamp of our file: 2026-04-30 03:08:40.000
2026-06-25 16:43:30.066   Dest file exists.
2026-06-25 16:43:30.066   Time stamp of existing file: 2026-04-30 03:08:40.000
2026-06-25 16:43:30.066   Installing the file.
2026-06-25 16:43:30.070   Successfully installed the file.
2026-06-25 16:43:30.070   -- File entry --
2026-06-25 16:43:30.070   Dest filename: C:\Program Files\SamaHesab\System.Threading.dll
2026-06-25 16:43:30.070   Time stamp of our file: 2026-04-30 03:08:42.000
2026-06-25 16:43:30.070   Dest file exists.
2026-06-25 16:43:30.070   Time stamp of existing file: 2026-04-30 03:08:42.000
2026-06-25 16:43:30.070   Installing the file.
2026-06-25 16:43:30.072   Successfully installed the file.
2026-06-25 16:43:30.072   -- File entry --
2026-06-25 16:43:30.073   Dest filename: C:\Program Files\SamaHesab\System.Threading.Overlapped.dll
2026-06-25 16:43:30.073   Time stamp of our file: 2026-04-30 03:02:52.000
2026-06-25 16:43:30.073   Dest file exists.
2026-06-25 16:43:30.073   Time stamp of existing file: 2026-04-30 03:02:52.000
2026-06-25 16:43:30.073   Installing the file.
2026-06-25 16:43:30.074   Successfully installed the file.
2026-06-25 16:43:30.074   -- File entry --
2026-06-25 16:43:30.074   Dest filename: C:\Program Files\SamaHesab\System.Threading.Tasks.Dataflow.dll
2026-06-25 16:43:30.074   Time stamp of our file: 2026-04-30 03:08:44.000
2026-06-25 16:43:30.074   Dest file exists.
2026-06-25 16:43:30.074   Time stamp of existing file: 2026-04-30 03:08:44.000
2026-06-25 16:43:30.074   Installing the file.
2026-06-25 16:43:30.085   Successfully installed the file.
2026-06-25 16:43:30.085   -- File entry --
2026-06-25 16:43:30.085   Dest filename: C:\Program Files\SamaHesab\System.Threading.Tasks.dll
2026-06-25 16:43:30.085   Time stamp of our file: 2026-04-30 03:02:38.000
2026-06-25 16:43:30.085   Dest file exists.
2026-06-25 16:43:30.085   Time stamp of existing file: 2026-04-30 03:02:38.000
2026-06-25 16:43:30.085   Installing the file.
2026-06-25 16:43:30.086   Successfully installed the file.
2026-06-25 16:43:30.086   -- File entry --
2026-06-25 16:43:30.086   Dest filename: C:\Program Files\SamaHesab\System.Threading.Tasks.Extensions.dll
2026-06-25 16:43:30.086   Time stamp of our file: 2026-04-30 03:02:38.000
2026-06-25 16:43:30.086   Dest file exists.
2026-06-25 16:43:30.086   Time stamp of existing file: 2026-04-30 03:02:38.000
2026-06-25 16:43:30.086   Installing the file.
2026-06-25 16:43:30.088   Successfully installed the file.
2026-06-25 16:43:30.088   -- File entry --
2026-06-25 16:43:30.088   Dest filename: C:\Program Files\SamaHesab\System.Threading.Tasks.Parallel.dll
2026-06-25 16:43:30.088   Time stamp of our file: 2026-04-30 03:08:46.000
2026-06-25 16:43:30.088   Dest file exists.
2026-06-25 16:43:30.088   Time stamp of existing file: 2026-04-30 03:08:46.000
2026-06-25 16:43:30.088   Installing the file.
2026-06-25 16:43:30.092   Successfully installed the file.
2026-06-25 16:43:30.092   -- File entry --
2026-06-25 16:43:30.092   Dest filename: C:\Program Files\SamaHesab\System.Threading.Thread.dll
2026-06-25 16:43:30.092   Time stamp of our file: 2026-04-30 03:01:38.000
2026-06-25 16:43:30.092   Dest file exists.
2026-06-25 16:43:30.092   Time stamp of existing file: 2026-04-30 03:01:38.000
2026-06-25 16:43:30.092   Installing the file.
2026-06-25 16:43:30.093   Successfully installed the file.
2026-06-25 16:43:30.093   -- File entry --
2026-06-25 16:43:30.093   Dest filename: C:\Program Files\SamaHesab\System.Threading.ThreadPool.dll
2026-06-25 16:43:30.093   Time stamp of our file: 2026-04-30 03:02:52.000
2026-06-25 16:43:30.093   Dest file exists.
2026-06-25 16:43:30.093   Time stamp of existing file: 2026-04-30 03:02:52.000
2026-06-25 16:43:30.093   Installing the file.
2026-06-25 16:43:30.094   Successfully installed the file.
2026-06-25 16:43:30.094   -- File entry --
2026-06-25 16:43:30.094   Dest filename: C:\Program Files\SamaHesab\System.Threading.Timer.dll
2026-06-25 16:43:30.094   Time stamp of our file: 2026-04-30 03:02:48.000
2026-06-25 16:43:30.094   Dest file exists.
2026-06-25 16:43:30.094   Time stamp of existing file: 2026-04-30 03:02:48.000
2026-06-25 16:43:30.094   Installing the file.
2026-06-25 16:43:30.095   Successfully installed the file.
2026-06-25 16:43:30.095   -- File entry --
2026-06-25 16:43:30.095   Dest filename: C:\Program Files\SamaHesab\System.Transactions.dll
2026-06-25 16:43:30.095   Time stamp of our file: 2026-04-30 03:03:24.000
2026-06-25 16:43:30.095   Dest file exists.
2026-06-25 16:43:30.095   Time stamp of existing file: 2026-04-30 03:03:24.000
2026-06-25 16:43:30.095   Installing the file.
2026-06-25 16:43:30.096   Successfully installed the file.
2026-06-25 16:43:30.096   -- File entry --
2026-06-25 16:43:30.096   Dest filename: C:\Program Files\SamaHesab\System.Transactions.Local.dll
2026-06-25 16:43:30.096   Time stamp of our file: 2026-04-30 03:08:46.000
2026-06-25 16:43:30.096   Dest file exists.
2026-06-25 16:43:30.096   Time stamp of existing file: 2026-04-30 03:08:46.000
2026-06-25 16:43:30.096   Installing the file.
2026-06-25 16:43:30.109   Successfully installed the file.
2026-06-25 16:43:30.109   -- File entry --
2026-06-25 16:43:30.109   Dest filename: C:\Program Files\SamaHesab\System.ValueTuple.dll
2026-06-25 16:43:30.111   Time stamp of our file: 2026-04-30 03:02:42.000
2026-06-25 16:43:30.111   Dest file exists.
2026-06-25 16:43:30.111   Time stamp of existing file: 2026-04-30 03:02:42.000
2026-06-25 16:43:30.111   Installing the file.
2026-06-25 16:43:30.112   Successfully installed the file.
2026-06-25 16:43:30.112   -- File entry --
2026-06-25 16:43:30.112   Dest filename: C:\Program Files\SamaHesab\System.Web.dll
2026-06-25 16:43:30.112   Time stamp of our file: 2026-04-30 03:02:56.000
2026-06-25 16:43:30.112   Dest file exists.
2026-06-25 16:43:30.112   Time stamp of existing file: 2026-04-30 03:02:56.000
2026-06-25 16:43:30.112   Installing the file.
2026-06-25 16:43:30.113   Successfully installed the file.
2026-06-25 16:43:30.113   -- File entry --
2026-06-25 16:43:30.113   Dest filename: C:\Program Files\SamaHesab\System.Web.HttpUtility.dll
2026-06-25 16:43:30.113   Time stamp of our file: 2026-04-30 03:08:48.000
2026-06-25 16:43:30.113   Dest file exists.
2026-06-25 16:43:30.113   Time stamp of existing file: 2026-04-30 03:08:48.000
2026-06-25 16:43:30.113   Installing the file.
2026-06-25 16:43:30.115   Successfully installed the file.
2026-06-25 16:43:30.115   -- File entry --
2026-06-25 16:43:30.115   Dest filename: C:\Program Files\SamaHesab\System.Windows.Controls.Ribbon.dll
2026-06-25 16:43:30.115   Time stamp of our file: 2026-04-30 16:08:58.000
2026-06-25 16:43:30.115   Dest file exists.
2026-06-25 16:43:30.115   Time stamp of existing file: 2026-04-30 16:08:58.000
2026-06-25 16:43:30.115   Installing the file.
2026-06-25 16:43:30.144   Successfully installed the file.
2026-06-25 16:43:30.144   -- File entry --
2026-06-25 16:43:30.144   Dest filename: C:\Program Files\SamaHesab\System.Windows.dll
2026-06-25 16:43:30.144   Time stamp of our file: 2026-04-30 03:02:42.000
2026-06-25 16:43:30.144   Dest file exists.
2026-06-25 16:43:30.144   Time stamp of existing file: 2026-04-30 03:02:42.000
2026-06-25 16:43:30.144   Installing the file.
2026-06-25 16:43:30.145   Successfully installed the file.
2026-06-25 16:43:30.145   -- File entry --
2026-06-25 16:43:30.145   Dest filename: C:\Program Files\SamaHesab\System.Windows.Extensions.dll
2026-06-25 16:43:30.145   Time stamp of our file: 2026-04-30 16:08:36.000
2026-06-25 16:43:30.145   Dest file exists.
2026-06-25 16:43:30.145   Time stamp of existing file: 2026-04-30 16:08:36.000
2026-06-25 16:43:30.145   Installing the file.
2026-06-25 16:43:30.148   Successfully installed the file.
2026-06-25 16:43:30.148   -- File entry --
2026-06-25 16:43:30.148   Dest filename: C:\Program Files\SamaHesab\System.Windows.Forms.Design.dll
2026-06-25 16:43:30.148   Time stamp of our file: 2026-04-30 16:08:38.000
2026-06-25 16:43:30.148   Dest file exists.
2026-06-25 16:43:30.148   Time stamp of existing file: 2026-04-30 16:08:38.000
2026-06-25 16:43:30.148   Installing the file.
2026-06-25 16:43:30.254   Successfully installed the file.
2026-06-25 16:43:30.256   -- File entry --
2026-06-25 16:43:30.256   Dest filename: C:\Program Files\SamaHesab\System.Windows.Forms.Design.Editors.dll
2026-06-25 16:43:30.256   Time stamp of our file: 2026-04-30 11:01:32.000
2026-06-25 16:43:30.256   Dest file exists.
2026-06-25 16:43:30.256   Time stamp of existing file: 2026-04-30 11:01:32.000
2026-06-25 16:43:30.256   Installing the file.
2026-06-25 16:43:30.257   Successfully installed the file.
2026-06-25 16:43:30.257   -- File entry --
2026-06-25 16:43:30.257   Dest filename: C:\Program Files\SamaHesab\System.Windows.Forms.dll
2026-06-25 16:43:30.257   Time stamp of our file: 2026-04-30 16:08:44.000
2026-06-25 16:43:30.257   Dest file exists.
2026-06-25 16:43:30.257   Time stamp of existing file: 2026-04-30 16:08:44.000
2026-06-25 16:43:30.257   Installing the file.
2026-06-25 16:43:30.503   Successfully installed the file.
2026-06-25 16:43:30.503   -- File entry --
2026-06-25 16:43:30.503   Dest filename: C:\Program Files\SamaHesab\System.Windows.Forms.Primitives.dll
2026-06-25 16:43:30.504   Time stamp of our file: 2026-04-30 16:08:40.000
2026-06-25 16:43:30.504   Dest file exists.
2026-06-25 16:43:30.504   Time stamp of existing file: 2026-04-30 16:08:40.000
2026-06-25 16:43:30.504   Installing the file.
2026-06-25 16:43:30.560   Successfully installed the file.
2026-06-25 16:43:30.560   -- File entry --
2026-06-25 16:43:30.560   Dest filename: C:\Program Files\SamaHesab\System.Windows.Input.Manipulations.dll
2026-06-25 16:43:30.561   Time stamp of our file: 2026-04-30 16:08:58.000
2026-06-25 16:43:30.561   Dest file exists.
2026-06-25 16:43:30.561   Time stamp of existing file: 2026-04-30 16:08:58.000
2026-06-25 16:43:30.561   Installing the file.
2026-06-25 16:43:30.564   Successfully installed the file.
2026-06-25 16:43:30.564   -- File entry --
2026-06-25 16:43:30.564   Dest filename: C:\Program Files\SamaHesab\System.Windows.Presentation.dll
2026-06-25 16:43:30.564   Time stamp of our file: 2026-04-30 16:08:58.000
2026-06-25 16:43:30.564   Dest file exists.
2026-06-25 16:43:30.564   Time stamp of existing file: 2026-04-30 16:08:58.000
2026-06-25 16:43:30.564   Installing the file.
2026-06-25 16:43:30.565   Successfully installed the file.
2026-06-25 16:43:30.566   -- File entry --
2026-06-25 16:43:30.566   Dest filename: C:\Program Files\SamaHesab\System.Xaml.dll
2026-06-25 16:43:30.566   Time stamp of our file: 2026-04-30 16:08:58.000
2026-06-25 16:43:30.566   Dest file exists.
2026-06-25 16:43:30.566   Time stamp of existing file: 2026-04-30 16:08:58.000
2026-06-25 16:43:30.566   Installing the file.
2026-06-25 16:43:30.597   Successfully installed the file.
2026-06-25 16:43:30.597   -- File entry --
2026-06-25 16:43:30.597   Dest filename: C:\Program Files\SamaHesab\System.Xml.dll
2026-06-25 16:43:30.597   Time stamp of our file: 2026-04-30 03:02:42.000
2026-06-25 16:43:30.597   Dest file exists.
2026-06-25 16:43:30.597   Time stamp of existing file: 2026-04-30 03:02:42.000
2026-06-25 16:43:30.597   Installing the file.
2026-06-25 16:43:30.598   Successfully installed the file.
2026-06-25 16:43:30.598   -- File entry --
2026-06-25 16:43:30.598   Dest filename: C:\Program Files\SamaHesab\System.Xml.Linq.dll
2026-06-25 16:43:30.598   Time stamp of our file: 2026-04-30 03:02:58.000
2026-06-25 16:43:30.598   Dest file exists.
2026-06-25 16:43:30.598   Time stamp of existing file: 2026-04-30 03:02:58.000
2026-06-25 16:43:30.598   Installing the file.
2026-06-25 16:43:30.599   Successfully installed the file.
2026-06-25 16:43:30.599   -- File entry --
2026-06-25 16:43:30.599   Dest filename: C:\Program Files\SamaHesab\System.Xml.ReaderWriter.dll
2026-06-25 16:43:30.599   Time stamp of our file: 2026-04-30 03:02:18.000
2026-06-25 16:43:30.599   Dest file exists.
2026-06-25 16:43:30.599   Time stamp of existing file: 2026-04-30 03:02:18.000
2026-06-25 16:43:30.599   Installing the file.
2026-06-25 16:43:30.600   Successfully installed the file.
2026-06-25 16:43:30.600   -- File entry --
2026-06-25 16:43:30.600   Dest filename: C:\Program Files\SamaHesab\System.Xml.Serialization.dll
2026-06-25 16:43:30.600   Time stamp of our file: 2026-04-30 03:02:58.000
2026-06-25 16:43:30.600   Dest file exists.
2026-06-25 16:43:30.600   Time stamp of existing file: 2026-04-30 03:02:58.000
2026-06-25 16:43:30.600   Installing the file.
2026-06-25 16:43:30.600   Successfully installed the file.
2026-06-25 16:43:30.600   -- File entry --
2026-06-25 16:43:30.600   Dest filename: C:\Program Files\SamaHesab\System.Xml.XDocument.dll
2026-06-25 16:43:30.602   Time stamp of our file: 2026-04-30 03:02:58.000
2026-06-25 16:43:30.602   Dest file exists.
2026-06-25 16:43:30.602   Time stamp of existing file: 2026-04-30 03:02:58.000
2026-06-25 16:43:30.602   Installing the file.
2026-06-25 16:43:30.602   Successfully installed the file.
2026-06-25 16:43:30.602   -- File entry --
2026-06-25 16:43:30.603   Dest filename: C:\Program Files\SamaHesab\System.Xml.XmlDocument.dll
2026-06-25 16:43:30.603   Time stamp of our file: 2026-04-30 03:02:42.000
2026-06-25 16:43:30.603   Dest file exists.
2026-06-25 16:43:30.603   Time stamp of existing file: 2026-04-30 03:02:42.000
2026-06-25 16:43:30.603   Installing the file.
2026-06-25 16:43:30.604   Successfully installed the file.
2026-06-25 16:43:30.604   -- File entry --
2026-06-25 16:43:30.604   Dest filename: C:\Program Files\SamaHesab\System.Xml.XmlSerializer.dll
2026-06-25 16:43:30.604   Time stamp of our file: 2026-04-30 03:02:16.000
2026-06-25 16:43:30.604   Dest file exists.
2026-06-25 16:43:30.604   Time stamp of existing file: 2026-04-30 03:02:16.000
2026-06-25 16:43:30.604   Installing the file.
2026-06-25 16:43:30.604   Successfully installed the file.
2026-06-25 16:43:30.604   -- File entry --
2026-06-25 16:43:30.604   Dest filename: C:\Program Files\SamaHesab\System.Xml.XPath.dll
2026-06-25 16:43:30.605   Time stamp of our file: 2026-04-30 03:02:14.000
2026-06-25 16:43:30.605   Dest file exists.
2026-06-25 16:43:30.605   Time stamp of existing file: 2026-04-30 03:02:14.000
2026-06-25 16:43:30.605   Installing the file.
2026-06-25 16:43:30.605   Successfully installed the file.
2026-06-25 16:43:30.605   -- File entry --
2026-06-25 16:43:30.606   Dest filename: C:\Program Files\SamaHesab\System.Xml.XPath.XDocument.dll
2026-06-25 16:43:30.606   Time stamp of our file: 2026-04-30 03:08:50.000
2026-06-25 16:43:30.606   Dest file exists.
2026-06-25 16:43:30.606   Time stamp of existing file: 2026-04-30 03:08:50.000
2026-06-25 16:43:30.606   Installing the file.
2026-06-25 16:43:30.607   Successfully installed the file.
2026-06-25 16:43:30.607   -- File entry --
2026-06-25 16:43:30.607   Dest filename: C:\Program Files\SamaHesab\UIAutomationClient.dll
2026-06-25 16:43:30.607   Time stamp of our file: 2026-04-30 16:08:58.000
2026-06-25 16:43:30.607   Dest file exists.
2026-06-25 16:43:30.607   Time stamp of existing file: 2026-04-30 16:08:58.000
2026-06-25 16:43:30.607   Installing the file.
2026-06-25 16:43:30.617   Successfully installed the file.
2026-06-25 16:43:30.617   -- File entry --
2026-06-25 16:43:30.617   Dest filename: C:\Program Files\SamaHesab\UIAutomationClientSideProviders.dll
2026-06-25 16:43:30.617   Time stamp of our file: 2026-04-30 16:08:58.000
2026-06-25 16:43:30.617   Dest file exists.
2026-06-25 16:43:30.618   Time stamp of existing file: 2026-04-30 16:08:58.000
2026-06-25 16:43:30.618   Installing the file.
2026-06-25 16:43:30.637   Successfully installed the file.
2026-06-25 16:43:30.637   -- File entry --
2026-06-25 16:43:30.638   Dest filename: C:\Program Files\SamaHesab\UIAutomationProvider.dll
2026-06-25 16:43:30.638   Time stamp of our file: 2026-04-30 16:08:58.000
2026-06-25 16:43:30.638   Dest file exists.
2026-06-25 16:43:30.638   Time stamp of existing file: 2026-04-30 16:08:58.000
2026-06-25 16:43:30.638   Installing the file.
2026-06-25 16:43:30.639   Successfully installed the file.
2026-06-25 16:43:30.639   -- File entry --
2026-06-25 16:43:30.639   Dest filename: C:\Program Files\SamaHesab\UIAutomationTypes.dll
2026-06-25 16:43:30.640   Time stamp of our file: 2026-04-30 16:09:00.000
2026-06-25 16:43:30.640   Dest file exists.
2026-06-25 16:43:30.640   Time stamp of existing file: 2026-04-30 16:09:00.000
2026-06-25 16:43:30.640   Installing the file.
2026-06-25 16:43:30.646   Successfully installed the file.
2026-06-25 16:43:30.646   -- File entry --
2026-06-25 16:43:30.646   Dest filename: C:\Program Files\SamaHesab\vcruntime140_cor3.dll
2026-06-25 16:43:30.646   Time stamp of our file: 2026-04-03 23:09:00.000
2026-06-25 16:43:30.646   Dest file exists.
2026-06-25 16:43:30.646   Time stamp of existing file: 2026-04-03 23:09:00.000
2026-06-25 16:43:30.646   Installing the file.
2026-06-25 16:43:30.649   Successfully installed the file.
2026-06-25 16:43:30.649   -- File entry --
2026-06-25 16:43:30.650   Dest filename: C:\Program Files\SamaHesab\waiter.deps.json
2026-06-25 16:43:30.651   Time stamp of our file: 2026-06-25 16:40:10.000
2026-06-25 16:43:30.651   Dest file exists.
2026-06-25 16:43:30.651   Time stamp of existing file: 2026-06-24 18:34:00.000
2026-06-25 16:43:30.651   Installing the file.
2026-06-25 16:43:30.652   Successfully installed the file.
2026-06-25 16:43:30.652   -- File entry --
2026-06-25 16:43:30.652   Dest filename: C:\Program Files\SamaHesab\waiter.dll
2026-06-25 16:43:30.652   Time stamp of our file: 2026-06-25 16:40:10.000
2026-06-25 16:43:30.652   Dest file exists.
2026-06-25 16:43:30.652   Time stamp of existing file: 2026-06-24 18:34:00.000
2026-06-25 16:43:30.652   Installing the file.
2026-06-25 16:43:30.653   Successfully installed the file.
2026-06-25 16:43:30.653   -- File entry --
2026-06-25 16:43:30.653   Dest filename: C:\Program Files\SamaHesab\waiter.exe
2026-06-25 16:43:30.653   Time stamp of our file: 2026-06-25 16:40:10.000
2026-06-25 16:43:30.653   Dest file exists.
2026-06-25 16:43:30.653   Time stamp of existing file: 2026-06-24 18:34:00.000
2026-06-25 16:43:30.653   Installing the file.
2026-06-25 16:43:30.657   Successfully installed the file.
2026-06-25 16:43:30.657   -- File entry --
2026-06-25 16:43:30.657   Dest filename: C:\Program Files\SamaHesab\waiter.runtimeconfig.json
2026-06-25 16:43:30.658   Time stamp of our file: 2026-06-25 16:40:10.000
2026-06-25 16:43:30.658   Dest file exists.
2026-06-25 16:43:30.658   Time stamp of existing file: 2026-06-24 18:34:00.000
2026-06-25 16:43:30.658   Installing the file.
2026-06-25 16:43:30.658   Successfully installed the file.
2026-06-25 16:43:30.658   -- File entry --
2026-06-25 16:43:30.658   Dest filename: C:\Program Files\SamaHesab\warehouse.deps.json
2026-06-25 16:43:30.658   Time stamp of our file: 2026-06-25 16:40:12.000
2026-06-25 16:43:30.658   Dest file exists.
2026-06-25 16:43:30.658   Time stamp of existing file: 2026-06-24 18:34:04.000
2026-06-25 16:43:30.658   Installing the file.
2026-06-25 16:43:30.660   Successfully installed the file.
2026-06-25 16:43:30.660   -- File entry --
2026-06-25 16:43:30.661   Dest filename: C:\Program Files\SamaHesab\warehouse.dll
2026-06-25 16:43:30.661   Time stamp of our file: 2026-06-25 16:40:12.000
2026-06-25 16:43:30.661   Dest file exists.
2026-06-25 16:43:30.661   Time stamp of existing file: 2026-06-24 18:34:04.000
2026-06-25 16:43:30.661   Installing the file.
2026-06-25 16:43:30.661   Successfully installed the file.
2026-06-25 16:43:30.661   -- File entry --
2026-06-25 16:43:30.661   Dest filename: C:\Program Files\SamaHesab\warehouse.exe
2026-06-25 16:43:30.661   Time stamp of our file: 2026-06-25 16:40:12.000
2026-06-25 16:43:30.661   Dest file exists.
2026-06-25 16:43:30.661   Time stamp of existing file: 2026-06-24 18:34:04.000
2026-06-25 16:43:30.661   Installing the file.
2026-06-25 16:43:30.663   Successfully installed the file.
2026-06-25 16:43:30.663   -- File entry --
2026-06-25 16:43:30.663   Dest filename: C:\Program Files\SamaHesab\warehouse.runtimeconfig.json
2026-06-25 16:43:30.663   Time stamp of our file: 2026-06-25 16:40:12.000
2026-06-25 16:43:30.663   Dest file exists.
2026-06-25 16:43:30.663   Time stamp of existing file: 2026-06-24 18:34:04.000
2026-06-25 16:43:30.663   Installing the file.
2026-06-25 16:43:30.664   Successfully installed the file.
2026-06-25 16:43:30.664   -- File entry --
2026-06-25 16:43:30.664   Dest filename: C:\Program Files\SamaHesab\WindowsBase.dll
2026-06-25 16:43:30.664   Time stamp of our file: 2026-04-30 16:09:00.000
2026-06-25 16:43:30.664   Dest file exists.
2026-06-25 16:43:30.664   Time stamp of existing file: 2026-04-30 16:09:00.000
2026-06-25 16:43:30.664   Installing the file.
2026-06-25 16:43:30.710   Successfully installed the file.
2026-06-25 16:43:30.710   -- File entry --
2026-06-25 16:43:30.710   Dest filename: C:\Program Files\SamaHesab\wpfgfx_cor3.dll
2026-06-25 16:43:30.711   Time stamp of our file: 2026-04-30 13:28:28.000
2026-06-25 16:43:30.711   Dest file exists.
2026-06-25 16:43:30.711   Time stamp of existing file: 2026-04-30 13:28:28.000
2026-06-25 16:43:30.711   Installing the file.
2026-06-25 16:43:30.751   Successfully installed the file.
2026-06-25 16:43:30.751   -- File entry --
2026-06-25 16:43:30.751   Dest filename: C:\Program Files\SamaHesab\cs\Microsoft.VisualBasic.Forms.resources.dll
2026-06-25 16:43:30.753   Time stamp of our file: 2026-04-30 11:01:14.000
2026-06-25 16:43:30.753   Dest file exists.
2026-06-25 16:43:30.753   Time stamp of existing file: 2026-04-30 11:01:14.000
2026-06-25 16:43:30.753   Installing the file.
2026-06-25 16:43:30.753   Successfully installed the file.
2026-06-25 16:43:30.753   -- File entry --
2026-06-25 16:43:30.754   Dest filename: C:\Program Files\SamaHesab\cs\PresentationCore.resources.dll
2026-06-25 16:43:30.754   Time stamp of our file: 2026-04-30 13:28:26.000
2026-06-25 16:43:30.754   Dest file exists.
2026-06-25 16:43:30.754   Time stamp of existing file: 2026-04-30 13:28:26.000
2026-06-25 16:43:30.754   Installing the file.
2026-06-25 16:43:30.756   Successfully installed the file.
2026-06-25 16:43:30.756   -- File entry --
2026-06-25 16:43:30.756   Dest filename: C:\Program Files\SamaHesab\cs\PresentationFramework.resources.dll
2026-06-25 16:43:30.756   Time stamp of our file: 2026-04-30 13:28:50.000
2026-06-25 16:43:30.756   Dest file exists.
2026-06-25 16:43:30.756   Time stamp of existing file: 2026-04-30 13:28:50.000
2026-06-25 16:43:30.756   Installing the file.
2026-06-25 16:43:30.760   Successfully installed the file.
2026-06-25 16:43:30.760   -- File entry --
2026-06-25 16:43:30.760   Dest filename: C:\Program Files\SamaHesab\cs\PresentationUI.resources.dll
2026-06-25 16:43:30.760   Time stamp of our file: 2026-04-30 13:29:16.000
2026-06-25 16:43:30.760   Dest file exists.
2026-06-25 16:43:30.760   Time stamp of existing file: 2026-04-30 13:29:16.000
2026-06-25 16:43:30.760   Installing the file.
2026-06-25 16:43:30.762   Successfully installed the file.
2026-06-25 16:43:30.762   -- File entry --
2026-06-25 16:43:30.762   Dest filename: C:\Program Files\SamaHesab\cs\ReachFramework.resources.dll
2026-06-25 16:43:30.762   Time stamp of our file: 2026-04-30 13:28:38.000
2026-06-25 16:43:30.762   Dest file exists.
2026-06-25 16:43:30.762   Time stamp of existing file: 2026-04-30 13:28:38.000
2026-06-25 16:43:30.762   Installing the file.
2026-06-25 16:43:30.763   Successfully installed the file.
2026-06-25 16:43:30.764   -- File entry --
2026-06-25 16:43:30.764   Dest filename: C:\Program Files\SamaHesab\cs\System.Windows.Controls.Ribbon.resources.dll
2026-06-25 16:43:30.764   Time stamp of our file: 2026-04-30 13:29:38.000
2026-06-25 16:43:30.764   Dest file exists.
2026-06-25 16:43:30.764   Time stamp of existing file: 2026-04-30 13:29:38.000
2026-06-25 16:43:30.764   Installing the file.
2026-06-25 16:43:30.764   Successfully installed the file.
2026-06-25 16:43:30.764   -- File entry --
2026-06-25 16:43:30.764   Dest filename: C:\Program Files\SamaHesab\cs\System.Windows.Forms.Design.resources.dll
2026-06-25 16:43:30.766   Time stamp of our file: 2026-04-30 11:01:24.000
2026-06-25 16:43:30.766   Dest file exists.
2026-06-25 16:43:30.766   Time stamp of existing file: 2026-04-30 11:01:24.000
2026-06-25 16:43:30.766   Installing the file.
2026-06-25 16:43:30.768   Successfully installed the file.
2026-06-25 16:43:30.768   -- File entry --
2026-06-25 16:43:30.768   Dest filename: C:\Program Files\SamaHesab\cs\System.Windows.Forms.Primitives.resources.dll
2026-06-25 16:43:30.768   Time stamp of our file: 2026-04-30 11:00:38.000
2026-06-25 16:43:30.768   Dest file exists.
2026-06-25 16:43:30.768   Time stamp of existing file: 2026-04-30 11:00:38.000
2026-06-25 16:43:30.768   Installing the file.
2026-06-25 16:43:30.769   Successfully installed the file.
2026-06-25 16:43:30.769   -- File entry --
2026-06-25 16:43:30.769   Dest filename: C:\Program Files\SamaHesab\cs\System.Windows.Forms.resources.dll
2026-06-25 16:43:30.769   Time stamp of our file: 2026-04-30 11:01:10.000
2026-06-25 16:43:30.769   Dest file exists.
2026-06-25 16:43:30.769   Time stamp of existing file: 2026-04-30 11:01:10.000
2026-06-25 16:43:30.769   Installing the file.
2026-06-25 16:43:30.774   Successfully installed the file.
2026-06-25 16:43:30.774   -- File entry --
2026-06-25 16:43:30.774   Dest filename: C:\Program Files\SamaHesab\cs\System.Windows.Input.Manipulations.resources.dll
2026-06-25 16:43:30.774   Time stamp of our file: 2026-04-30 13:27:40.000
2026-06-25 16:43:30.774   Dest file exists.
2026-06-25 16:43:30.774   Time stamp of existing file: 2026-04-30 13:27:40.000
2026-06-25 16:43:30.774   Installing the file.
2026-06-25 16:43:30.775   Successfully installed the file.
2026-06-25 16:43:30.775   -- File entry --
2026-06-25 16:43:30.775   Dest filename: C:\Program Files\SamaHesab\cs\System.Xaml.resources.dll
2026-06-25 16:43:30.775   Time stamp of our file: 2026-04-30 13:27:46.000
2026-06-25 16:43:30.775   Dest file exists.
2026-06-25 16:43:30.775   Time stamp of existing file: 2026-04-30 13:27:46.000
2026-06-25 16:43:30.775   Installing the file.
2026-06-25 16:43:30.777   Successfully installed the file.
2026-06-25 16:43:30.777   -- File entry --
2026-06-25 16:43:30.777   Dest filename: C:\Program Files\SamaHesab\cs\UIAutomationClient.resources.dll
2026-06-25 16:43:30.777   Time stamp of our file: 2026-04-30 13:28:30.000
2026-06-25 16:43:30.777   Dest file exists.
2026-06-25 16:43:30.777   Time stamp of existing file: 2026-04-30 13:28:30.000
2026-06-25 16:43:30.777   Installing the file.
2026-06-25 16:43:30.778   Successfully installed the file.
2026-06-25 16:43:30.778   -- File entry --
2026-06-25 16:43:30.778   Dest filename: C:\Program Files\SamaHesab\cs\UIAutomationClientSideProviders.resources.dll
2026-06-25 16:43:30.778   Time stamp of our file: 2026-04-30 13:28:32.000
2026-06-25 16:43:30.778   Dest file exists.
2026-06-25 16:43:30.779   Time stamp of existing file: 2026-04-30 13:28:32.000
2026-06-25 16:43:30.779   Installing the file.
2026-06-25 16:43:30.779   Successfully installed the file.
2026-06-25 16:43:30.779   -- File entry --
2026-06-25 16:43:30.779   Dest filename: C:\Program Files\SamaHesab\cs\UIAutomationProvider.resources.dll
2026-06-25 16:43:30.779   Time stamp of our file: 2026-04-30 13:28:10.000
2026-06-25 16:43:30.779   Dest file exists.
2026-06-25 16:43:30.779   Time stamp of existing file: 2026-04-30 13:28:10.000
2026-06-25 16:43:30.779   Installing the file.
2026-06-25 16:43:30.781   Successfully installed the file.
2026-06-25 16:43:30.781   -- File entry --
2026-06-25 16:43:30.781   Dest filename: C:\Program Files\SamaHesab\cs\UIAutomationTypes.resources.dll
2026-06-25 16:43:30.781   Time stamp of our file: 2026-04-30 13:28:08.000
2026-06-25 16:43:30.781   Dest file exists.
2026-06-25 16:43:30.781   Time stamp of existing file: 2026-04-30 13:28:08.000
2026-06-25 16:43:30.781   Installing the file.
2026-06-25 16:43:30.782   Successfully installed the file.
2026-06-25 16:43:30.782   -- File entry --
2026-06-25 16:43:30.782   Dest filename: C:\Program Files\SamaHesab\cs\WindowsBase.resources.dll
2026-06-25 16:43:30.782   Time stamp of our file: 2026-04-30 13:28:04.000
2026-06-25 16:43:30.782   Dest file exists.
2026-06-25 16:43:30.782   Time stamp of existing file: 2026-04-30 13:28:04.000
2026-06-25 16:43:30.782   Installing the file.
2026-06-25 16:43:30.783   Successfully installed the file.
2026-06-25 16:43:30.783   -- File entry --
2026-06-25 16:43:30.783   Dest filename: C:\Program Files\SamaHesab\de\MahApps.Metro.resources.dll
2026-06-25 16:43:30.783   Time stamp of our file: 2023-07-06 13:54:10.000
2026-06-25 16:43:30.783   Dest file exists.
2026-06-25 16:43:30.783   Time stamp of existing file: 2023-07-06 13:54:10.000
2026-06-25 16:43:30.783   Installing the file.
2026-06-25 16:43:30.785   Successfully installed the file.
2026-06-25 16:43:30.785   -- File entry --
2026-06-25 16:43:30.785   Dest filename: C:\Program Files\SamaHesab\de\Microsoft.Data.SqlClient.resources.dll
2026-06-25 16:43:30.786   Time stamp of our file: 2024-08-27 22:16:52.000
2026-06-25 16:43:30.786   Dest file exists.
2026-06-25 16:43:30.786   Time stamp of existing file: 2024-08-27 22:16:52.000
2026-06-25 16:43:30.786   Installing the file.
2026-06-25 16:43:30.791   Successfully installed the file.
2026-06-25 16:43:30.791   -- File entry --
2026-06-25 16:43:30.791   Dest filename: C:\Program Files\SamaHesab\de\Microsoft.VisualBasic.Forms.resources.dll
2026-06-25 16:43:30.791   Time stamp of our file: 2026-04-30 11:01:14.000
2026-06-25 16:43:30.791   Dest file exists.
2026-06-25 16:43:30.791   Time stamp of existing file: 2026-04-30 11:01:14.000
2026-06-25 16:43:30.791   Installing the file.
2026-06-25 16:43:30.792   Successfully installed the file.
2026-06-25 16:43:30.792   -- File entry --
2026-06-25 16:43:30.792   Dest filename: C:\Program Files\SamaHesab\de\PdfSharpCore.resources.dll
2026-06-25 16:43:30.792   Time stamp of our file: 2024-07-13 19:34:32.000
2026-06-25 16:43:30.792   Dest file exists.
2026-06-25 16:43:30.792   Time stamp of existing file: 2024-07-13 19:34:32.000
2026-06-25 16:43:30.792   Installing the file.
2026-06-25 16:43:30.793   Successfully installed the file.
2026-06-25 16:43:30.793   -- File entry --
2026-06-25 16:43:30.793   Dest filename: C:\Program Files\SamaHesab\de\PresentationCore.resources.dll
2026-06-25 16:43:30.793   Time stamp of our file: 2026-04-30 13:28:26.000
2026-06-25 16:43:30.793   Dest file exists.
2026-06-25 16:43:30.793   Time stamp of existing file: 2026-04-30 13:28:26.000
2026-06-25 16:43:30.793   Installing the file.
2026-06-25 16:43:30.795   Successfully installed the file.
2026-06-25 16:43:30.795   -- File entry --
2026-06-25 16:43:30.795   Dest filename: C:\Program Files\SamaHesab\de\PresentationFramework.resources.dll
2026-06-25 16:43:30.795   Time stamp of our file: 2026-04-30 13:28:50.000
2026-06-25 16:43:30.795   Dest file exists.
2026-06-25 16:43:30.795   Time stamp of existing file: 2026-04-30 13:28:50.000
2026-06-25 16:43:30.795   Installing the file.
2026-06-25 16:43:30.798   Successfully installed the file.
2026-06-25 16:43:30.798   -- File entry --
2026-06-25 16:43:30.798   Dest filename: C:\Program Files\SamaHesab\de\PresentationUI.resources.dll
2026-06-25 16:43:30.798   Time stamp of our file: 2026-04-30 13:29:16.000
2026-06-25 16:43:30.798   Dest file exists.
2026-06-25 16:43:30.798   Time stamp of existing file: 2026-04-30 13:29:16.000
2026-06-25 16:43:30.798   Installing the file.
2026-06-25 16:43:30.800   Successfully installed the file.
2026-06-25 16:43:30.800   -- File entry --
2026-06-25 16:43:30.800   Dest filename: C:\Program Files\SamaHesab\de\ReachFramework.resources.dll
2026-06-25 16:43:30.800   Time stamp of our file: 2026-04-30 13:28:38.000
2026-06-25 16:43:30.800   Dest file exists.
2026-06-25 16:43:30.800   Time stamp of existing file: 2026-04-30 13:28:38.000
2026-06-25 16:43:30.800   Installing the file.
2026-06-25 16:43:30.801   Successfully installed the file.
2026-06-25 16:43:30.801   -- File entry --
2026-06-25 16:43:30.801   Dest filename: C:\Program Files\SamaHesab\de\System.Windows.Controls.Ribbon.resources.dll
2026-06-25 16:43:30.801   Time stamp of our file: 2026-04-30 13:29:38.000
2026-06-25 16:43:30.801   Dest file exists.
2026-06-25 16:43:30.801   Time stamp of existing file: 2026-04-30 13:29:38.000
2026-06-25 16:43:30.801   Installing the file.
2026-06-25 16:43:30.803   Successfully installed the file.
2026-06-25 16:43:30.803   -- File entry --
2026-06-25 16:43:30.803   Dest filename: C:\Program Files\SamaHesab\de\System.Windows.Forms.Design.resources.dll
2026-06-25 16:43:30.803   Time stamp of our file: 2026-04-30 11:01:24.000
2026-06-25 16:43:30.803   Dest file exists.
2026-06-25 16:43:30.803   Time stamp of existing file: 2026-04-30 11:01:24.000
2026-06-25 16:43:30.803   Installing the file.
2026-06-25 16:43:30.806   Successfully installed the file.
2026-06-25 16:43:30.806   -- File entry --
2026-06-25 16:43:30.806   Dest filename: C:\Program Files\SamaHesab\de\System.Windows.Forms.Primitives.resources.dll
2026-06-25 16:43:30.806   Time stamp of our file: 2026-04-30 11:00:38.000
2026-06-25 16:43:30.806   Dest file exists.
2026-06-25 16:43:30.806   Time stamp of existing file: 2026-04-30 11:00:38.000
2026-06-25 16:43:30.806   Installing the file.
2026-06-25 16:43:30.807   Successfully installed the file.
2026-06-25 16:43:30.807   -- File entry --
2026-06-25 16:43:30.807   Dest filename: C:\Program Files\SamaHesab\de\System.Windows.Forms.resources.dll
2026-06-25 16:43:30.807   Time stamp of our file: 2026-04-30 11:01:10.000
2026-06-25 16:43:30.807   Dest file exists.
2026-06-25 16:43:30.807   Time stamp of existing file: 2026-04-30 11:01:10.000
2026-06-25 16:43:30.807   Installing the file.
2026-06-25 16:43:30.812   Successfully installed the file.
2026-06-25 16:43:30.812   -- File entry --
2026-06-25 16:43:30.812   Dest filename: C:\Program Files\SamaHesab\de\System.Windows.Input.Manipulations.resources.dll
2026-06-25 16:43:30.813   Time stamp of our file: 2026-04-30 13:27:40.000
2026-06-25 16:43:30.813   Dest file exists.
2026-06-25 16:43:30.813   Time stamp of existing file: 2026-04-30 13:27:40.000
2026-06-25 16:43:30.813   Installing the file.
2026-06-25 16:43:30.813   Successfully installed the file.
2026-06-25 16:43:30.813   -- File entry --
2026-06-25 16:43:30.813   Dest filename: C:\Program Files\SamaHesab\de\System.Xaml.resources.dll
2026-06-25 16:43:30.813   Time stamp of our file: 2026-04-30 13:27:46.000
2026-06-25 16:43:30.813   Dest file exists.
2026-06-25 16:43:30.813   Time stamp of existing file: 2026-04-30 13:27:46.000
2026-06-25 16:43:30.813   Installing the file.
2026-06-25 16:43:30.816   Successfully installed the file.
2026-06-25 16:43:30.816   -- File entry --
2026-06-25 16:43:30.816   Dest filename: C:\Program Files\SamaHesab\de\UIAutomationClient.resources.dll
2026-06-25 16:43:30.816   Time stamp of our file: 2026-04-30 13:28:30.000
2026-06-25 16:43:30.816   Dest file exists.
2026-06-25 16:43:30.816   Time stamp of existing file: 2026-04-30 13:28:30.000
2026-06-25 16:43:30.816   Installing the file.
2026-06-25 16:43:30.817   Successfully installed the file.
2026-06-25 16:43:30.817   -- File entry --
2026-06-25 16:43:30.817   Dest filename: C:\Program Files\SamaHesab\de\UIAutomationClientSideProviders.resources.dll
2026-06-25 16:43:30.817   Time stamp of our file: 2026-04-30 13:28:32.000
2026-06-25 16:43:30.817   Dest file exists.
2026-06-25 16:43:30.817   Time stamp of existing file: 2026-04-30 13:28:32.000
2026-06-25 16:43:30.817   Installing the file.
2026-06-25 16:43:30.818   Successfully installed the file.
2026-06-25 16:43:30.818   -- File entry --
2026-06-25 16:43:30.818   Dest filename: C:\Program Files\SamaHesab\de\UIAutomationProvider.resources.dll
2026-06-25 16:43:30.819   Time stamp of our file: 2026-04-30 13:28:10.000
2026-06-25 16:43:30.819   Dest file exists.
2026-06-25 16:43:30.819   Time stamp of existing file: 2026-04-30 13:28:10.000
2026-06-25 16:43:30.819   Installing the file.
2026-06-25 16:43:30.819   Successfully installed the file.
2026-06-25 16:43:30.819   -- File entry --
2026-06-25 16:43:30.819   Dest filename: C:\Program Files\SamaHesab\de\UIAutomationTypes.resources.dll
2026-06-25 16:43:30.819   Time stamp of our file: 2026-04-30 13:28:08.000
2026-06-25 16:43:30.819   Dest file exists.
2026-06-25 16:43:30.819   Time stamp of existing file: 2026-04-30 13:28:08.000
2026-06-25 16:43:30.819   Installing the file.
2026-06-25 16:43:30.820   Successfully installed the file.
2026-06-25 16:43:30.820   -- File entry --
2026-06-25 16:43:30.820   Dest filename: C:\Program Files\SamaHesab\de\WindowsBase.resources.dll
2026-06-25 16:43:30.820   Time stamp of our file: 2026-04-30 13:28:04.000
2026-06-25 16:43:30.820   Dest file exists.
2026-06-25 16:43:30.820   Time stamp of existing file: 2026-04-30 13:28:04.000
2026-06-25 16:43:30.820   Installing the file.
2026-06-25 16:43:30.822   Successfully installed the file.
2026-06-25 16:43:30.822   -- File entry --
2026-06-25 16:43:30.822   Dest filename: C:\Program Files\SamaHesab\es\Microsoft.Data.SqlClient.resources.dll
2026-06-25 16:43:30.822   Time stamp of our file: 2024-08-27 22:16:52.000
2026-06-25 16:43:30.822   Dest file exists.
2026-06-25 16:43:30.822   Time stamp of existing file: 2024-08-27 22:16:52.000
2026-06-25 16:43:30.822   Installing the file.
2026-06-25 16:43:30.826   Successfully installed the file.
2026-06-25 16:43:30.826   -- File entry --
2026-06-25 16:43:30.826   Dest filename: C:\Program Files\SamaHesab\es\Microsoft.VisualBasic.Forms.resources.dll
2026-06-25 16:43:30.827   Time stamp of our file: 2026-04-30 11:01:14.000
2026-06-25 16:43:30.827   Dest file exists.
2026-06-25 16:43:30.827   Time stamp of existing file: 2026-04-30 11:01:14.000
2026-06-25 16:43:30.827   Installing the file.
2026-06-25 16:43:30.827   Successfully installed the file.
2026-06-25 16:43:30.827   -- File entry --
2026-06-25 16:43:30.827   Dest filename: C:\Program Files\SamaHesab\es\PresentationCore.resources.dll
2026-06-25 16:43:30.827   Time stamp of our file: 2026-04-30 13:28:26.000
2026-06-25 16:43:30.827   Dest file exists.
2026-06-25 16:43:30.827   Time stamp of existing file: 2026-04-30 13:28:26.000
2026-06-25 16:43:30.827   Installing the file.
2026-06-25 16:43:30.830   Successfully installed the file.
2026-06-25 16:43:30.830   -- File entry --
2026-06-25 16:43:30.830   Dest filename: C:\Program Files\SamaHesab\es\PresentationFramework.resources.dll
2026-06-25 16:43:30.830   Time stamp of our file: 2026-04-30 13:28:50.000
2026-06-25 16:43:30.830   Dest file exists.
2026-06-25 16:43:30.830   Time stamp of existing file: 2026-04-30 13:28:50.000
2026-06-25 16:43:30.830   Installing the file.
2026-06-25 16:43:30.833   Successfully installed the file.
2026-06-25 16:43:30.833   -- File entry --
2026-06-25 16:43:30.833   Dest filename: C:\Program Files\SamaHesab\es\PresentationUI.resources.dll
2026-06-25 16:43:30.833   Time stamp of our file: 2026-04-30 13:29:16.000
2026-06-25 16:43:30.833   Dest file exists.
2026-06-25 16:43:30.833   Time stamp of existing file: 2026-04-30 13:29:16.000
2026-06-25 16:43:30.833   Installing the file.
2026-06-25 16:43:30.834   Successfully installed the file.
2026-06-25 16:43:30.834   -- File entry --
2026-06-25 16:43:30.834   Dest filename: C:\Program Files\SamaHesab\es\ReachFramework.resources.dll
2026-06-25 16:43:30.835   Time stamp of our file: 2026-04-30 13:28:38.000
2026-06-25 16:43:30.835   Dest file exists.
2026-06-25 16:43:30.835   Time stamp of existing file: 2026-04-30 13:28:38.000
2026-06-25 16:43:30.835   Installing the file.
2026-06-25 16:43:30.835   Successfully installed the file.
2026-06-25 16:43:30.835   -- File entry --
2026-06-25 16:43:30.835   Dest filename: C:\Program Files\SamaHesab\es\System.Windows.Controls.Ribbon.resources.dll
2026-06-25 16:43:30.837   Time stamp of our file: 2026-04-30 13:29:38.000
2026-06-25 16:43:30.837   Dest file exists.
2026-06-25 16:43:30.837   Time stamp of existing file: 2026-04-30 13:29:38.000
2026-06-25 16:43:30.837   Installing the file.
2026-06-25 16:43:30.837   Successfully installed the file.
2026-06-25 16:43:30.837   -- File entry --
2026-06-25 16:43:30.837   Dest filename: C:\Program Files\SamaHesab\es\System.Windows.Forms.Design.resources.dll
2026-06-25 16:43:30.837   Time stamp of our file: 2026-04-30 11:01:24.000
2026-06-25 16:43:30.837   Dest file exists.
2026-06-25 16:43:30.837   Time stamp of existing file: 2026-04-30 11:01:24.000
2026-06-25 16:43:30.837   Installing the file.
2026-06-25 16:43:30.840   Successfully installed the file.
2026-06-25 16:43:30.840   -- File entry --
2026-06-25 16:43:30.840   Dest filename: C:\Program Files\SamaHesab\es\System.Windows.Forms.Primitives.resources.dll
2026-06-25 16:43:30.840   Time stamp of our file: 2026-04-30 11:00:38.000
2026-06-25 16:43:30.840   Dest file exists.
2026-06-25 16:43:30.840   Time stamp of existing file: 2026-04-30 11:00:38.000
2026-06-25 16:43:30.840   Installing the file.
2026-06-25 16:43:30.841   Successfully installed the file.
2026-06-25 16:43:30.841   -- File entry --
2026-06-25 16:43:30.841   Dest filename: C:\Program Files\SamaHesab\es\System.Windows.Forms.resources.dll
2026-06-25 16:43:30.841   Time stamp of our file: 2026-04-30 11:01:10.000
2026-06-25 16:43:30.841   Dest file exists.
2026-06-25 16:43:30.841   Time stamp of existing file: 2026-04-30 11:01:10.000
2026-06-25 16:43:30.841   Installing the file.
2026-06-25 16:43:30.847   Successfully installed the file.
2026-06-25 16:43:30.847   -- File entry --
2026-06-25 16:43:30.847   Dest filename: C:\Program Files\SamaHesab\es\System.Windows.Input.Manipulations.resources.dll
2026-06-25 16:43:30.847   Time stamp of our file: 2026-04-30 13:27:40.000
2026-06-25 16:43:30.847   Dest file exists.
2026-06-25 16:43:30.847   Time stamp of existing file: 2026-04-30 13:27:40.000
2026-06-25 16:43:30.847   Installing the file.
2026-06-25 16:43:30.848   Successfully installed the file.
2026-06-25 16:43:30.848   -- File entry --
2026-06-25 16:43:30.848   Dest filename: C:\Program Files\SamaHesab\es\System.Xaml.resources.dll
2026-06-25 16:43:30.848   Time stamp of our file: 2026-04-30 13:27:46.000
2026-06-25 16:43:30.848   Dest file exists.
2026-06-25 16:43:30.848   Time stamp of existing file: 2026-04-30 13:27:46.000
2026-06-25 16:43:30.848   Installing the file.
2026-06-25 16:43:30.850   Successfully installed the file.
2026-06-25 16:43:30.850   -- File entry --
2026-06-25 16:43:30.850   Dest filename: C:\Program Files\SamaHesab\es\UIAutomationClient.resources.dll
2026-06-25 16:43:30.850   Time stamp of our file: 2026-04-30 13:28:30.000
2026-06-25 16:43:30.850   Dest file exists.
2026-06-25 16:43:30.850   Time stamp of existing file: 2026-04-30 13:28:30.000
2026-06-25 16:43:30.850   Installing the file.
2026-06-25 16:43:30.851   Successfully installed the file.
2026-06-25 16:43:30.851   -- File entry --
2026-06-25 16:43:30.851   Dest filename: C:\Program Files\SamaHesab\es\UIAutomationClientSideProviders.resources.dll
2026-06-25 16:43:30.851   Time stamp of our file: 2026-04-30 13:28:32.000
2026-06-25 16:43:30.851   Dest file exists.
2026-06-25 16:43:30.851   Time stamp of existing file: 2026-04-30 13:28:32.000
2026-06-25 16:43:30.851   Installing the file.
2026-06-25 16:43:30.852   Successfully installed the file.
2026-06-25 16:43:30.852   -- File entry --
2026-06-25 16:43:30.852   Dest filename: C:\Program Files\SamaHesab\es\UIAutomationProvider.resources.dll
2026-06-25 16:43:30.852   Time stamp of our file: 2026-04-30 13:28:10.000
2026-06-25 16:43:30.852   Dest file exists.
2026-06-25 16:43:30.852   Time stamp of existing file: 2026-04-30 13:28:10.000
2026-06-25 16:43:30.852   Installing the file.
2026-06-25 16:43:30.853   Successfully installed the file.
2026-06-25 16:43:30.853   -- File entry --
2026-06-25 16:43:30.853   Dest filename: C:\Program Files\SamaHesab\es\UIAutomationTypes.resources.dll
2026-06-25 16:43:30.853   Time stamp of our file: 2026-04-30 13:28:08.000
2026-06-25 16:43:30.853   Dest file exists.
2026-06-25 16:43:30.853   Time stamp of existing file: 2026-04-30 13:28:08.000
2026-06-25 16:43:30.853   Installing the file.
2026-06-25 16:43:30.854   Successfully installed the file.
2026-06-25 16:43:30.854   -- File entry --
2026-06-25 16:43:30.854   Dest filename: C:\Program Files\SamaHesab\es\WindowsBase.resources.dll
2026-06-25 16:43:30.854   Time stamp of our file: 2026-04-30 13:28:04.000
2026-06-25 16:43:30.854   Dest file exists.
2026-06-25 16:43:30.854   Time stamp of existing file: 2026-04-30 13:28:04.000
2026-06-25 16:43:30.854   Installing the file.
2026-06-25 16:43:30.856   Successfully installed the file.
2026-06-25 16:43:30.856   -- File entry --
2026-06-25 16:43:30.856   Dest filename: C:\Program Files\SamaHesab\fr\Microsoft.Data.SqlClient.resources.dll
2026-06-25 16:43:30.856   Time stamp of our file: 2024-08-27 22:16:50.000
2026-06-25 16:43:30.856   Dest file exists.
2026-06-25 16:43:30.856   Time stamp of existing file: 2024-08-27 22:16:50.000
2026-06-25 16:43:30.856   Installing the file.
2026-06-25 16:43:30.860   Successfully installed the file.
2026-06-25 16:43:30.860   -- File entry --
2026-06-25 16:43:30.860   Dest filename: C:\Program Files\SamaHesab\fr\Microsoft.VisualBasic.Forms.resources.dll
2026-06-25 16:43:30.860   Time stamp of our file: 2026-04-30 11:01:14.000
2026-06-25 16:43:30.860   Dest file exists.
2026-06-25 16:43:30.860   Time stamp of existing file: 2026-04-30 11:01:14.000
2026-06-25 16:43:30.860   Installing the file.
2026-06-25 16:43:30.862   Successfully installed the file.
2026-06-25 16:43:30.862   -- File entry --
2026-06-25 16:43:30.862   Dest filename: C:\Program Files\SamaHesab\fr\PresentationCore.resources.dll
2026-06-25 16:43:30.862   Time stamp of our file: 2026-04-30 13:28:26.000
2026-06-25 16:43:30.862   Dest file exists.
2026-06-25 16:43:30.862   Time stamp of existing file: 2026-04-30 13:28:26.000
2026-06-25 16:43:30.862   Installing the file.
2026-06-25 16:43:30.864   Successfully installed the file.
2026-06-25 16:43:30.864   -- File entry --
2026-06-25 16:43:30.864   Dest filename: C:\Program Files\SamaHesab\fr\PresentationFramework.resources.dll
2026-06-25 16:43:30.864   Time stamp of our file: 2026-04-30 13:28:50.000
2026-06-25 16:43:30.864   Dest file exists.
2026-06-25 16:43:30.864   Time stamp of existing file: 2026-04-30 13:28:50.000
2026-06-25 16:43:30.864   Installing the file.
2026-06-25 16:43:30.868   Successfully installed the file.
2026-06-25 16:43:30.868   -- File entry --
2026-06-25 16:43:30.868   Dest filename: C:\Program Files\SamaHesab\fr\PresentationUI.resources.dll
2026-06-25 16:43:30.868   Time stamp of our file: 2026-04-30 13:29:16.000
2026-06-25 16:43:30.868   Dest file exists.
2026-06-25 16:43:30.868   Time stamp of existing file: 2026-04-30 13:29:16.000
2026-06-25 16:43:30.868   Installing the file.
2026-06-25 16:43:30.869   Successfully installed the file.
2026-06-25 16:43:30.869   -- File entry --
2026-06-25 16:43:30.869   Dest filename: C:\Program Files\SamaHesab\fr\ReachFramework.resources.dll
2026-06-25 16:43:30.869   Time stamp of our file: 2026-04-30 13:28:38.000
2026-06-25 16:43:30.869   Dest file exists.
2026-06-25 16:43:30.869   Time stamp of existing file: 2026-04-30 13:28:38.000
2026-06-25 16:43:30.869   Installing the file.
2026-06-25 16:43:30.870   Successfully installed the file.
2026-06-25 16:43:30.870   -- File entry --
2026-06-25 16:43:30.870   Dest filename: C:\Program Files\SamaHesab\fr\System.Windows.Controls.Ribbon.resources.dll
2026-06-25 16:43:30.870   Time stamp of our file: 2026-04-30 13:29:38.000
2026-06-25 16:43:30.870   Dest file exists.
2026-06-25 16:43:30.870   Time stamp of existing file: 2026-04-30 13:29:38.000
2026-06-25 16:43:30.870   Installing the file.
2026-06-25 16:43:30.872   Successfully installed the file.
2026-06-25 16:43:30.872   -- File entry --
2026-06-25 16:43:30.872   Dest filename: C:\Program Files\SamaHesab\fr\System.Windows.Forms.Design.resources.dll
2026-06-25 16:43:30.872   Time stamp of our file: 2026-04-30 11:01:24.000
2026-06-25 16:43:30.872   Dest file exists.
2026-06-25 16:43:30.872   Time stamp of existing file: 2026-04-30 11:01:24.000
2026-06-25 16:43:30.872   Installing the file.
2026-06-25 16:43:30.875   Successfully installed the file.
2026-06-25 16:43:30.875   -- File entry --
2026-06-25 16:43:30.875   Dest filename: C:\Program Files\SamaHesab\fr\System.Windows.Forms.Primitives.resources.dll
2026-06-25 16:43:30.875   Time stamp of our file: 2026-04-30 11:00:38.000
2026-06-25 16:43:30.875   Dest file exists.
2026-06-25 16:43:30.876   Time stamp of existing file: 2026-04-30 11:00:38.000
2026-06-25 16:43:30.876   Installing the file.
2026-06-25 16:43:30.876   Successfully installed the file.
2026-06-25 16:43:30.876   -- File entry --
2026-06-25 16:43:30.876   Dest filename: C:\Program Files\SamaHesab\fr\System.Windows.Forms.resources.dll
2026-06-25 16:43:30.877   Time stamp of our file: 2026-04-30 11:01:10.000
2026-06-25 16:43:30.877   Dest file exists.
2026-06-25 16:43:30.877   Time stamp of existing file: 2026-04-30 11:01:10.000
2026-06-25 16:43:30.877   Installing the file.
2026-06-25 16:43:30.882   Successfully installed the file.
2026-06-25 16:43:30.882   -- File entry --
2026-06-25 16:43:30.882   Dest filename: C:\Program Files\SamaHesab\fr\System.Windows.Input.Manipulations.resources.dll
2026-06-25 16:43:30.882   Time stamp of our file: 2026-04-30 13:27:40.000
2026-06-25 16:43:30.882   Dest file exists.
2026-06-25 16:43:30.882   Time stamp of existing file: 2026-04-30 13:27:40.000
2026-06-25 16:43:30.882   Installing the file.
2026-06-25 16:43:30.883   Successfully installed the file.
2026-06-25 16:43:30.883   -- File entry --
2026-06-25 16:43:30.883   Dest filename: C:\Program Files\SamaHesab\fr\System.Xaml.resources.dll
2026-06-25 16:43:30.883   Time stamp of our file: 2026-04-30 13:27:46.000
2026-06-25 16:43:30.883   Dest file exists.
2026-06-25 16:43:30.883   Time stamp of existing file: 2026-04-30 13:27:46.000
2026-06-25 16:43:30.883   Installing the file.
2026-06-25 16:43:30.884   Successfully installed the file.
2026-06-25 16:43:30.884   -- File entry --
2026-06-25 16:43:30.884   Dest filename: C:\Program Files\SamaHesab\fr\UIAutomationClient.resources.dll
2026-06-25 16:43:30.885   Time stamp of our file: 2026-04-30 13:28:30.000
2026-06-25 16:43:30.885   Dest file exists.
2026-06-25 16:43:30.885   Time stamp of existing file: 2026-04-30 13:28:30.000
2026-06-25 16:43:30.885   Installing the file.
2026-06-25 16:43:30.885   Successfully installed the file.
2026-06-25 16:43:30.885   -- File entry --
2026-06-25 16:43:30.885   Dest filename: C:\Program Files\SamaHesab\fr\UIAutomationClientSideProviders.resources.dll
2026-06-25 16:43:30.886   Time stamp of our file: 2026-04-30 13:28:32.000
2026-06-25 16:43:30.886   Dest file exists.
2026-06-25 16:43:30.886   Time stamp of existing file: 2026-04-30 13:28:32.000
2026-06-25 16:43:30.886   Installing the file.
2026-06-25 16:43:30.886   Successfully installed the file.
2026-06-25 16:43:30.887   -- File entry --
2026-06-25 16:43:30.887   Dest filename: C:\Program Files\SamaHesab\fr\UIAutomationProvider.resources.dll
2026-06-25 16:43:30.887   Time stamp of our file: 2026-04-30 13:28:10.000
2026-06-25 16:43:30.887   Dest file exists.
2026-06-25 16:43:30.887   Time stamp of existing file: 2026-04-30 13:28:10.000
2026-06-25 16:43:30.887   Installing the file.
2026-06-25 16:43:30.887   Successfully installed the file.
2026-06-25 16:43:30.887   -- File entry --
2026-06-25 16:43:30.887   Dest filename: C:\Program Files\SamaHesab\fr\UIAutomationTypes.resources.dll
2026-06-25 16:43:30.889   Time stamp of our file: 2026-04-30 13:28:08.000
2026-06-25 16:43:30.889   Dest file exists.
2026-06-25 16:43:30.889   Time stamp of existing file: 2026-04-30 13:28:08.000
2026-06-25 16:43:30.889   Installing the file.
2026-06-25 16:43:30.889   Successfully installed the file.
2026-06-25 16:43:30.889   -- File entry --
2026-06-25 16:43:30.890   Dest filename: C:\Program Files\SamaHesab\fr\WindowsBase.resources.dll
2026-06-25 16:43:30.890   Time stamp of our file: 2026-04-30 13:28:04.000
2026-06-25 16:43:30.890   Dest file exists.
2026-06-25 16:43:30.890   Time stamp of existing file: 2026-04-30 13:28:04.000
2026-06-25 16:43:30.890   Installing the file.
2026-06-25 16:43:30.891   Successfully installed the file.
2026-06-25 16:43:30.891   -- File entry --
2026-06-25 16:43:30.891   Dest filename: C:\Program Files\SamaHesab\it\Microsoft.Data.SqlClient.resources.dll
2026-06-25 16:43:30.891   Time stamp of our file: 2024-08-27 22:17:06.000
2026-06-25 16:43:30.891   Dest file exists.
2026-06-25 16:43:30.891   Time stamp of existing file: 2024-08-27 22:17:06.000
2026-06-25 16:43:30.891   Installing the file.
2026-06-25 16:43:30.895   Successfully installed the file.
2026-06-25 16:43:30.895   -- File entry --
2026-06-25 16:43:30.895   Dest filename: C:\Program Files\SamaHesab\it\Microsoft.VisualBasic.Forms.resources.dll
2026-06-25 16:43:30.895   Time stamp of our file: 2026-04-30 11:01:14.000
2026-06-25 16:43:30.895   Dest file exists.
2026-06-25 16:43:30.895   Time stamp of existing file: 2026-04-30 11:01:14.000
2026-06-25 16:43:30.896   Installing the file.
2026-06-25 16:43:30.896   Successfully installed the file.
2026-06-25 16:43:30.896   -- File entry --
2026-06-25 16:43:30.896   Dest filename: C:\Program Files\SamaHesab\it\PresentationCore.resources.dll
2026-06-25 16:43:30.897   Time stamp of our file: 2026-04-30 13:28:26.000
2026-06-25 16:43:30.897   Dest file exists.
2026-06-25 16:43:30.897   Time stamp of existing file: 2026-04-30 13:28:26.000
2026-06-25 16:43:30.897   Installing the file.
2026-06-25 16:43:30.898   Successfully installed the file.
2026-06-25 16:43:30.898   -- File entry --
2026-06-25 16:43:30.898   Dest filename: C:\Program Files\SamaHesab\it\PresentationFramework.resources.dll
2026-06-25 16:43:30.898   Time stamp of our file: 2026-04-30 13:28:50.000
2026-06-25 16:43:30.898   Dest file exists.
2026-06-25 16:43:30.898   Time stamp of existing file: 2026-04-30 13:28:50.000
2026-06-25 16:43:30.898   Installing the file.
2026-06-25 16:43:30.902   Successfully installed the file.
2026-06-25 16:43:30.902   -- File entry --
2026-06-25 16:43:30.902   Dest filename: C:\Program Files\SamaHesab\it\PresentationUI.resources.dll
2026-06-25 16:43:30.903   Time stamp of our file: 2026-04-30 13:29:16.000
2026-06-25 16:43:30.903   Dest file exists.
2026-06-25 16:43:30.903   Time stamp of existing file: 2026-04-30 13:29:16.000
2026-06-25 16:43:30.903   Installing the file.
2026-06-25 16:43:30.903   Successfully installed the file.
2026-06-25 16:43:30.903   -- File entry --
2026-06-25 16:43:30.903   Dest filename: C:\Program Files\SamaHesab\it\ReachFramework.resources.dll
2026-06-25 16:43:30.904   Time stamp of our file: 2026-04-30 13:28:38.000
2026-06-25 16:43:30.904   Dest file exists.
2026-06-25 16:43:30.904   Time stamp of existing file: 2026-04-30 13:28:38.000
2026-06-25 16:43:30.904   Installing the file.
2026-06-25 16:43:30.904   Successfully installed the file.
2026-06-25 16:43:30.904   -- File entry --
2026-06-25 16:43:30.904   Dest filename: C:\Program Files\SamaHesab\it\System.Windows.Controls.Ribbon.resources.dll
2026-06-25 16:43:30.906   Time stamp of our file: 2026-04-30 13:29:38.000
2026-06-25 16:43:30.906   Dest file exists.
2026-06-25 16:43:30.906   Time stamp of existing file: 2026-04-30 13:29:38.000
2026-06-25 16:43:30.906   Installing the file.
2026-06-25 16:43:30.906   Successfully installed the file.
2026-06-25 16:43:30.906   -- File entry --
2026-06-25 16:43:30.906   Dest filename: C:\Program Files\SamaHesab\it\System.Windows.Forms.Design.resources.dll
2026-06-25 16:43:30.906   Time stamp of our file: 2026-04-30 11:01:24.000
2026-06-25 16:43:30.906   Dest file exists.
2026-06-25 16:43:30.906   Time stamp of existing file: 2026-04-30 11:01:24.000
2026-06-25 16:43:30.906   Installing the file.
2026-06-25 16:43:30.909   Successfully installed the file.
2026-06-25 16:43:30.909   -- File entry --
2026-06-25 16:43:30.909   Dest filename: C:\Program Files\SamaHesab\it\System.Windows.Forms.Primitives.resources.dll
2026-06-25 16:43:30.909   Time stamp of our file: 2026-04-30 11:00:38.000
2026-06-25 16:43:30.909   Dest file exists.
2026-06-25 16:43:30.909   Time stamp of existing file: 2026-04-30 11:00:38.000
2026-06-25 16:43:30.909   Installing the file.
2026-06-25 16:43:30.910   Successfully installed the file.
2026-06-25 16:43:30.910   -- File entry --
2026-06-25 16:43:30.910   Dest filename: C:\Program Files\SamaHesab\it\System.Windows.Forms.resources.dll
2026-06-25 16:43:30.910   Time stamp of our file: 2026-04-30 11:01:10.000
2026-06-25 16:43:30.910   Dest file exists.
2026-06-25 16:43:30.910   Time stamp of existing file: 2026-04-30 11:01:10.000
2026-06-25 16:43:30.910   Installing the file.
2026-06-25 16:43:30.916   Successfully installed the file.
2026-06-25 16:43:30.916   -- File entry --
2026-06-25 16:43:30.916   Dest filename: C:\Program Files\SamaHesab\it\System.Windows.Input.Manipulations.resources.dll
2026-06-25 16:43:30.917   Time stamp of our file: 2026-04-30 13:27:40.000
2026-06-25 16:43:30.917   Dest file exists.
2026-06-25 16:43:30.917   Time stamp of existing file: 2026-04-30 13:27:40.000
2026-06-25 16:43:30.917   Installing the file.
2026-06-25 16:43:30.917   Successfully installed the file.
2026-06-25 16:43:30.917   -- File entry --
2026-06-25 16:43:30.917   Dest filename: C:\Program Files\SamaHesab\it\System.Xaml.resources.dll
2026-06-25 16:43:30.917   Time stamp of our file: 2026-04-30 13:27:46.000
2026-06-25 16:43:30.917   Dest file exists.
2026-06-25 16:43:30.918   Time stamp of existing file: 2026-04-30 13:27:46.000
2026-06-25 16:43:30.918   Installing the file.
2026-06-25 16:43:30.919   Successfully installed the file.
2026-06-25 16:43:30.919   -- File entry --
2026-06-25 16:43:30.919   Dest filename: C:\Program Files\SamaHesab\it\UIAutomationClient.resources.dll
2026-06-25 16:43:30.919   Time stamp of our file: 2026-04-30 13:28:30.000
2026-06-25 16:43:30.919   Dest file exists.
2026-06-25 16:43:30.919   Time stamp of existing file: 2026-04-30 13:28:30.000
2026-06-25 16:43:30.919   Installing the file.
2026-06-25 16:43:30.920   Successfully installed the file.
2026-06-25 16:43:30.920   -- File entry --
2026-06-25 16:43:30.920   Dest filename: C:\Program Files\SamaHesab\it\UIAutomationClientSideProviders.resources.dll
2026-06-25 16:43:30.920   Time stamp of our file: 2026-04-30 13:28:32.000
2026-06-25 16:43:30.920   Dest file exists.
2026-06-25 16:43:30.920   Time stamp of existing file: 2026-04-30 13:28:32.000
2026-06-25 16:43:30.920   Installing the file.
2026-06-25 16:43:30.921   Successfully installed the file.
2026-06-25 16:43:30.921   -- File entry --
2026-06-25 16:43:30.921   Dest filename: C:\Program Files\SamaHesab\it\UIAutomationProvider.resources.dll
2026-06-25 16:43:30.921   Time stamp of our file: 2026-04-30 13:28:10.000
2026-06-25 16:43:30.921   Dest file exists.
2026-06-25 16:43:30.921   Time stamp of existing file: 2026-04-30 13:28:10.000
2026-06-25 16:43:30.921   Installing the file.
2026-06-25 16:43:30.922   Successfully installed the file.
2026-06-25 16:43:30.922   -- File entry --
2026-06-25 16:43:30.922   Dest filename: C:\Program Files\SamaHesab\it\UIAutomationTypes.resources.dll
2026-06-25 16:43:30.922   Time stamp of our file: 2026-04-30 13:28:08.000
2026-06-25 16:43:30.922   Dest file exists.
2026-06-25 16:43:30.922   Time stamp of existing file: 2026-04-30 13:28:08.000
2026-06-25 16:43:30.922   Installing the file.
2026-06-25 16:43:30.923   Successfully installed the file.
2026-06-25 16:43:30.923   -- File entry --
2026-06-25 16:43:30.923   Dest filename: C:\Program Files\SamaHesab\it\WindowsBase.resources.dll
2026-06-25 16:43:30.923   Time stamp of our file: 2026-04-30 13:28:04.000
2026-06-25 16:43:30.923   Dest file exists.
2026-06-25 16:43:30.923   Time stamp of existing file: 2026-04-30 13:28:04.000
2026-06-25 16:43:30.923   Installing the file.
2026-06-25 16:43:30.925   Successfully installed the file.
2026-06-25 16:43:30.925   -- File entry --
2026-06-25 16:43:30.925   Dest filename: C:\Program Files\SamaHesab\ja\Microsoft.Data.SqlClient.resources.dll
2026-06-25 16:43:30.925   Time stamp of our file: 2024-08-27 22:17:06.000
2026-06-25 16:43:30.925   Dest file exists.
2026-06-25 16:43:30.925   Time stamp of existing file: 2024-08-27 22:17:06.000
2026-06-25 16:43:30.925   Installing the file.
2026-06-25 16:43:30.929   Successfully installed the file.
2026-06-25 16:43:30.930   -- File entry --
2026-06-25 16:43:30.930   Dest filename: C:\Program Files\SamaHesab\ja\Microsoft.VisualBasic.Forms.resources.dll
2026-06-25 16:43:30.930   Time stamp of our file: 2026-04-30 11:01:14.000
2026-06-25 16:43:30.930   Dest file exists.
2026-06-25 16:43:30.930   Time stamp of existing file: 2026-04-30 11:01:14.000
2026-06-25 16:43:30.930   Installing the file.
2026-06-25 16:43:30.930   Successfully installed the file.
2026-06-25 16:43:30.930   -- File entry --
2026-06-25 16:43:30.930   Dest filename: C:\Program Files\SamaHesab\ja\PresentationCore.resources.dll
2026-06-25 16:43:30.932   Time stamp of our file: 2026-04-30 13:28:26.000
2026-06-25 16:43:30.932   Dest file exists.
2026-06-25 16:43:30.932   Time stamp of existing file: 2026-04-30 13:28:26.000
2026-06-25 16:43:30.932   Installing the file.
2026-06-25 16:43:30.933   Successfully installed the file.
2026-06-25 16:43:30.933   -- File entry --
2026-06-25 16:43:30.933   Dest filename: C:\Program Files\SamaHesab\ja\PresentationFramework.resources.dll
2026-06-25 16:43:30.933   Time stamp of our file: 2026-04-30 13:28:50.000
2026-06-25 16:43:30.933   Dest file exists.
2026-06-25 16:43:30.934   Time stamp of existing file: 2026-04-30 13:28:50.000
2026-06-25 16:43:30.934   Installing the file.
2026-06-25 16:43:30.936   Successfully installed the file.
2026-06-25 16:43:30.936   -- File entry --
2026-06-25 16:43:30.936   Dest filename: C:\Program Files\SamaHesab\ja\PresentationUI.resources.dll
2026-06-25 16:43:30.936   Time stamp of our file: 2026-04-30 13:29:16.000
2026-06-25 16:43:30.936   Dest file exists.
2026-06-25 16:43:30.937   Time stamp of existing file: 2026-04-30 13:29:16.000
2026-06-25 16:43:30.937   Installing the file.
2026-06-25 16:43:30.938   Successfully installed the file.
2026-06-25 16:43:30.938   -- File entry --
2026-06-25 16:43:30.938   Dest filename: C:\Program Files\SamaHesab\ja\ReachFramework.resources.dll
2026-06-25 16:43:30.938   Time stamp of our file: 2026-04-30 13:28:38.000
2026-06-25 16:43:30.938   Dest file exists.
2026-06-25 16:43:30.938   Time stamp of existing file: 2026-04-30 13:28:38.000
2026-06-25 16:43:30.938   Installing the file.
2026-06-25 16:43:30.939   Successfully installed the file.
2026-06-25 16:43:30.939   -- File entry --
2026-06-25 16:43:30.939   Dest filename: C:\Program Files\SamaHesab\ja\System.Windows.Controls.Ribbon.resources.dll
2026-06-25 16:43:30.939   Time stamp of our file: 2026-04-30 13:29:38.000
2026-06-25 16:43:30.939   Dest file exists.
2026-06-25 16:43:30.939   Time stamp of existing file: 2026-04-30 13:29:38.000
2026-06-25 16:43:30.939   Installing the file.
2026-06-25 16:43:30.940   Successfully installed the file.
2026-06-25 16:43:30.940   -- File entry --
2026-06-25 16:43:30.940   Dest filename: C:\Program Files\SamaHesab\ja\System.Windows.Forms.Design.resources.dll
2026-06-25 16:43:30.940   Time stamp of our file: 2026-04-30 11:01:24.000
2026-06-25 16:43:30.940   Dest file exists.
2026-06-25 16:43:30.940   Time stamp of existing file: 2026-04-30 11:01:24.000
2026-06-25 16:43:30.940   Installing the file.
2026-06-25 16:43:30.943   Successfully installed the file.
2026-06-25 16:43:30.943   -- File entry --
2026-06-25 16:43:30.943   Dest filename: C:\Program Files\SamaHesab\ja\System.Windows.Forms.Primitives.resources.dll
2026-06-25 16:43:30.943   Time stamp of our file: 2026-04-30 11:00:38.000
2026-06-25 16:43:30.943   Dest file exists.
2026-06-25 16:43:30.945   Time stamp of existing file: 2026-04-30 11:00:38.000
2026-06-25 16:43:30.945   Installing the file.
2026-06-25 16:43:30.945   Successfully installed the file.
2026-06-25 16:43:30.945   -- File entry --
2026-06-25 16:43:30.945   Dest filename: C:\Program Files\SamaHesab\ja\System.Windows.Forms.resources.dll
2026-06-25 16:43:30.945   Time stamp of our file: 2026-04-30 11:01:10.000
2026-06-25 16:43:30.945   Dest file exists.
2026-06-25 16:43:30.945   Time stamp of existing file: 2026-04-30 11:01:10.000
2026-06-25 16:43:30.945   Installing the file.
2026-06-25 16:43:30.950   Successfully installed the file.
2026-06-25 16:43:30.950   -- File entry --
2026-06-25 16:43:30.950   Dest filename: C:\Program Files\SamaHesab\ja\System.Windows.Input.Manipulations.resources.dll
2026-06-25 16:43:30.950   Time stamp of our file: 2026-04-30 13:27:42.000
2026-06-25 16:43:30.950   Dest file exists.
2026-06-25 16:43:30.950   Time stamp of existing file: 2026-04-30 13:27:42.000
2026-06-25 16:43:30.950   Installing the file.
2026-06-25 16:43:30.952   Successfully installed the file.
2026-06-25 16:43:30.952   -- File entry --
2026-06-25 16:43:30.952   Dest filename: C:\Program Files\SamaHesab\ja\System.Xaml.resources.dll
2026-06-25 16:43:30.952   Time stamp of our file: 2026-04-30 13:27:46.000
2026-06-25 16:43:30.952   Dest file exists.
2026-06-25 16:43:30.952   Time stamp of existing file: 2026-04-30 13:27:46.000
2026-06-25 16:43:30.952   Installing the file.
2026-06-25 16:43:30.954   Successfully installed the file.
2026-06-25 16:43:30.954   -- File entry --
2026-06-25 16:43:30.954   Dest filename: C:\Program Files\SamaHesab\ja\UIAutomationClient.resources.dll
2026-06-25 16:43:30.954   Time stamp of our file: 2026-04-30 13:28:30.000
2026-06-25 16:43:30.954   Dest file exists.
2026-06-25 16:43:30.954   Time stamp of existing file: 2026-04-30 13:28:30.000
2026-06-25 16:43:30.954   Installing the file.
2026-06-25 16:43:30.955   Successfully installed the file.
2026-06-25 16:43:30.955   -- File entry --
2026-06-25 16:43:30.955   Dest filename: C:\Program Files\SamaHesab\ja\UIAutomationClientSideProviders.resources.dll
2026-06-25 16:43:30.955   Time stamp of our file: 2026-04-30 13:28:32.000
2026-06-25 16:43:30.955   Dest file exists.
2026-06-25 16:43:30.955   Time stamp of existing file: 2026-04-30 13:28:32.000
2026-06-25 16:43:30.955   Installing the file.
2026-06-25 16:43:30.956   Successfully installed the file.
2026-06-25 16:43:30.956   -- File entry --
2026-06-25 16:43:30.956   Dest filename: C:\Program Files\SamaHesab\ja\UIAutomationProvider.resources.dll
2026-06-25 16:43:30.956   Time stamp of our file: 2026-04-30 13:28:10.000
2026-06-25 16:43:30.956   Dest file exists.
2026-06-25 16:43:30.956   Time stamp of existing file: 2026-04-30 13:28:10.000
2026-06-25 16:43:30.956   Installing the file.
2026-06-25 16:43:30.957   Successfully installed the file.
2026-06-25 16:43:30.957   -- File entry --
2026-06-25 16:43:30.957   Dest filename: C:\Program Files\SamaHesab\ja\UIAutomationTypes.resources.dll
2026-06-25 16:43:30.957   Time stamp of our file: 2026-04-30 13:28:08.000
2026-06-25 16:43:30.957   Dest file exists.
2026-06-25 16:43:30.957   Time stamp of existing file: 2026-04-30 13:28:08.000
2026-06-25 16:43:30.957   Installing the file.
2026-06-25 16:43:30.958   Successfully installed the file.
2026-06-25 16:43:30.959   -- File entry --
2026-06-25 16:43:30.959   Dest filename: C:\Program Files\SamaHesab\ja\WindowsBase.resources.dll
2026-06-25 16:43:30.959   Time stamp of our file: 2026-04-30 13:28:04.000
2026-06-25 16:43:30.959   Dest file exists.
2026-06-25 16:43:30.959   Time stamp of existing file: 2026-04-30 13:28:04.000
2026-06-25 16:43:30.959   Installing the file.
2026-06-25 16:43:30.960   Successfully installed the file.
2026-06-25 16:43:30.961   -- File entry --
2026-06-25 16:43:30.961   Dest filename: C:\Program Files\SamaHesab\ko\Microsoft.Data.SqlClient.resources.dll
2026-06-25 16:43:30.961   Time stamp of our file: 2024-08-27 22:17:06.000
2026-06-25 16:43:30.961   Dest file exists.
2026-06-25 16:43:30.961   Time stamp of existing file: 2024-08-27 22:17:06.000
2026-06-25 16:43:30.961   Installing the file.
2026-06-25 16:43:30.965   Successfully installed the file.
2026-06-25 16:43:30.966   -- File entry --
2026-06-25 16:43:30.966   Dest filename: C:\Program Files\SamaHesab\ko\Microsoft.VisualBasic.Forms.resources.dll
2026-06-25 16:43:30.966   Time stamp of our file: 2026-04-30 11:01:14.000
2026-06-25 16:43:30.966   Dest file exists.
2026-06-25 16:43:30.966   Time stamp of existing file: 2026-04-30 11:01:14.000
2026-06-25 16:43:30.966   Installing the file.
2026-06-25 16:43:30.966   Successfully installed the file.
2026-06-25 16:43:30.966   -- File entry --
2026-06-25 16:43:30.966   Dest filename: C:\Program Files\SamaHesab\ko\PresentationCore.resources.dll
2026-06-25 16:43:30.967   Time stamp of our file: 2026-04-30 13:28:26.000
2026-06-25 16:43:30.967   Dest file exists.
2026-06-25 16:43:30.967   Time stamp of existing file: 2026-04-30 13:28:26.000
2026-06-25 16:43:30.967   Installing the file.
2026-06-25 16:43:30.969   Successfully installed the file.
2026-06-25 16:43:30.969   -- File entry --
2026-06-25 16:43:30.969   Dest filename: C:\Program Files\SamaHesab\ko\PresentationFramework.resources.dll
2026-06-25 16:43:30.969   Time stamp of our file: 2026-04-30 13:28:50.000
2026-06-25 16:43:30.969   Dest file exists.
2026-06-25 16:43:30.969   Time stamp of existing file: 2026-04-30 13:28:50.000
2026-06-25 16:43:30.969   Installing the file.
2026-06-25 16:43:30.972   Successfully installed the file.
2026-06-25 16:43:30.972   -- File entry --
2026-06-25 16:43:30.972   Dest filename: C:\Program Files\SamaHesab\ko\PresentationUI.resources.dll
2026-06-25 16:43:30.972   Time stamp of our file: 2026-04-30 13:29:16.000
2026-06-25 16:43:30.972   Dest file exists.
2026-06-25 16:43:30.972   Time stamp of existing file: 2026-04-30 13:29:16.000
2026-06-25 16:43:30.972   Installing the file.
2026-06-25 16:43:30.973   Successfully installed the file.
2026-06-25 16:43:30.974   -- File entry --
2026-06-25 16:43:30.974   Dest filename: C:\Program Files\SamaHesab\ko\ReachFramework.resources.dll
2026-06-25 16:43:30.974   Time stamp of our file: 2026-04-30 13:28:38.000
2026-06-25 16:43:30.974   Dest file exists.
2026-06-25 16:43:30.974   Time stamp of existing file: 2026-04-30 13:28:38.000
2026-06-25 16:43:30.974   Installing the file.
2026-06-25 16:43:30.975   Successfully installed the file.
2026-06-25 16:43:30.975   -- File entry --
2026-06-25 16:43:30.975   Dest filename: C:\Program Files\SamaHesab\ko\System.Windows.Controls.Ribbon.resources.dll
2026-06-25 16:43:30.975   Time stamp of our file: 2026-04-30 13:29:38.000
2026-06-25 16:43:30.975   Dest file exists.
2026-06-25 16:43:30.975   Time stamp of existing file: 2026-04-30 13:29:38.000
2026-06-25 16:43:30.975   Installing the file.
2026-06-25 16:43:30.976   Successfully installed the file.
2026-06-25 16:43:30.976   -- File entry --
2026-06-25 16:43:30.977   Dest filename: C:\Program Files\SamaHesab\ko\System.Windows.Forms.Design.resources.dll
2026-06-25 16:43:30.977   Time stamp of our file: 2026-04-30 11:01:24.000
2026-06-25 16:43:30.977   Dest file exists.
2026-06-25 16:43:30.977   Time stamp of existing file: 2026-04-30 11:01:24.000
2026-06-25 16:43:30.977   Installing the file.
2026-06-25 16:43:30.980   Successfully installed the file.
2026-06-25 16:43:30.980   -- File entry --
2026-06-25 16:43:30.980   Dest filename: C:\Program Files\SamaHesab\ko\System.Windows.Forms.Primitives.resources.dll
2026-06-25 16:43:30.980   Time stamp of our file: 2026-04-30 11:00:38.000
2026-06-25 16:43:30.980   Dest file exists.
2026-06-25 16:43:30.980   Time stamp of existing file: 2026-04-30 11:00:38.000
2026-06-25 16:43:30.980   Installing the file.
2026-06-25 16:43:30.981   Successfully installed the file.
2026-06-25 16:43:30.981   -- File entry --
2026-06-25 16:43:30.981   Dest filename: C:\Program Files\SamaHesab\ko\System.Windows.Forms.resources.dll
2026-06-25 16:43:30.981   Time stamp of our file: 2026-04-30 11:01:10.000
2026-06-25 16:43:30.981   Dest file exists.
2026-06-25 16:43:30.981   Time stamp of existing file: 2026-04-30 11:01:10.000
2026-06-25 16:43:30.981   Installing the file.
2026-06-25 16:43:30.986   Successfully installed the file.
2026-06-25 16:43:30.986   -- File entry --
2026-06-25 16:43:30.987   Dest filename: C:\Program Files\SamaHesab\ko\System.Windows.Input.Manipulations.resources.dll
2026-06-25 16:43:30.987   Time stamp of our file: 2026-04-30 13:27:42.000
2026-06-25 16:43:30.987   Dest file exists.
2026-06-25 16:43:30.987   Time stamp of existing file: 2026-04-30 13:27:42.000
2026-06-25 16:43:30.987   Installing the file.
2026-06-25 16:43:30.987   Successfully installed the file.
2026-06-25 16:43:30.987   -- File entry --
2026-06-25 16:43:30.987   Dest filename: C:\Program Files\SamaHesab\ko\System.Xaml.resources.dll
2026-06-25 16:43:30.987   Time stamp of our file: 2026-04-30 13:27:46.000
2026-06-25 16:43:30.987   Dest file exists.
2026-06-25 16:43:30.987   Time stamp of existing file: 2026-04-30 13:27:46.000
2026-06-25 16:43:30.987   Installing the file.
2026-06-25 16:43:30.989   Successfully installed the file.
2026-06-25 16:43:30.989   -- File entry --
2026-06-25 16:43:30.989   Dest filename: C:\Program Files\SamaHesab\ko\UIAutomationClient.resources.dll
2026-06-25 16:43:30.989   Time stamp of our file: 2026-04-30 13:28:30.000
2026-06-25 16:43:30.989   Dest file exists.
2026-06-25 16:43:30.989   Time stamp of existing file: 2026-04-30 13:28:30.000
2026-06-25 16:43:30.989   Installing the file.
2026-06-25 16:43:30.990   Successfully installed the file.
2026-06-25 16:43:30.990   -- File entry --
2026-06-25 16:43:30.990   Dest filename: C:\Program Files\SamaHesab\ko\UIAutomationClientSideProviders.resources.dll
2026-06-25 16:43:30.990   Time stamp of our file: 2026-04-30 13:28:32.000
2026-06-25 16:43:30.990   Dest file exists.
2026-06-25 16:43:30.990   Time stamp of existing file: 2026-04-30 13:28:32.000
2026-06-25 16:43:30.990   Installing the file.
2026-06-25 16:43:30.991   Successfully installed the file.
2026-06-25 16:43:30.991   -- File entry --
2026-06-25 16:43:30.991   Dest filename: C:\Program Files\SamaHesab\ko\UIAutomationProvider.resources.dll
2026-06-25 16:43:30.991   Time stamp of our file: 2026-04-30 13:28:10.000
2026-06-25 16:43:30.991   Dest file exists.
2026-06-25 16:43:30.991   Time stamp of existing file: 2026-04-30 13:28:10.000
2026-06-25 16:43:30.991   Installing the file.
2026-06-25 16:43:30.992   Successfully installed the file.
2026-06-25 16:43:30.992   -- File entry --
2026-06-25 16:43:30.992   Dest filename: C:\Program Files\SamaHesab\ko\UIAutomationTypes.resources.dll
2026-06-25 16:43:30.992   Time stamp of our file: 2026-04-30 13:28:08.000
2026-06-25 16:43:30.992   Dest file exists.
2026-06-25 16:43:30.992   Time stamp of existing file: 2026-04-30 13:28:08.000
2026-06-25 16:43:30.992   Installing the file.
2026-06-25 16:43:30.993   Successfully installed the file.
2026-06-25 16:43:30.993   -- File entry --
2026-06-25 16:43:30.993   Dest filename: C:\Program Files\SamaHesab\ko\WindowsBase.resources.dll
2026-06-25 16:43:30.993   Time stamp of our file: 2026-04-30 13:28:04.000
2026-06-25 16:43:30.993   Dest file exists.
2026-06-25 16:43:30.993   Time stamp of existing file: 2026-04-30 13:28:04.000
2026-06-25 16:43:30.993   Installing the file.
2026-06-25 16:43:30.995   Successfully installed the file.
2026-06-25 16:43:30.995   -- File entry --
2026-06-25 16:43:30.995   Dest filename: C:\Program Files\SamaHesab\LatoFont\Lato-Black.ttf
2026-06-25 16:43:30.995   Time stamp of our file: 2026-06-10 18:30:48.000
2026-06-25 16:43:30.995   Dest file exists.
2026-06-25 16:43:30.995   Time stamp of existing file: 2026-06-10 18:30:48.000
2026-06-25 16:43:30.995   Installing the file.
2026-06-25 16:43:31.010   Successfully installed the file.
2026-06-25 16:43:31.010   -- File entry --
2026-06-25 16:43:31.010   Dest filename: C:\Program Files\SamaHesab\LatoFont\Lato-BlackItalic.ttf
2026-06-25 16:43:31.010   Time stamp of our file: 2026-06-10 18:30:48.000
2026-06-25 16:43:31.010   Dest file exists.
2026-06-25 16:43:31.010   Time stamp of existing file: 2026-06-10 18:30:48.000
2026-06-25 16:43:31.010   Installing the file.
2026-06-25 16:43:31.025   Successfully installed the file.
2026-06-25 16:43:31.026   -- File entry --
2026-06-25 16:43:31.026   Dest filename: C:\Program Files\SamaHesab\LatoFont\Lato-Bold.ttf
2026-06-25 16:43:31.026   Time stamp of our file: 2026-06-10 18:30:48.000
2026-06-25 16:43:31.026   Dest file exists.
2026-06-25 16:43:31.026   Time stamp of existing file: 2026-06-10 18:30:48.000
2026-06-25 16:43:31.026   Installing the file.
2026-06-25 16:43:31.036   Successfully installed the file.
2026-06-25 16:43:31.036   -- File entry --
2026-06-25 16:43:31.036   Dest filename: C:\Program Files\SamaHesab\LatoFont\Lato-BoldItalic.ttf
2026-06-25 16:43:31.038   Time stamp of our file: 2026-06-10 18:30:48.000
2026-06-25 16:43:31.038   Dest file exists.
2026-06-25 16:43:31.038   Time stamp of existing file: 2026-06-10 18:30:48.000
2026-06-25 16:43:31.038   Installing the file.
2026-06-25 16:43:31.050   Successfully installed the file.
2026-06-25 16:43:31.050   -- File entry --
2026-06-25 16:43:31.050   Dest filename: C:\Program Files\SamaHesab\LatoFont\Lato-ExtraBold.ttf
2026-06-25 16:43:31.050   Time stamp of our file: 2026-06-10 18:30:48.000
2026-06-25 16:43:31.050   Dest file exists.
2026-06-25 16:43:31.050   Time stamp of existing file: 2026-06-10 18:30:48.000
2026-06-25 16:43:31.050   Installing the file.
2026-06-25 16:43:31.061   Successfully installed the file.
2026-06-25 16:43:31.061   -- File entry --
2026-06-25 16:43:31.061   Dest filename: C:\Program Files\SamaHesab\LatoFont\Lato-ExtraBoldItalic.ttf
2026-06-25 16:43:31.061   Time stamp of our file: 2026-06-10 18:30:48.000
2026-06-25 16:43:31.061   Dest file exists.
2026-06-25 16:43:31.061   Time stamp of existing file: 2026-06-10 18:30:48.000
2026-06-25 16:43:31.061   Installing the file.
2026-06-25 16:43:31.073   Successfully installed the file.
2026-06-25 16:43:31.073   -- File entry --
2026-06-25 16:43:31.073   Dest filename: C:\Program Files\SamaHesab\LatoFont\Lato-ExtraLight.ttf
2026-06-25 16:43:31.073   Time stamp of our file: 2026-06-10 18:30:48.000
2026-06-25 16:43:31.073   Dest file exists.
2026-06-25 16:43:31.073   Time stamp of existing file: 2026-06-10 18:30:48.000
2026-06-25 16:43:31.073   Installing the file.
2026-06-25 16:43:31.086   Successfully installed the file.
2026-06-25 16:43:31.087   -- File entry --
2026-06-25 16:43:31.087   Dest filename: C:\Program Files\SamaHesab\LatoFont\Lato-ExtraLightItalic.ttf
2026-06-25 16:43:31.087   Time stamp of our file: 2026-06-10 18:30:48.000
2026-06-25 16:43:31.087   Dest file exists.
2026-06-25 16:43:31.087   Time stamp of existing file: 2026-06-10 18:30:48.000
2026-06-25 16:43:31.087   Installing the file.
2026-06-25 16:43:31.099   Successfully installed the file.
2026-06-25 16:43:31.099   -- File entry --
2026-06-25 16:43:31.099   Dest filename: C:\Program Files\SamaHesab\LatoFont\Lato-Italic.ttf
2026-06-25 16:43:31.099   Time stamp of our file: 2026-06-10 18:30:48.000
2026-06-25 16:43:31.099   Dest file exists.
2026-06-25 16:43:31.099   Time stamp of existing file: 2026-06-10 18:30:48.000
2026-06-25 16:43:31.099   Installing the file.
2026-06-25 16:43:31.113   Successfully installed the file.
2026-06-25 16:43:31.113   -- File entry --
2026-06-25 16:43:31.113   Dest filename: C:\Program Files\SamaHesab\LatoFont\Lato-Light.ttf
2026-06-25 16:43:31.113   Time stamp of our file: 2026-06-10 18:30:48.000
2026-06-25 16:43:31.113   Dest file exists.
2026-06-25 16:43:31.113   Time stamp of existing file: 2026-06-10 18:30:48.000
2026-06-25 16:43:31.113   Installing the file.
2026-06-25 16:43:31.125   Successfully installed the file.
2026-06-25 16:43:31.125   -- File entry --
2026-06-25 16:43:31.125   Dest filename: C:\Program Files\SamaHesab\LatoFont\Lato-LightItalic.ttf
2026-06-25 16:43:31.125   Time stamp of our file: 2026-06-10 18:30:48.000
2026-06-25 16:43:31.125   Dest file exists.
2026-06-25 16:43:31.125   Time stamp of existing file: 2026-06-10 18:30:48.000
2026-06-25 16:43:31.125   Installing the file.
2026-06-25 16:43:31.138   Successfully installed the file.
2026-06-25 16:43:31.138   -- File entry --
2026-06-25 16:43:31.138   Dest filename: C:\Program Files\SamaHesab\LatoFont\Lato-Medium.ttf
2026-06-25 16:43:31.138   Time stamp of our file: 2026-06-10 18:30:48.000
2026-06-25 16:43:31.138   Dest file exists.
2026-06-25 16:43:31.138   Time stamp of existing file: 2026-06-10 18:30:48.000
2026-06-25 16:43:31.138   Installing the file.
2026-06-25 16:43:31.149   Successfully installed the file.
2026-06-25 16:43:31.149   -- File entry --
2026-06-25 16:43:31.149   Dest filename: C:\Program Files\SamaHesab\LatoFont\Lato-MediumItalic.ttf
2026-06-25 16:43:31.149   Time stamp of our file: 2026-06-10 18:30:48.000
2026-06-25 16:43:31.149   Dest file exists.
2026-06-25 16:43:31.149   Time stamp of existing file: 2026-06-10 18:30:48.000
2026-06-25 16:43:31.149   Installing the file.
2026-06-25 16:43:31.161   Successfully installed the file.
2026-06-25 16:43:31.161   -- File entry --
2026-06-25 16:43:31.161   Dest filename: C:\Program Files\SamaHesab\LatoFont\Lato-Regular.ttf
2026-06-25 16:43:31.161   Time stamp of our file: 2026-06-10 18:30:48.000
2026-06-25 16:43:31.161   Dest file exists.
2026-06-25 16:43:31.161   Time stamp of existing file: 2026-06-10 18:30:48.000
2026-06-25 16:43:31.161   Installing the file.
2026-06-25 16:43:31.172   Successfully installed the file.
2026-06-25 16:43:31.172   -- File entry --
2026-06-25 16:43:31.172   Dest filename: C:\Program Files\SamaHesab\LatoFont\Lato-SemiBold.ttf
2026-06-25 16:43:31.172   Time stamp of our file: 2026-06-10 18:30:48.000
2026-06-25 16:43:31.172   Dest file exists.
2026-06-25 16:43:31.172   Time stamp of existing file: 2026-06-10 18:30:48.000
2026-06-25 16:43:31.172   Installing the file.
2026-06-25 16:43:31.183   Successfully installed the file.
2026-06-25 16:43:31.183   -- File entry --
2026-06-25 16:43:31.184   Dest filename: C:\Program Files\SamaHesab\LatoFont\Lato-SemiBoldItalic.ttf
2026-06-25 16:43:31.184   Time stamp of our file: 2026-06-10 18:30:48.000
2026-06-25 16:43:31.184   Dest file exists.
2026-06-25 16:43:31.184   Time stamp of existing file: 2026-06-10 18:30:48.000
2026-06-25 16:43:31.184   Installing the file.
2026-06-25 16:43:31.195   Successfully installed the file.
2026-06-25 16:43:31.195   -- File entry --
2026-06-25 16:43:31.195   Dest filename: C:\Program Files\SamaHesab\LatoFont\Lato-Thin.ttf
2026-06-25 16:43:31.196   Time stamp of our file: 2026-06-10 18:30:48.000
2026-06-25 16:43:31.196   Dest file exists.
2026-06-25 16:43:31.196   Time stamp of existing file: 2026-06-10 18:30:48.000
2026-06-25 16:43:31.196   Installing the file.
2026-06-25 16:43:31.206   Successfully installed the file.
2026-06-25 16:43:31.206   -- File entry --
2026-06-25 16:43:31.206   Dest filename: C:\Program Files\SamaHesab\LatoFont\Lato-ThinItalic.ttf
2026-06-25 16:43:31.206   Time stamp of our file: 2026-06-10 18:30:48.000
2026-06-25 16:43:31.206   Dest file exists.
2026-06-25 16:43:31.206   Time stamp of existing file: 2026-06-10 18:30:48.000
2026-06-25 16:43:31.206   Installing the file.
2026-06-25 16:43:31.217   Successfully installed the file.
2026-06-25 16:43:31.217   -- File entry --
2026-06-25 16:43:31.217   Dest filename: C:\Program Files\SamaHesab\LatoFont\OFL.txt
2026-06-25 16:43:31.218   Time stamp of our file: 2026-06-10 18:30:48.000
2026-06-25 16:43:31.218   Dest file exists.
2026-06-25 16:43:31.218   Time stamp of existing file: 2026-06-10 18:30:48.000
2026-06-25 16:43:31.218   Installing the file.
2026-06-25 16:43:31.218   Successfully installed the file.
2026-06-25 16:43:31.218   -- File entry --
2026-06-25 16:43:31.218   Dest filename: C:\Program Files\SamaHesab\pl\Microsoft.VisualBasic.Forms.resources.dll
2026-06-25 16:43:31.218   Time stamp of our file: 2026-04-30 11:01:14.000
2026-06-25 16:43:31.218   Dest file exists.
2026-06-25 16:43:31.218   Time stamp of existing file: 2026-04-30 11:01:14.000
2026-06-25 16:43:31.218   Installing the file.
2026-06-25 16:43:31.220   Successfully installed the file.
2026-06-25 16:43:31.220   -- File entry --
2026-06-25 16:43:31.220   Dest filename: C:\Program Files\SamaHesab\pl\PresentationCore.resources.dll
2026-06-25 16:43:31.220   Time stamp of our file: 2026-04-30 13:28:26.000
2026-06-25 16:43:31.220   Dest file exists.
2026-06-25 16:43:31.220   Time stamp of existing file: 2026-04-30 13:28:26.000
2026-06-25 16:43:31.220   Installing the file.
2026-06-25 16:43:31.223   Successfully installed the file.
2026-06-25 16:43:31.223   -- File entry --
2026-06-25 16:43:31.223   Dest filename: C:\Program Files\SamaHesab\pl\PresentationFramework.resources.dll
2026-06-25 16:43:31.223   Time stamp of our file: 2026-04-30 13:28:50.000
2026-06-25 16:43:31.223   Dest file exists.
2026-06-25 16:43:31.223   Time stamp of existing file: 2026-04-30 13:28:50.000
2026-06-25 16:43:31.223   Installing the file.
2026-06-25 16:43:31.226   Successfully installed the file.
2026-06-25 16:43:31.226   -- File entry --
2026-06-25 16:43:31.226   Dest filename: C:\Program Files\SamaHesab\pl\PresentationUI.resources.dll
2026-06-25 16:43:31.226   Time stamp of our file: 2026-04-30 13:29:16.000
2026-06-25 16:43:31.226   Dest file exists.
2026-06-25 16:43:31.226   Time stamp of existing file: 2026-04-30 13:29:16.000
2026-06-25 16:43:31.226   Installing the file.
2026-06-25 16:43:31.227   Successfully installed the file.
2026-06-25 16:43:31.227   -- File entry --
2026-06-25 16:43:31.227   Dest filename: C:\Program Files\SamaHesab\pl\ReachFramework.resources.dll
2026-06-25 16:43:31.227   Time stamp of our file: 2026-04-30 13:28:38.000
2026-06-25 16:43:31.227   Dest file exists.
2026-06-25 16:43:31.227   Time stamp of existing file: 2026-04-30 13:28:38.000
2026-06-25 16:43:31.227   Installing the file.
2026-06-25 16:43:31.228   Successfully installed the file.
2026-06-25 16:43:31.228   -- File entry --
2026-06-25 16:43:31.228   Dest filename: C:\Program Files\SamaHesab\pl\System.Windows.Controls.Ribbon.resources.dll
2026-06-25 16:43:31.228   Time stamp of our file: 2026-04-30 13:29:38.000
2026-06-25 16:43:31.228   Dest file exists.
2026-06-25 16:43:31.228   Time stamp of existing file: 2026-04-30 13:29:38.000
2026-06-25 16:43:31.228   Installing the file.
2026-06-25 16:43:31.230   Successfully installed the file.
2026-06-25 16:43:31.230   -- File entry --
2026-06-25 16:43:31.230   Dest filename: C:\Program Files\SamaHesab\pl\System.Windows.Forms.Design.resources.dll
2026-06-25 16:43:31.230   Time stamp of our file: 2026-04-30 11:01:24.000
2026-06-25 16:43:31.230   Dest file exists.
2026-06-25 16:43:31.230   Time stamp of existing file: 2026-04-30 11:01:24.000
2026-06-25 16:43:31.230   Installing the file.
2026-06-25 16:43:31.233   Successfully installed the file.
2026-06-25 16:43:31.233   -- File entry --
2026-06-25 16:43:31.233   Dest filename: C:\Program Files\SamaHesab\pl\System.Windows.Forms.Primitives.resources.dll
2026-06-25 16:43:31.233   Time stamp of our file: 2026-04-30 11:00:38.000
2026-06-25 16:43:31.233   Dest file exists.
2026-06-25 16:43:31.233   Time stamp of existing file: 2026-04-30 11:00:38.000
2026-06-25 16:43:31.233   Installing the file.
2026-06-25 16:43:31.234   Successfully installed the file.
2026-06-25 16:43:31.234   -- File entry --
2026-06-25 16:43:31.234   Dest filename: C:\Program Files\SamaHesab\pl\System.Windows.Forms.resources.dll
2026-06-25 16:43:31.234   Time stamp of our file: 2026-04-30 11:01:10.000
2026-06-25 16:43:31.234   Dest file exists.
2026-06-25 16:43:31.234   Time stamp of existing file: 2026-04-30 11:01:10.000
2026-06-25 16:43:31.234   Installing the file.
2026-06-25 16:43:31.239   Successfully installed the file.
2026-06-25 16:43:31.239   -- File entry --
2026-06-25 16:43:31.239   Dest filename: C:\Program Files\SamaHesab\pl\System.Windows.Input.Manipulations.resources.dll
2026-06-25 16:43:31.239   Time stamp of our file: 2026-04-30 13:27:42.000
2026-06-25 16:43:31.239   Dest file exists.
2026-06-25 16:43:31.239   Time stamp of existing file: 2026-04-30 13:27:42.000
2026-06-25 16:43:31.239   Installing the file.
2026-06-25 16:43:31.240   Successfully installed the file.
2026-06-25 16:43:31.240   -- File entry --
2026-06-25 16:43:31.240   Dest filename: C:\Program Files\SamaHesab\pl\System.Xaml.resources.dll
2026-06-25 16:43:31.240   Time stamp of our file: 2026-04-30 13:27:46.000
2026-06-25 16:43:31.240   Dest file exists.
2026-06-25 16:43:31.240   Time stamp of existing file: 2026-04-30 13:27:46.000
2026-06-25 16:43:31.240   Installing the file.
2026-06-25 16:43:31.241   Successfully installed the file.
2026-06-25 16:43:31.241   -- File entry --
2026-06-25 16:43:31.241   Dest filename: C:\Program Files\SamaHesab\pl\UIAutomationClient.resources.dll
2026-06-25 16:43:31.243   Time stamp of our file: 2026-04-30 13:28:30.000
2026-06-25 16:43:31.243   Dest file exists.
2026-06-25 16:43:31.243   Time stamp of existing file: 2026-04-30 13:28:30.000
2026-06-25 16:43:31.243   Installing the file.
2026-06-25 16:43:31.244   Successfully installed the file.
2026-06-25 16:43:31.244   -- File entry --
2026-06-25 16:43:31.244   Dest filename: C:\Program Files\SamaHesab\pl\UIAutomationClientSideProviders.resources.dll
2026-06-25 16:43:31.244   Time stamp of our file: 2026-04-30 13:28:34.000
2026-06-25 16:43:31.244   Dest file exists.
2026-06-25 16:43:31.244   Time stamp of existing file: 2026-04-30 13:28:34.000
2026-06-25 16:43:31.244   Installing the file.
2026-06-25 16:43:31.245   Successfully installed the file.
2026-06-25 16:43:31.245   -- File entry --
2026-06-25 16:43:31.245   Dest filename: C:\Program Files\SamaHesab\pl\UIAutomationProvider.resources.dll
2026-06-25 16:43:31.245   Time stamp of our file: 2026-04-30 13:28:10.000
2026-06-25 16:43:31.245   Dest file exists.
2026-06-25 16:43:31.245   Time stamp of existing file: 2026-04-30 13:28:10.000
2026-06-25 16:43:31.245   Installing the file.
2026-06-25 16:43:31.246   Successfully installed the file.
2026-06-25 16:43:31.246   -- File entry --
2026-06-25 16:43:31.246   Dest filename: C:\Program Files\SamaHesab\pl\UIAutomationTypes.resources.dll
2026-06-25 16:43:31.246   Time stamp of our file: 2026-04-30 13:28:08.000
2026-06-25 16:43:31.246   Dest file exists.
2026-06-25 16:43:31.247   Time stamp of existing file: 2026-04-30 13:28:08.000
2026-06-25 16:43:31.247   Installing the file.
2026-06-25 16:43:31.247   Successfully installed the file.
2026-06-25 16:43:31.247   -- File entry --
2026-06-25 16:43:31.247   Dest filename: C:\Program Files\SamaHesab\pl\WindowsBase.resources.dll
2026-06-25 16:43:31.248   Time stamp of our file: 2026-04-30 13:28:04.000
2026-06-25 16:43:31.248   Dest file exists.
2026-06-25 16:43:31.248   Time stamp of existing file: 2026-04-30 13:28:04.000
2026-06-25 16:43:31.248   Installing the file.
2026-06-25 16:43:31.249   Successfully installed the file.
2026-06-25 16:43:31.249   -- File entry --
2026-06-25 16:43:31.249   Dest filename: C:\Program Files\SamaHesab\pt-BR\Microsoft.Data.SqlClient.resources.dll
2026-06-25 16:43:31.249   Time stamp of our file: 2024-08-27 22:16:52.000
2026-06-25 16:43:31.249   Dest file exists.
2026-06-25 16:43:31.249   Time stamp of existing file: 2024-08-27 22:16:52.000
2026-06-25 16:43:31.249   Installing the file.
2026-06-25 16:43:31.253   Successfully installed the file.
2026-06-25 16:43:31.253   -- File entry --
2026-06-25 16:43:31.253   Dest filename: C:\Program Files\SamaHesab\pt-BR\Microsoft.VisualBasic.Forms.resources.dll
2026-06-25 16:43:31.253   Time stamp of our file: 2026-04-30 11:01:14.000
2026-06-25 16:43:31.253   Dest file exists.
2026-06-25 16:43:31.253   Time stamp of existing file: 2026-04-30 11:01:14.000
2026-06-25 16:43:31.253   Installing the file.
2026-06-25 16:43:31.254   Successfully installed the file.
2026-06-25 16:43:31.254   -- File entry --
2026-06-25 16:43:31.254   Dest filename: C:\Program Files\SamaHesab\pt-BR\PresentationCore.resources.dll
2026-06-25 16:43:31.254   Time stamp of our file: 2026-04-30 13:28:26.000
2026-06-25 16:43:31.254   Dest file exists.
2026-06-25 16:43:31.254   Time stamp of existing file: 2026-04-30 13:28:26.000
2026-06-25 16:43:31.254   Installing the file.
2026-06-25 16:43:31.256   Successfully installed the file.
2026-06-25 16:43:31.256   -- File entry --
2026-06-25 16:43:31.256   Dest filename: C:\Program Files\SamaHesab\pt-BR\PresentationFramework.resources.dll
2026-06-25 16:43:31.256   Time stamp of our file: 2026-04-30 13:28:50.000
2026-06-25 16:43:31.256   Dest file exists.
2026-06-25 16:43:31.256   Time stamp of existing file: 2026-04-30 13:28:50.000
2026-06-25 16:43:31.256   Installing the file.
2026-06-25 16:43:31.260   Successfully installed the file.
2026-06-25 16:43:31.260   -- File entry --
2026-06-25 16:43:31.260   Dest filename: C:\Program Files\SamaHesab\pt-BR\PresentationUI.resources.dll
2026-06-25 16:43:31.260   Time stamp of our file: 2026-04-30 13:29:16.000
2026-06-25 16:43:31.260   Dest file exists.
2026-06-25 16:43:31.260   Time stamp of existing file: 2026-04-30 13:29:16.000
2026-06-25 16:43:31.260   Installing the file.
2026-06-25 16:43:31.261   Successfully installed the file.
2026-06-25 16:43:31.261   -- File entry --
2026-06-25 16:43:31.261   Dest filename: C:\Program Files\SamaHesab\pt-BR\ReachFramework.resources.dll
2026-06-25 16:43:31.261   Time stamp of our file: 2026-04-30 13:28:38.000
2026-06-25 16:43:31.261   Dest file exists.
2026-06-25 16:43:31.261   Time stamp of existing file: 2026-04-30 13:28:38.000
2026-06-25 16:43:31.261   Installing the file.
2026-06-25 16:43:31.263   Successfully installed the file.
2026-06-25 16:43:31.263   -- File entry --
2026-06-25 16:43:31.263   Dest filename: C:\Program Files\SamaHesab\pt-BR\System.Windows.Controls.Ribbon.resources.dll
2026-06-25 16:43:31.263   Time stamp of our file: 2026-04-30 13:29:38.000
2026-06-25 16:43:31.263   Dest file exists.
2026-06-25 16:43:31.263   Time stamp of existing file: 2026-04-30 13:29:38.000
2026-06-25 16:43:31.263   Installing the file.
2026-06-25 16:43:31.264   Successfully installed the file.
2026-06-25 16:43:31.264   -- File entry --
2026-06-25 16:43:31.264   Dest filename: C:\Program Files\SamaHesab\pt-BR\System.Windows.Forms.Design.resources.dll
2026-06-25 16:43:31.264   Time stamp of our file: 2026-04-30 11:01:24.000
2026-06-25 16:43:31.264   Dest file exists.
2026-06-25 16:43:31.264   Time stamp of existing file: 2026-04-30 11:01:24.000
2026-06-25 16:43:31.264   Installing the file.
2026-06-25 16:43:31.267   Successfully installed the file.
2026-06-25 16:43:31.267   -- File entry --
2026-06-25 16:43:31.267   Dest filename: C:\Program Files\SamaHesab\pt-BR\System.Windows.Forms.Primitives.resources.dll
2026-06-25 16:43:31.267   Time stamp of our file: 2026-04-30 11:00:38.000
2026-06-25 16:43:31.267   Dest file exists.
2026-06-25 16:43:31.267   Time stamp of existing file: 2026-04-30 11:00:38.000
2026-06-25 16:43:31.267   Installing the file.
2026-06-25 16:43:31.268   Successfully installed the file.
2026-06-25 16:43:31.268   -- File entry --
2026-06-25 16:43:31.268   Dest filename: C:\Program Files\SamaHesab\pt-BR\System.Windows.Forms.resources.dll
2026-06-25 16:43:31.268   Time stamp of our file: 2026-04-30 11:01:10.000
2026-06-25 16:43:31.268   Dest file exists.
2026-06-25 16:43:31.268   Time stamp of existing file: 2026-04-30 11:01:10.000
2026-06-25 16:43:31.268   Installing the file.
2026-06-25 16:43:31.273   Successfully installed the file.
2026-06-25 16:43:31.273   -- File entry --
2026-06-25 16:43:31.273   Dest filename: C:\Program Files\SamaHesab\pt-BR\System.Windows.Input.Manipulations.resources.dll
2026-06-25 16:43:31.273   Time stamp of our file: 2026-04-30 13:27:42.000
2026-06-25 16:43:31.273   Dest file exists.
2026-06-25 16:43:31.273   Time stamp of existing file: 2026-04-30 13:27:42.000
2026-06-25 16:43:31.273   Installing the file.
2026-06-25 16:43:31.274   Successfully installed the file.
2026-06-25 16:43:31.274   -- File entry --
2026-06-25 16:43:31.274   Dest filename: C:\Program Files\SamaHesab\pt-BR\System.Xaml.resources.dll
2026-06-25 16:43:31.274   Time stamp of our file: 2026-04-30 13:27:46.000
2026-06-25 16:43:31.274   Dest file exists.
2026-06-25 16:43:31.274   Time stamp of existing file: 2026-04-30 13:27:46.000
2026-06-25 16:43:31.274   Installing the file.
2026-06-25 16:43:31.275   Successfully installed the file.
2026-06-25 16:43:31.275   -- File entry --
2026-06-25 16:43:31.276   Dest filename: C:\Program Files\SamaHesab\pt-BR\UIAutomationClient.resources.dll
2026-06-25 16:43:31.276   Time stamp of our file: 2026-04-30 13:28:30.000
2026-06-25 16:43:31.276   Dest file exists.
2026-06-25 16:43:31.276   Time stamp of existing file: 2026-04-30 13:28:30.000
2026-06-25 16:43:31.276   Installing the file.
2026-06-25 16:43:31.277   Successfully installed the file.
2026-06-25 16:43:31.277   -- File entry --
2026-06-25 16:43:31.277   Dest filename: C:\Program Files\SamaHesab\pt-BR\UIAutomationClientSideProviders.resources.dll
2026-06-25 16:43:31.277   Time stamp of our file: 2026-04-30 13:28:34.000
2026-06-25 16:43:31.277   Dest file exists.
2026-06-25 16:43:31.277   Time stamp of existing file: 2026-04-30 13:28:34.000
2026-06-25 16:43:31.277   Installing the file.
2026-06-25 16:43:31.278   Successfully installed the file.
2026-06-25 16:43:31.278   -- File entry --
2026-06-25 16:43:31.278   Dest filename: C:\Program Files\SamaHesab\pt-BR\UIAutomationProvider.resources.dll
2026-06-25 16:43:31.278   Time stamp of our file: 2026-04-30 13:28:10.000
2026-06-25 16:43:31.278   Dest file exists.
2026-06-25 16:43:31.278   Time stamp of existing file: 2026-04-30 13:28:10.000
2026-06-25 16:43:31.278   Installing the file.
2026-06-25 16:43:31.280   Successfully installed the file.
2026-06-25 16:43:31.280   -- File entry --
2026-06-25 16:43:31.280   Dest filename: C:\Program Files\SamaHesab\pt-BR\UIAutomationTypes.resources.dll
2026-06-25 16:43:31.280   Time stamp of our file: 2026-04-30 13:28:08.000
2026-06-25 16:43:31.280   Dest file exists.
2026-06-25 16:43:31.280   Time stamp of existing file: 2026-04-30 13:28:08.000
2026-06-25 16:43:31.280   Installing the file.
2026-06-25 16:43:31.281   Successfully installed the file.
2026-06-25 16:43:31.281   -- File entry --
2026-06-25 16:43:31.281   Dest filename: C:\Program Files\SamaHesab\pt-BR\WindowsBase.resources.dll
2026-06-25 16:43:31.281   Time stamp of our file: 2026-04-30 13:28:04.000
2026-06-25 16:43:31.281   Dest file exists.
2026-06-25 16:43:31.281   Time stamp of existing file: 2026-04-30 13:28:04.000
2026-06-25 16:43:31.281   Installing the file.
2026-06-25 16:43:31.283   Successfully installed the file.
2026-06-25 16:43:31.283   -- File entry --
2026-06-25 16:43:31.283   Dest filename: C:\Program Files\SamaHesab\ru\Microsoft.Data.SqlClient.resources.dll
2026-06-25 16:43:31.283   Time stamp of our file: 2024-08-27 22:16:52.000
2026-06-25 16:43:31.283   Dest file exists.
2026-06-25 16:43:31.283   Time stamp of existing file: 2024-08-27 22:16:52.000
2026-06-25 16:43:31.283   Installing the file.
2026-06-25 16:43:31.288   Successfully installed the file.
2026-06-25 16:43:31.288   -- File entry --
2026-06-25 16:43:31.288   Dest filename: C:\Program Files\SamaHesab\ru\Microsoft.VisualBasic.Forms.resources.dll
2026-06-25 16:43:31.288   Time stamp of our file: 2026-04-30 11:01:14.000
2026-06-25 16:43:31.288   Dest file exists.
2026-06-25 16:43:31.288   Time stamp of existing file: 2026-04-30 11:01:14.000
2026-06-25 16:43:31.288   Installing the file.
2026-06-25 16:43:31.289   Successfully installed the file.
2026-06-25 16:43:31.289   -- File entry --
2026-06-25 16:43:31.289   Dest filename: C:\Program Files\SamaHesab\ru\PresentationCore.resources.dll
2026-06-25 16:43:31.289   Time stamp of our file: 2026-04-30 13:28:26.000
2026-06-25 16:43:31.289   Dest file exists.
2026-06-25 16:43:31.289   Time stamp of existing file: 2026-04-30 13:28:26.000
2026-06-25 16:43:31.289   Installing the file.
2026-06-25 16:43:31.291   Successfully installed the file.
2026-06-25 16:43:31.291   -- File entry --
2026-06-25 16:43:31.291   Dest filename: C:\Program Files\SamaHesab\ru\PresentationFramework.resources.dll
2026-06-25 16:43:31.291   Time stamp of our file: 2026-04-30 13:28:50.000
2026-06-25 16:43:31.291   Dest file exists.
2026-06-25 16:43:31.291   Time stamp of existing file: 2026-04-30 13:28:50.000
2026-06-25 16:43:31.291   Installing the file.
2026-06-25 16:43:31.296   Successfully installed the file.
2026-06-25 16:43:31.296   -- File entry --
2026-06-25 16:43:31.296   Dest filename: C:\Program Files\SamaHesab\ru\PresentationUI.resources.dll
2026-06-25 16:43:31.296   Time stamp of our file: 2026-04-30 13:29:16.000
2026-06-25 16:43:31.296   Dest file exists.
2026-06-25 16:43:31.296   Time stamp of existing file: 2026-04-30 13:29:16.000
2026-06-25 16:43:31.296   Installing the file.
2026-06-25 16:43:31.297   Successfully installed the file.
2026-06-25 16:43:31.297   -- File entry --
2026-06-25 16:43:31.297   Dest filename: C:\Program Files\SamaHesab\ru\ReachFramework.resources.dll
2026-06-25 16:43:31.297   Time stamp of our file: 2026-04-30 13:28:38.000
2026-06-25 16:43:31.297   Dest file exists.
2026-06-25 16:43:31.297   Time stamp of existing file: 2026-04-30 13:28:38.000
2026-06-25 16:43:31.297   Installing the file.
2026-06-25 16:43:31.298   Successfully installed the file.
2026-06-25 16:43:31.298   -- File entry --
2026-06-25 16:43:31.299   Dest filename: C:\Program Files\SamaHesab\ru\System.Windows.Controls.Ribbon.resources.dll
2026-06-25 16:43:31.299   Time stamp of our file: 2026-04-30 13:29:38.000
2026-06-25 16:43:31.299   Dest file exists.
2026-06-25 16:43:31.299   Time stamp of existing file: 2026-04-30 13:29:38.000
2026-06-25 16:43:31.299   Installing the file.
2026-06-25 16:43:31.299   Successfully installed the file.
2026-06-25 16:43:31.299   -- File entry --
2026-06-25 16:43:31.299   Dest filename: C:\Program Files\SamaHesab\ru\System.Windows.Forms.Design.resources.dll
2026-06-25 16:43:31.299   Time stamp of our file: 2026-04-30 11:01:24.000
2026-06-25 16:43:31.299   Dest file exists.
2026-06-25 16:43:31.299   Time stamp of existing file: 2026-04-30 11:01:24.000
2026-06-25 16:43:31.299   Installing the file.
2026-06-25 16:43:31.302   Successfully installed the file.
2026-06-25 16:43:31.302   -- File entry --
2026-06-25 16:43:31.302   Dest filename: C:\Program Files\SamaHesab\ru\System.Windows.Forms.Primitives.resources.dll
2026-06-25 16:43:31.302   Time stamp of our file: 2026-04-30 11:00:38.000
2026-06-25 16:43:31.302   Dest file exists.
2026-06-25 16:43:31.302   Time stamp of existing file: 2026-04-30 11:00:38.000
2026-06-25 16:43:31.302   Installing the file.
2026-06-25 16:43:31.304   Successfully installed the file.
2026-06-25 16:43:31.304   -- File entry --
2026-06-25 16:43:31.304   Dest filename: C:\Program Files\SamaHesab\ru\System.Windows.Forms.resources.dll
2026-06-25 16:43:31.304   Time stamp of our file: 2026-04-30 11:01:10.000
2026-06-25 16:43:31.304   Dest file exists.
2026-06-25 16:43:31.304   Time stamp of existing file: 2026-04-30 11:01:10.000
2026-06-25 16:43:31.304   Installing the file.
2026-06-25 16:43:31.310   Successfully installed the file.
2026-06-25 16:43:31.310   -- File entry --
2026-06-25 16:43:31.310   Dest filename: C:\Program Files\SamaHesab\ru\System.Windows.Input.Manipulations.resources.dll
2026-06-25 16:43:31.310   Time stamp of our file: 2026-04-30 13:27:42.000
2026-06-25 16:43:31.310   Dest file exists.
2026-06-25 16:43:31.310   Time stamp of existing file: 2026-04-30 13:27:42.000
2026-06-25 16:43:31.310   Installing the file.
2026-06-25 16:43:31.311   Successfully installed the file.
2026-06-25 16:43:31.311   -- File entry --
2026-06-25 16:43:31.311   Dest filename: C:\Program Files\SamaHesab\ru\System.Xaml.resources.dll
2026-06-25 16:43:31.311   Time stamp of our file: 2026-04-30 13:27:46.000
2026-06-25 16:43:31.311   Dest file exists.
2026-06-25 16:43:31.311   Time stamp of existing file: 2026-04-30 13:27:46.000
2026-06-25 16:43:31.311   Installing the file.
2026-06-25 16:43:31.313   Successfully installed the file.
2026-06-25 16:43:31.313   -- File entry --
2026-06-25 16:43:31.313   Dest filename: C:\Program Files\SamaHesab\ru\UIAutomationClient.resources.dll
2026-06-25 16:43:31.313   Time stamp of our file: 2026-04-30 13:28:30.000
2026-06-25 16:43:31.313   Dest file exists.
2026-06-25 16:43:31.313   Time stamp of existing file: 2026-04-30 13:28:30.000
2026-06-25 16:43:31.313   Installing the file.
2026-06-25 16:43:31.314   Successfully installed the file.
2026-06-25 16:43:31.314   -- File entry --
2026-06-25 16:43:31.314   Dest filename: C:\Program Files\SamaHesab\ru\UIAutomationClientSideProviders.resources.dll
2026-06-25 16:43:31.314   Time stamp of our file: 2026-04-30 13:28:34.000
2026-06-25 16:43:31.314   Dest file exists.
2026-06-25 16:43:31.314   Time stamp of existing file: 2026-04-30 13:28:34.000
2026-06-25 16:43:31.314   Installing the file.
2026-06-25 16:43:31.315   Successfully installed the file.
2026-06-25 16:43:31.315   -- File entry --
2026-06-25 16:43:31.315   Dest filename: C:\Program Files\SamaHesab\ru\UIAutomationProvider.resources.dll
2026-06-25 16:43:31.315   Time stamp of our file: 2026-04-30 13:28:10.000
2026-06-25 16:43:31.315   Dest file exists.
2026-06-25 16:43:31.315   Time stamp of existing file: 2026-04-30 13:28:10.000
2026-06-25 16:43:31.315   Installing the file.
2026-06-25 16:43:31.316   Successfully installed the file.
2026-06-25 16:43:31.316   -- File entry --
2026-06-25 16:43:31.316   Dest filename: C:\Program Files\SamaHesab\ru\UIAutomationTypes.resources.dll
2026-06-25 16:43:31.316   Time stamp of our file: 2026-04-30 13:28:08.000
2026-06-25 16:43:31.316   Dest file exists.
2026-06-25 16:43:31.316   Time stamp of existing file: 2026-04-30 13:28:08.000
2026-06-25 16:43:31.316   Installing the file.
2026-06-25 16:43:31.317   Successfully installed the file.
2026-06-25 16:43:31.317   -- File entry --
2026-06-25 16:43:31.317   Dest filename: C:\Program Files\SamaHesab\ru\WindowsBase.resources.dll
2026-06-25 16:43:31.318   Time stamp of our file: 2026-04-30 13:28:04.000
2026-06-25 16:43:31.318   Dest file exists.
2026-06-25 16:43:31.318   Time stamp of existing file: 2026-04-30 13:28:04.000
2026-06-25 16:43:31.318   Installing the file.
2026-06-25 16:43:31.319   Successfully installed the file.
2026-06-25 16:43:31.319   -- File entry --
2026-06-25 16:43:31.320   Dest filename: C:\Program Files\SamaHesab\Templates\Accounting\01_AccountingVoucher.shtpl
2026-06-25 16:43:31.320   Time stamp of our file: 2026-06-20 12:30:38.000
2026-06-25 16:43:31.320   Dest file exists.
2026-06-25 16:43:31.320   Time stamp of existing file: 2026-06-20 12:30:38.000
2026-06-25 16:43:31.320   Installing the file.
2026-06-25 16:43:31.321   Successfully installed the file.
2026-06-25 16:43:31.321   -- File entry --
2026-06-25 16:43:31.321   Dest filename: C:\Program Files\SamaHesab\Templates\Accounting\02_JournalVoucher.shtpl
2026-06-25 16:43:31.321   Time stamp of our file: 2026-06-20 12:30:38.000
2026-06-25 16:43:31.321   Dest file exists.
2026-06-25 16:43:31.321   Time stamp of existing file: 2026-06-20 12:30:38.000
2026-06-25 16:43:31.321   Installing the file.
2026-06-25 16:43:31.322   Successfully installed the file.
2026-06-25 16:43:31.322   -- File entry --
2026-06-25 16:43:31.322   Dest filename: C:\Program Files\SamaHesab\Templates\Accounting\03_LedgerReport.shtpl
2026-06-25 16:43:31.322   Time stamp of our file: 2026-06-20 12:30:38.000
2026-06-25 16:43:31.322   Dest file exists.
2026-06-25 16:43:31.322   Time stamp of existing file: 2026-06-20 12:30:38.000
2026-06-25 16:43:31.322   Installing the file.
2026-06-25 16:43:31.323   Successfully installed the file.
2026-06-25 16:43:31.323   -- File entry --
2026-06-25 16:43:31.323   Dest filename: C:\Program Files\SamaHesab\Templates\Accounting\04_TrialBalance.shtpl
2026-06-25 16:43:31.323   Time stamp of our file: 2026-06-20 12:30:38.000
2026-06-25 16:43:31.323   Dest file exists.
2026-06-25 16:43:31.323   Time stamp of existing file: 2026-06-20 12:30:38.000
2026-06-25 16:43:31.323   Installing the file.
2026-06-25 16:43:31.324   Successfully installed the file.
2026-06-25 16:43:31.324   -- File entry --
2026-06-25 16:43:31.324   Dest filename: C:\Program Files\SamaHesab\Templates\Accounting\05_BalanceSheet.shtpl
2026-06-25 16:43:31.324   Time stamp of our file: 2026-06-20 12:30:38.000
2026-06-25 16:43:31.324   Dest file exists.
2026-06-25 16:43:31.324   Time stamp of existing file: 2026-06-20 12:30:38.000
2026-06-25 16:43:31.324   Installing the file.
2026-06-25 16:43:31.324   Successfully installed the file.
2026-06-25 16:43:31.324   -- File entry --
2026-06-25 16:43:31.326   Dest filename: C:\Program Files\SamaHesab\Templates\Accounting\06_ProfitLoss.shtpl
2026-06-25 16:43:31.326   Time stamp of our file: 2026-06-20 12:30:38.000
2026-06-25 16:43:31.326   Dest file exists.
2026-06-25 16:43:31.326   Time stamp of existing file: 2026-06-20 12:30:38.000
2026-06-25 16:43:31.326   Installing the file.
2026-06-25 16:43:31.326   Successfully installed the file.
2026-06-25 16:43:31.326   -- File entry --
2026-06-25 16:43:31.327   Dest filename: C:\Program Files\SamaHesab\Templates\Customers\01_CustomerStatement.shtpl
2026-06-25 16:43:31.327   Time stamp of our file: 2026-06-20 12:30:38.000
2026-06-25 16:43:31.327   Dest file exists.
2026-06-25 16:43:31.327   Time stamp of existing file: 2026-06-20 12:30:38.000
2026-06-25 16:43:31.327   Installing the file.
2026-06-25 16:43:31.327   Successfully installed the file.
2026-06-25 16:43:31.327   -- File entry --
2026-06-25 16:43:31.327   Dest filename: C:\Program Files\SamaHesab\Templates\Customers\02_CustomerBalance.shtpl
2026-06-25 16:43:31.327   Time stamp of our file: 2026-06-20 12:30:38.000
2026-06-25 16:43:31.327   Dest file exists.
2026-06-25 16:43:31.327   Time stamp of existing file: 2026-06-20 12:30:38.000
2026-06-25 16:43:31.327   Installing the file.
2026-06-25 16:43:31.328   Successfully installed the file.
2026-06-25 16:43:31.328   -- File entry --
2026-06-25 16:43:31.328   Dest filename: C:\Program Files\SamaHesab\Templates\Customers\03_CustomerAccountCard.shtpl
2026-06-25 16:43:31.328   Time stamp of our file: 2026-06-20 12:30:38.000
2026-06-25 16:43:31.328   Dest file exists.
2026-06-25 16:43:31.328   Time stamp of existing file: 2026-06-20 12:30:38.000
2026-06-25 16:43:31.328   Installing the file.
2026-06-25 16:43:31.329   Successfully installed the file.
2026-06-25 16:43:31.329   -- File entry --
2026-06-25 16:43:31.329   Dest filename: C:\Program Files\SamaHesab\Templates\Inventory\01_WarehouseReceipt.shtpl
2026-06-25 16:43:31.329   Time stamp of our file: 2026-06-20 12:30:38.000
2026-06-25 16:43:31.329   Dest file exists.
2026-06-25 16:43:31.329   Time stamp of existing file: 2026-06-20 12:30:38.000
2026-06-25 16:43:31.329   Installing the file.
2026-06-25 16:43:31.330   Successfully installed the file.
2026-06-25 16:43:31.330   -- File entry --
2026-06-25 16:43:31.330   Dest filename: C:\Program Files\SamaHesab\Templates\Inventory\02_WarehouseIssue.shtpl
2026-06-25 16:43:31.330   Time stamp of our file: 2026-06-20 12:30:38.000
2026-06-25 16:43:31.330   Dest file exists.
2026-06-25 16:43:31.330   Time stamp of existing file: 2026-06-20 12:30:38.000
2026-06-25 16:43:31.330   Installing the file.
2026-06-25 16:43:31.332   Successfully installed the file.
2026-06-25 16:43:31.332   -- File entry --
2026-06-25 16:43:31.332   Dest filename: C:\Program Files\SamaHesab\Templates\Inventory\03_InventoryTransfer.shtpl
2026-06-25 16:43:31.332   Time stamp of our file: 2026-06-20 12:30:38.000
2026-06-25 16:43:31.332   Dest file exists.
2026-06-25 16:43:31.332   Time stamp of existing file: 2026-06-20 12:30:38.000
2026-06-25 16:43:31.332   Installing the file.
2026-06-25 16:43:31.333   Successfully installed the file.
2026-06-25 16:43:31.333   -- File entry --
2026-06-25 16:43:31.333   Dest filename: C:\Program Files\SamaHesab\Templates\Inventory\04_InventoryCount.shtpl
2026-06-25 16:43:31.333   Time stamp of our file: 2026-06-20 12:30:38.000
2026-06-25 16:43:31.333   Dest file exists.
2026-06-25 16:43:31.333   Time stamp of existing file: 2026-06-20 12:30:38.000
2026-06-25 16:43:31.333   Installing the file.
2026-06-25 16:43:31.334   Successfully installed the file.
2026-06-25 16:43:31.334   -- File entry --
2026-06-25 16:43:31.334   Dest filename: C:\Program Files\SamaHesab\Templates\Inventory\05_InventoryAdjustment.shtpl
2026-06-25 16:43:31.334   Time stamp of our file: 2026-06-20 12:30:38.000
2026-06-25 16:43:31.334   Dest file exists.
2026-06-25 16:43:31.334   Time stamp of existing file: 2026-06-20 12:30:38.000
2026-06-25 16:43:31.334   Installing the file.
2026-06-25 16:43:31.335   Successfully installed the file.
2026-06-25 16:43:31.335   -- File entry --
2026-06-25 16:43:31.335   Dest filename: C:\Program Files\SamaHesab\Templates\Inventory\06_ProductCardex.shtpl
2026-06-25 16:43:31.335   Time stamp of our file: 2026-06-20 12:30:38.000
2026-06-25 16:43:31.335   Dest file exists.
2026-06-25 16:43:31.335   Time stamp of existing file: 2026-06-20 12:30:38.000
2026-06-25 16:43:31.335   Installing the file.
2026-06-25 16:43:31.336   Successfully installed the file.
2026-06-25 16:43:31.336   -- File entry --
2026-06-25 16:43:31.336   Dest filename: C:\Program Files\SamaHesab\Templates\POS\01_Receipt58mm.shtpl
2026-06-25 16:43:31.336   Time stamp of our file: 2026-06-20 12:30:38.000
2026-06-25 16:43:31.336   Dest file exists.
2026-06-25 16:43:31.337   Time stamp of existing file: 2026-06-20 12:30:38.000
2026-06-25 16:43:31.337   Installing the file.
2026-06-25 16:43:31.337   Successfully installed the file.
2026-06-25 16:43:31.337   -- File entry --
2026-06-25 16:43:31.337   Dest filename: C:\Program Files\SamaHesab\Templates\POS\02_Receipt80mm.shtpl
2026-06-25 16:43:31.337   Time stamp of our file: 2026-06-20 12:30:38.000
2026-06-25 16:43:31.337   Dest file exists.
2026-06-25 16:43:31.338   Time stamp of existing file: 2026-06-20 12:30:38.000
2026-06-25 16:43:31.338   Installing the file.
2026-06-25 16:43:31.338   Successfully installed the file.
2026-06-25 16:43:31.338   -- File entry --
2026-06-25 16:43:31.338   Dest filename: C:\Program Files\SamaHesab\Templates\POS\03_DetailedReceipt.shtpl
2026-06-25 16:43:31.338   Time stamp of our file: 2026-06-20 12:30:38.000
2026-06-25 16:43:31.338   Dest file exists.
2026-06-25 16:43:31.338   Time stamp of existing file: 2026-06-20 12:30:38.000
2026-06-25 16:43:31.338   Installing the file.
2026-06-25 16:43:31.339   Successfully installed the file.
2026-06-25 16:43:31.339   -- File entry --
2026-06-25 16:43:31.339   Dest filename: C:\Program Files\SamaHesab\Templates\Purchase\01_PurchaseInvoice.shtpl
2026-06-25 16:43:31.339   Time stamp of our file: 2026-06-20 12:30:38.000
2026-06-25 16:43:31.339   Dest file exists.
2026-06-25 16:43:31.339   Time stamp of existing file: 2026-06-20 12:30:38.000
2026-06-25 16:43:31.339   Installing the file.
2026-06-25 16:43:31.340   Successfully installed the file.
2026-06-25 16:43:31.340   -- File entry --
2026-06-25 16:43:31.340   Dest filename: C:\Program Files\SamaHesab\Templates\Purchase\02_PurchaseReturn.shtpl
2026-06-25 16:43:31.340   Time stamp of our file: 2026-06-20 12:30:38.000
2026-06-25 16:43:31.340   Dest file exists.
2026-06-25 16:43:31.340   Time stamp of existing file: 2026-06-20 12:30:38.000
2026-06-25 16:43:31.340   Installing the file.
2026-06-25 16:43:31.341   Successfully installed the file.
2026-06-25 16:43:31.341   -- File entry --
2026-06-25 16:43:31.341   Dest filename: C:\Program Files\SamaHesab\Templates\Purchase\03_SupplierSettlement.shtpl
2026-06-25 16:43:31.341   Time stamp of our file: 2026-06-20 12:30:38.000
2026-06-25 16:43:31.341   Dest file exists.
2026-06-25 16:43:31.341   Time stamp of existing file: 2026-06-20 12:30:38.000
2026-06-25 16:43:31.341   Installing the file.
2026-06-25 16:43:31.342   Successfully installed the file.
2026-06-25 16:43:31.342   -- File entry --
2026-06-25 16:43:31.342   Dest filename: C:\Program Files\SamaHesab\Templates\Restaurant\01_KitchenOrderTicket.shtpl
2026-06-25 16:43:31.343   Time stamp of our file: 2026-06-20 12:30:38.000
2026-06-25 16:43:31.343   Dest file exists.
2026-06-25 16:43:31.343   Time stamp of existing file: 2026-06-20 12:30:38.000
2026-06-25 16:43:31.343   Installing the file.
2026-06-25 16:43:31.343   Successfully installed the file.
2026-06-25 16:43:31.343   -- File entry --
2026-06-25 16:43:31.345   Dest filename: C:\Program Files\SamaHesab\Templates\Restaurant\02_RestaurantReceipt.shtpl
2026-06-25 16:43:31.345   Time stamp of our file: 2026-06-20 12:30:38.000
2026-06-25 16:43:31.345   Dest file exists.
2026-06-25 16:43:31.345   Time stamp of existing file: 2026-06-20 12:30:38.000
2026-06-25 16:43:31.345   Installing the file.
2026-06-25 16:43:31.345   Successfully installed the file.
2026-06-25 16:43:31.345   -- File entry --
2026-06-25 16:43:31.345   Dest filename: C:\Program Files\SamaHesab\Templates\Restaurant\03_DeliveryReceipt.shtpl
2026-06-25 16:43:31.345   Time stamp of our file: 2026-06-20 12:30:38.000
2026-06-25 16:43:31.345   Dest file exists.
2026-06-25 16:43:31.345   Time stamp of existing file: 2026-06-20 12:30:38.000
2026-06-25 16:43:31.345   Installing the file.
2026-06-25 16:43:31.346   Successfully installed the file.
2026-06-25 16:43:31.346   -- File entry --
2026-06-25 16:43:31.346   Dest filename: C:\Program Files\SamaHesab\Templates\Restaurant\04_TableSettlement.shtpl
2026-06-25 16:43:31.346   Time stamp of our file: 2026-06-20 12:30:38.000
2026-06-25 16:43:31.346   Dest file exists.
2026-06-25 16:43:31.346   Time stamp of existing file: 2026-06-20 12:30:38.000
2026-06-25 16:43:31.346   Installing the file.
2026-06-25 16:43:31.347   Successfully installed the file.
2026-06-25 16:43:31.347   -- File entry --
2026-06-25 16:43:31.347   Dest filename: C:\Program Files\SamaHesab\Templates\Sales\01_OfficialInvoice.shtpl
2026-06-25 16:43:31.347   Time stamp of our file: 2026-06-20 12:30:38.000
2026-06-25 16:43:31.347   Dest file exists.
2026-06-25 16:43:31.347   Time stamp of existing file: 2026-06-20 12:30:38.000
2026-06-25 16:43:31.347   Installing the file.
2026-06-25 16:43:31.348   Successfully installed the file.
2026-06-25 16:43:31.348   -- File entry --
2026-06-25 16:43:31.348   Dest filename: C:\Program Files\SamaHesab\Templates\Sales\02_RetailInvoice.shtpl
2026-06-25 16:43:31.348   Time stamp of our file: 2026-06-20 12:30:38.000
2026-06-25 16:43:31.348   Dest file exists.
2026-06-25 16:43:31.348   Time stamp of existing file: 2026-06-20 12:30:38.000
2026-06-25 16:43:31.348   Installing the file.
2026-06-25 16:43:31.349   Successfully installed the file.
2026-06-25 16:43:31.349   -- File entry --
2026-06-25 16:43:31.349   Dest filename: C:\Program Files\SamaHesab\Templates\Sales\03_WholesaleInvoice.shtpl
2026-06-25 16:43:31.349   Time stamp of our file: 2026-06-20 12:30:38.000
2026-06-25 16:43:31.349   Dest file exists.
2026-06-25 16:43:31.349   Time stamp of existing file: 2026-06-20 12:30:38.000
2026-06-25 16:43:31.349   Installing the file.
2026-06-25 16:43:31.350   Successfully installed the file.
2026-06-25 16:43:31.350   -- File entry --
2026-06-25 16:43:31.350   Dest filename: C:\Program Files\SamaHesab\Templates\Sales\04_ServiceInvoice.shtpl
2026-06-25 16:43:31.350   Time stamp of our file: 2026-06-20 12:30:38.000
2026-06-25 16:43:31.350   Dest file exists.
2026-06-25 16:43:31.350   Time stamp of existing file: 2026-06-20 12:30:38.000
2026-06-25 16:43:31.350   Installing the file.
2026-06-25 16:43:31.351   Successfully installed the file.
2026-06-25 16:43:31.351   -- File entry --
2026-06-25 16:43:31.351   Dest filename: C:\Program Files\SamaHesab\Templates\Sales\05_ProformaInvoice.shtpl
2026-06-25 16:43:31.351   Time stamp of our file: 2026-06-20 12:30:38.000
2026-06-25 16:43:31.351   Dest file exists.
2026-06-25 16:43:31.351   Time stamp of existing file: 2026-06-20 12:30:38.000
2026-06-25 16:43:31.351   Installing the file.
2026-06-25 16:43:31.352   Successfully installed the file.
2026-06-25 16:43:31.352   -- File entry --
2026-06-25 16:43:31.352   Dest filename: C:\Program Files\SamaHesab\Templates\Sales\06_ExportInvoice.shtpl
2026-06-25 16:43:31.352   Time stamp of our file: 2026-06-20 12:30:38.000
2026-06-25 16:43:31.352   Dest file exists.
2026-06-25 16:43:31.352   Time stamp of existing file: 2026-06-20 12:30:38.000
2026-06-25 16:43:31.352   Installing the file.
2026-06-25 16:43:31.353   Successfully installed the file.
2026-06-25 16:43:31.353   -- File entry --
2026-06-25 16:43:31.353   Dest filename: C:\Program Files\SamaHesab\Templates\Sales\07_MultiBranchInvoice.shtpl
2026-06-25 16:43:31.353   Time stamp of our file: 2026-06-20 12:30:38.000
2026-06-25 16:43:31.353   Dest file exists.
2026-06-25 16:43:31.353   Time stamp of existing file: 2026-06-20 12:30:38.000
2026-06-25 16:43:31.353   Installing the file.
2026-06-25 16:43:31.353   Successfully installed the file.
2026-06-25 16:43:31.353   -- File entry --
2026-06-25 16:43:31.353   Dest filename: C:\Program Files\SamaHesab\Templates\Tourism\01_HotelVoucher.shtpl
2026-06-25 16:43:31.355   Time stamp of our file: 2026-06-20 12:30:38.000
2026-06-25 16:43:31.355   Dest file exists.
2026-06-25 16:43:31.355   Time stamp of existing file: 2026-06-20 12:30:38.000
2026-06-25 16:43:31.355   Installing the file.
2026-06-25 16:43:31.355   Successfully installed the file.
2026-06-25 16:43:31.355   -- File entry --
2026-06-25 16:43:31.355   Dest filename: C:\Program Files\SamaHesab\Templates\Tourism\02_ReservationConfirmation.shtpl
2026-06-25 16:43:31.356   Time stamp of our file: 2026-06-20 12:30:38.000
2026-06-25 16:43:31.356   Dest file exists.
2026-06-25 16:43:31.356   Time stamp of existing file: 2026-06-20 12:30:38.000
2026-06-25 16:43:31.356   Installing the file.
2026-06-25 16:43:31.356   Successfully installed the file.
2026-06-25 16:43:31.356   -- File entry --
2026-06-25 16:43:31.356   Dest filename: C:\Program Files\SamaHesab\Templates\Tourism\03_TravelContract.shtpl
2026-06-25 16:43:31.356   Time stamp of our file: 2026-06-20 12:30:38.000
2026-06-25 16:43:31.356   Dest file exists.
2026-06-25 16:43:31.356   Time stamp of existing file: 2026-06-20 12:30:38.000
2026-06-25 16:43:31.356   Installing the file.
2026-06-25 16:43:31.357   Successfully installed the file.
2026-06-25 16:43:31.357   -- File entry --
2026-06-25 16:43:31.357   Dest filename: C:\Program Files\SamaHesab\Templates\Tourism\04_PassengerList.shtpl
2026-06-25 16:43:31.357   Time stamp of our file: 2026-06-20 12:30:38.000
2026-06-25 16:43:31.357   Dest file exists.
2026-06-25 16:43:31.357   Time stamp of existing file: 2026-06-20 12:30:38.000
2026-06-25 16:43:31.357   Installing the file.
2026-06-25 16:43:31.358   Successfully installed the file.
2026-06-25 16:43:31.358   -- File entry --
2026-06-25 16:43:31.358   Dest filename: C:\Program Files\SamaHesab\Templates\Treasury\01_ReceiptVoucher.shtpl
2026-06-25 16:43:31.358   Time stamp of our file: 2026-06-20 12:30:38.000
2026-06-25 16:43:31.358   Dest file exists.
2026-06-25 16:43:31.358   Time stamp of existing file: 2026-06-20 12:30:38.000
2026-06-25 16:43:31.358   Installing the file.
2026-06-25 16:43:31.359   Successfully installed the file.
2026-06-25 16:43:31.359   -- File entry --
2026-06-25 16:43:31.359   Dest filename: C:\Program Files\SamaHesab\Templates\Treasury\02_PaymentVoucher.shtpl
2026-06-25 16:43:31.359   Time stamp of our file: 2026-06-20 12:30:38.000
2026-06-25 16:43:31.359   Dest file exists.
2026-06-25 16:43:31.359   Time stamp of existing file: 2026-06-20 12:30:38.000
2026-06-25 16:43:31.359   Installing the file.
2026-06-25 16:43:31.361   Successfully installed the file.
2026-06-25 16:43:31.361   -- File entry --
2026-06-25 16:43:31.361   Dest filename: C:\Program Files\SamaHesab\Templates\Treasury\03_CashReceipt.shtpl
2026-06-25 16:43:31.361   Time stamp of our file: 2026-06-20 12:30:38.000
2026-06-25 16:43:31.361   Dest file exists.
2026-06-25 16:43:31.361   Time stamp of existing file: 2026-06-20 12:30:38.000
2026-06-25 16:43:31.361   Installing the file.
2026-06-25 16:43:31.362   Successfully installed the file.
2026-06-25 16:43:31.362   -- File entry --
2026-06-25 16:43:31.362   Dest filename: C:\Program Files\SamaHesab\Templates\Treasury\04_CashPayment.shtpl
2026-06-25 16:43:31.362   Time stamp of our file: 2026-06-20 12:30:38.000
2026-06-25 16:43:31.362   Dest file exists.
2026-06-25 16:43:31.362   Time stamp of existing file: 2026-06-20 12:30:38.000
2026-06-25 16:43:31.362   Installing the file.
2026-06-25 16:43:31.363   Successfully installed the file.
2026-06-25 16:43:31.363   -- File entry --
2026-06-25 16:43:31.363   Dest filename: C:\Program Files\SamaHesab\Templates\Treasury\05_ChequeReceipt.shtpl
2026-06-25 16:43:31.363   Time stamp of our file: 2026-06-20 12:30:38.000
2026-06-25 16:43:31.363   Dest file exists.
2026-06-25 16:43:31.363   Time stamp of existing file: 2026-06-20 12:30:38.000
2026-06-25 16:43:31.363   Installing the file.
2026-06-25 16:43:31.364   Successfully installed the file.
2026-06-25 16:43:31.364   -- File entry --
2026-06-25 16:43:31.364   Dest filename: C:\Program Files\SamaHesab\Templates\Treasury\06_ChequePayment.shtpl
2026-06-25 16:43:31.364   Time stamp of our file: 2026-06-20 12:30:38.000
2026-06-25 16:43:31.364   Dest file exists.
2026-06-25 16:43:31.364   Time stamp of existing file: 2026-06-20 12:30:38.000
2026-06-25 16:43:31.364   Installing the file.
2026-06-25 16:43:31.365   Successfully installed the file.
2026-06-25 16:43:31.365   -- File entry --
2026-06-25 16:43:31.365   Dest filename: C:\Program Files\SamaHesab\tr\Microsoft.VisualBasic.Forms.resources.dll
2026-06-25 16:43:31.365   Time stamp of our file: 2026-04-30 11:01:14.000
2026-06-25 16:43:31.365   Dest file exists.
2026-06-25 16:43:31.365   Time stamp of existing file: 2026-04-30 11:01:14.000
2026-06-25 16:43:31.365   Installing the file.
2026-06-25 16:43:31.366   Successfully installed the file.
2026-06-25 16:43:31.366   -- File entry --
2026-06-25 16:43:31.366   Dest filename: C:\Program Files\SamaHesab\tr\PresentationCore.resources.dll
2026-06-25 16:43:31.366   Time stamp of our file: 2026-04-30 13:28:26.000
2026-06-25 16:43:31.366   Dest file exists.
2026-06-25 16:43:31.366   Time stamp of existing file: 2026-04-30 13:28:26.000
2026-06-25 16:43:31.366   Installing the file.
2026-06-25 16:43:31.368   Successfully installed the file.
2026-06-25 16:43:31.368   -- File entry --
2026-06-25 16:43:31.368   Dest filename: C:\Program Files\SamaHesab\tr\PresentationFramework.resources.dll
2026-06-25 16:43:31.368   Time stamp of our file: 2026-04-30 13:28:50.000
2026-06-25 16:43:31.368   Dest file exists.
2026-06-25 16:43:31.368   Time stamp of existing file: 2026-04-30 13:28:50.000
2026-06-25 16:43:31.369   Installing the file.
2026-06-25 16:43:31.371   Successfully installed the file.
2026-06-25 16:43:31.371   -- File entry --
2026-06-25 16:43:31.371   Dest filename: C:\Program Files\SamaHesab\tr\PresentationUI.resources.dll
2026-06-25 16:43:31.371   Time stamp of our file: 2026-04-30 13:29:16.000
2026-06-25 16:43:31.371   Dest file exists.
2026-06-25 16:43:31.371   Time stamp of existing file: 2026-04-30 13:29:16.000
2026-06-25 16:43:31.371   Installing the file.
2026-06-25 16:43:31.372   Successfully installed the file.
2026-06-25 16:43:31.372   -- File entry --
2026-06-25 16:43:31.372   Dest filename: C:\Program Files\SamaHesab\tr\ReachFramework.resources.dll
2026-06-25 16:43:31.372   Time stamp of our file: 2026-04-30 13:28:38.000
2026-06-25 16:43:31.372   Dest file exists.
2026-06-25 16:43:31.372   Time stamp of existing file: 2026-04-30 13:28:38.000
2026-06-25 16:43:31.372   Installing the file.
2026-06-25 16:43:31.374   Successfully installed the file.
2026-06-25 16:43:31.374   -- File entry --
2026-06-25 16:43:31.374   Dest filename: C:\Program Files\SamaHesab\tr\System.Windows.Controls.Ribbon.resources.dll
2026-06-25 16:43:31.374   Time stamp of our file: 2026-04-30 13:29:38.000
2026-06-25 16:43:31.374   Dest file exists.
2026-06-25 16:43:31.374   Time stamp of existing file: 2026-04-30 13:29:38.000
2026-06-25 16:43:31.374   Installing the file.
2026-06-25 16:43:31.375   Successfully installed the file.
2026-06-25 16:43:31.375   -- File entry --
2026-06-25 16:43:31.375   Dest filename: C:\Program Files\SamaHesab\tr\System.Windows.Forms.Design.resources.dll
2026-06-25 16:43:31.375   Time stamp of our file: 2026-04-30 11:01:24.000
2026-06-25 16:43:31.375   Dest file exists.
2026-06-25 16:43:31.375   Time stamp of existing file: 2026-04-30 11:01:24.000
2026-06-25 16:43:31.375   Installing the file.
2026-06-25 16:43:31.378   Successfully installed the file.
2026-06-25 16:43:31.378   -- File entry --
2026-06-25 16:43:31.379   Dest filename: C:\Program Files\SamaHesab\tr\System.Windows.Forms.Primitives.resources.dll
2026-06-25 16:43:31.379   Time stamp of our file: 2026-04-30 11:00:38.000
2026-06-25 16:43:31.379   Dest file exists.
2026-06-25 16:43:31.379   Time stamp of existing file: 2026-04-30 11:00:38.000
2026-06-25 16:43:31.379   Installing the file.
2026-06-25 16:43:31.379   Successfully installed the file.
2026-06-25 16:43:31.379   -- File entry --
2026-06-25 16:43:31.379   Dest filename: C:\Program Files\SamaHesab\tr\System.Windows.Forms.resources.dll
2026-06-25 16:43:31.379   Time stamp of our file: 2026-04-30 11:01:10.000
2026-06-25 16:43:31.379   Dest file exists.
2026-06-25 16:43:31.379   Time stamp of existing file: 2026-04-30 11:01:10.000
2026-06-25 16:43:31.379   Installing the file.
2026-06-25 16:43:31.385   Successfully installed the file.
2026-06-25 16:43:31.385   -- File entry --
2026-06-25 16:43:31.385   Dest filename: C:\Program Files\SamaHesab\tr\System.Windows.Input.Manipulations.resources.dll
2026-06-25 16:43:31.385   Time stamp of our file: 2026-04-30 13:27:42.000
2026-06-25 16:43:31.385   Dest file exists.
2026-06-25 16:43:31.385   Time stamp of existing file: 2026-04-30 13:27:42.000
2026-06-25 16:43:31.385   Installing the file.
2026-06-25 16:43:31.386   Successfully installed the file.
2026-06-25 16:43:31.386   -- File entry --
2026-06-25 16:43:31.386   Dest filename: C:\Program Files\SamaHesab\tr\System.Xaml.resources.dll
2026-06-25 16:43:31.386   Time stamp of our file: 2026-04-30 13:27:46.000
2026-06-25 16:43:31.386   Dest file exists.
2026-06-25 16:43:31.386   Time stamp of existing file: 2026-04-30 13:27:46.000
2026-06-25 16:43:31.386   Installing the file.
2026-06-25 16:43:31.388   Successfully installed the file.
2026-06-25 16:43:31.388   -- File entry --
2026-06-25 16:43:31.388   Dest filename: C:\Program Files\SamaHesab\tr\UIAutomationClient.resources.dll
2026-06-25 16:43:31.388   Time stamp of our file: 2026-04-30 13:28:30.000
2026-06-25 16:43:31.388   Dest file exists.
2026-06-25 16:43:31.388   Time stamp of existing file: 2026-04-30 13:28:30.000
2026-06-25 16:43:31.388   Installing the file.
2026-06-25 16:43:31.389   Successfully installed the file.
2026-06-25 16:43:31.389   -- File entry --
2026-06-25 16:43:31.389   Dest filename: C:\Program Files\SamaHesab\tr\UIAutomationClientSideProviders.resources.dll
2026-06-25 16:43:31.389   Time stamp of our file: 2026-04-30 13:28:34.000
2026-06-25 16:43:31.389   Dest file exists.
2026-06-25 16:43:31.389   Time stamp of existing file: 2026-04-30 13:28:34.000
2026-06-25 16:43:31.389   Installing the file.
2026-06-25 16:43:31.390   Successfully installed the file.
2026-06-25 16:43:31.390   -- File entry --
2026-06-25 16:43:31.390   Dest filename: C:\Program Files\SamaHesab\tr\UIAutomationProvider.resources.dll
2026-06-25 16:43:31.390   Time stamp of our file: 2026-04-30 13:28:10.000
2026-06-25 16:43:31.390   Dest file exists.
2026-06-25 16:43:31.390   Time stamp of existing file: 2026-04-30 13:28:10.000
2026-06-25 16:43:31.390   Installing the file.
2026-06-25 16:43:31.391   Successfully installed the file.
2026-06-25 16:43:31.391   -- File entry --
2026-06-25 16:43:31.391   Dest filename: C:\Program Files\SamaHesab\tr\UIAutomationTypes.resources.dll
2026-06-25 16:43:31.391   Time stamp of our file: 2026-04-30 13:28:08.000
2026-06-25 16:43:31.391   Dest file exists.
2026-06-25 16:43:31.391   Time stamp of existing file: 2026-04-30 13:28:08.000
2026-06-25 16:43:31.391   Installing the file.
2026-06-25 16:43:31.392   Successfully installed the file.
2026-06-25 16:43:31.392   -- File entry --
2026-06-25 16:43:31.392   Dest filename: C:\Program Files\SamaHesab\tr\WindowsBase.resources.dll
2026-06-25 16:43:31.392   Time stamp of our file: 2026-04-30 13:28:04.000
2026-06-25 16:43:31.392   Dest file exists.
2026-06-25 16:43:31.392   Time stamp of existing file: 2026-04-30 13:28:04.000
2026-06-25 16:43:31.392   Installing the file.
2026-06-25 16:43:31.394   Successfully installed the file.
2026-06-25 16:43:31.394   -- File entry --
2026-06-25 16:43:31.394   Dest filename: C:\Program Files\SamaHesab\zh-Hans\Microsoft.Data.SqlClient.resources.dll
2026-06-25 16:43:31.394   Time stamp of our file: 2024-08-27 22:16:52.000
2026-06-25 16:43:31.394   Dest file exists.
2026-06-25 16:43:31.394   Time stamp of existing file: 2024-08-27 22:16:52.000
2026-06-25 16:43:31.394   Installing the file.
2026-06-25 16:43:31.398   Successfully installed the file.
2026-06-25 16:43:31.398   -- File entry --
2026-06-25 16:43:31.398   Dest filename: C:\Program Files\SamaHesab\zh-Hans\Microsoft.VisualBasic.Forms.resources.dll
2026-06-25 16:43:31.398   Time stamp of our file: 2026-04-30 11:01:14.000
2026-06-25 16:43:31.398   Dest file exists.
2026-06-25 16:43:31.398   Time stamp of existing file: 2026-04-30 11:01:14.000
2026-06-25 16:43:31.398   Installing the file.
2026-06-25 16:43:31.399   Successfully installed the file.
2026-06-25 16:43:31.399   -- File entry --
2026-06-25 16:43:31.399   Dest filename: C:\Program Files\SamaHesab\zh-Hans\PresentationCore.resources.dll
2026-06-25 16:43:31.399   Time stamp of our file: 2026-04-30 13:28:26.000
2026-06-25 16:43:31.399   Dest file exists.
2026-06-25 16:43:31.399   Time stamp of existing file: 2026-04-30 13:28:26.000
2026-06-25 16:43:31.399   Installing the file.
2026-06-25 16:43:31.401   Successfully installed the file.
2026-06-25 16:43:31.401   -- File entry --
2026-06-25 16:43:31.401   Dest filename: C:\Program Files\SamaHesab\zh-Hans\PresentationFramework.resources.dll
2026-06-25 16:43:31.401   Time stamp of our file: 2026-04-30 13:28:50.000
2026-06-25 16:43:31.401   Dest file exists.
2026-06-25 16:43:31.401   Time stamp of existing file: 2026-04-30 13:28:50.000
2026-06-25 16:43:31.401   Installing the file.
2026-06-25 16:43:31.404   Successfully installed the file.
2026-06-25 16:43:31.404   -- File entry --
2026-06-25 16:43:31.404   Dest filename: C:\Program Files\SamaHesab\zh-Hans\PresentationUI.resources.dll
2026-06-25 16:43:31.404   Time stamp of our file: 2026-04-30 13:29:16.000
2026-06-25 16:43:31.404   Dest file exists.
2026-06-25 16:43:31.404   Time stamp of existing file: 2026-04-30 13:29:16.000
2026-06-25 16:43:31.404   Installing the file.
2026-06-25 16:43:31.405   Successfully installed the file.
2026-06-25 16:43:31.405   -- File entry --
2026-06-25 16:43:31.405   Dest filename: C:\Program Files\SamaHesab\zh-Hans\ReachFramework.resources.dll
2026-06-25 16:43:31.406   Time stamp of our file: 2026-04-30 13:28:38.000
2026-06-25 16:43:31.406   Dest file exists.
2026-06-25 16:43:31.406   Time stamp of existing file: 2026-04-30 13:28:38.000
2026-06-25 16:43:31.406   Installing the file.
2026-06-25 16:43:31.407   Successfully installed the file.
2026-06-25 16:43:31.407   -- File entry --
2026-06-25 16:43:31.407   Dest filename: C:\Program Files\SamaHesab\zh-Hans\System.Windows.Controls.Ribbon.resources.dll
2026-06-25 16:43:31.407   Time stamp of our file: 2026-04-30 13:29:38.000
2026-06-25 16:43:31.407   Dest file exists.
2026-06-25 16:43:31.407   Time stamp of existing file: 2026-04-30 13:29:38.000
2026-06-25 16:43:31.407   Installing the file.
2026-06-25 16:43:31.408   Successfully installed the file.
2026-06-25 16:43:31.408   -- File entry --
2026-06-25 16:43:31.408   Dest filename: C:\Program Files\SamaHesab\zh-Hans\System.Windows.Forms.Design.resources.dll
2026-06-25 16:43:31.408   Time stamp of our file: 2026-04-30 11:01:24.000
2026-06-25 16:43:31.408   Dest file exists.
2026-06-25 16:43:31.408   Time stamp of existing file: 2026-04-30 11:01:24.000
2026-06-25 16:43:31.408   Installing the file.
2026-06-25 16:43:31.411   Successfully installed the file.
2026-06-25 16:43:31.411   -- File entry --
2026-06-25 16:43:31.411   Dest filename: C:\Program Files\SamaHesab\zh-Hans\System.Windows.Forms.Primitives.resources.dll
2026-06-25 16:43:31.413   Time stamp of our file: 2026-04-30 11:00:38.000
2026-06-25 16:43:31.413   Dest file exists.
2026-06-25 16:43:31.413   Time stamp of existing file: 2026-04-30 11:00:38.000
2026-06-25 16:43:31.413   Installing the file.
2026-06-25 16:43:31.413   Successfully installed the file.
2026-06-25 16:43:31.413   -- File entry --
2026-06-25 16:43:31.413   Dest filename: C:\Program Files\SamaHesab\zh-Hans\System.Windows.Forms.resources.dll
2026-06-25 16:43:31.413   Time stamp of our file: 2026-04-30 11:01:10.000
2026-06-25 16:43:31.413   Dest file exists.
2026-06-25 16:43:31.413   Time stamp of existing file: 2026-04-30 11:01:10.000
2026-06-25 16:43:31.413   Installing the file.
2026-06-25 16:43:31.418   Successfully installed the file.
2026-06-25 16:43:31.418   -- File entry --
2026-06-25 16:43:31.418   Dest filename: C:\Program Files\SamaHesab\zh-Hans\System.Windows.Input.Manipulations.resources.dll
2026-06-25 16:43:31.418   Time stamp of our file: 2026-04-30 13:27:44.000
2026-06-25 16:43:31.418   Dest file exists.
2026-06-25 16:43:31.418   Time stamp of existing file: 2026-04-30 13:27:44.000
2026-06-25 16:43:31.418   Installing the file.
2026-06-25 16:43:31.419   Successfully installed the file.
2026-06-25 16:43:31.419   -- File entry --
2026-06-25 16:43:31.419   Dest filename: C:\Program Files\SamaHesab\zh-Hans\System.Xaml.resources.dll
2026-06-25 16:43:31.419   Time stamp of our file: 2026-04-30 13:27:48.000
2026-06-25 16:43:31.419   Dest file exists.
2026-06-25 16:43:31.419   Time stamp of existing file: 2026-04-30 13:27:48.000
2026-06-25 16:43:31.419   Installing the file.
2026-06-25 16:43:31.420   Successfully installed the file.
2026-06-25 16:43:31.420   -- File entry --
2026-06-25 16:43:31.421   Dest filename: C:\Program Files\SamaHesab\zh-Hans\UIAutomationClient.resources.dll
2026-06-25 16:43:31.421   Time stamp of our file: 2026-04-30 13:28:30.000
2026-06-25 16:43:31.421   Dest file exists.
2026-06-25 16:43:31.421   Time stamp of existing file: 2026-04-30 13:28:30.000
2026-06-25 16:43:31.421   Installing the file.
2026-06-25 16:43:31.422   Successfully installed the file.
2026-06-25 16:43:31.422   -- File entry --
2026-06-25 16:43:31.422   Dest filename: C:\Program Files\SamaHesab\zh-Hans\UIAutomationClientSideProviders.resources.dll
2026-06-25 16:43:31.422   Time stamp of our file: 2026-04-30 13:28:34.000
2026-06-25 16:43:31.422   Dest file exists.
2026-06-25 16:43:31.422   Time stamp of existing file: 2026-04-30 13:28:34.000
2026-06-25 16:43:31.422   Installing the file.
2026-06-25 16:43:31.423   Successfully installed the file.
2026-06-25 16:43:31.423   -- File entry --
2026-06-25 16:43:31.423   Dest filename: C:\Program Files\SamaHesab\zh-Hans\UIAutomationProvider.resources.dll
2026-06-25 16:43:31.423   Time stamp of our file: 2026-04-30 13:28:10.000
2026-06-25 16:43:31.423   Dest file exists.
2026-06-25 16:43:31.423   Time stamp of existing file: 2026-04-30 13:28:10.000
2026-06-25 16:43:31.423   Installing the file.
2026-06-25 16:43:31.424   Successfully installed the file.
2026-06-25 16:43:31.424   -- File entry --
2026-06-25 16:43:31.424   Dest filename: C:\Program Files\SamaHesab\zh-Hans\UIAutomationTypes.resources.dll
2026-06-25 16:43:31.424   Time stamp of our file: 2026-04-30 13:28:08.000
2026-06-25 16:43:31.424   Dest file exists.
2026-06-25 16:43:31.424   Time stamp of existing file: 2026-04-30 13:28:08.000
2026-06-25 16:43:31.424   Installing the file.
2026-06-25 16:43:31.425   Successfully installed the file.
2026-06-25 16:43:31.425   -- File entry --
2026-06-25 16:43:31.425   Dest filename: C:\Program Files\SamaHesab\zh-Hans\WindowsBase.resources.dll
2026-06-25 16:43:31.425   Time stamp of our file: 2026-04-30 13:28:04.000
2026-06-25 16:43:31.425   Dest file exists.
2026-06-25 16:43:31.425   Time stamp of existing file: 2026-04-30 13:28:04.000
2026-06-25 16:43:31.425   Installing the file.
2026-06-25 16:43:31.427   Successfully installed the file.
2026-06-25 16:43:31.427   -- File entry --
2026-06-25 16:43:31.427   Dest filename: C:\Program Files\SamaHesab\zh-Hant\Microsoft.Data.SqlClient.resources.dll
2026-06-25 16:43:31.427   Time stamp of our file: 2024-08-27 22:16:52.000
2026-06-25 16:43:31.427   Dest file exists.
2026-06-25 16:43:31.427   Time stamp of existing file: 2024-08-27 22:16:52.000
2026-06-25 16:43:31.427   Installing the file.
2026-06-25 16:43:31.431   Successfully installed the file.
2026-06-25 16:43:31.431   -- File entry --
2026-06-25 16:43:31.431   Dest filename: C:\Program Files\SamaHesab\zh-Hant\Microsoft.VisualBasic.Forms.resources.dll
2026-06-25 16:43:31.431   Time stamp of our file: 2026-04-30 11:01:14.000
2026-06-25 16:43:31.431   Dest file exists.
2026-06-25 16:43:31.431   Time stamp of existing file: 2026-04-30 11:01:14.000
2026-06-25 16:43:31.431   Installing the file.
2026-06-25 16:43:31.432   Successfully installed the file.
2026-06-25 16:43:31.432   -- File entry --
2026-06-25 16:43:31.432   Dest filename: C:\Program Files\SamaHesab\zh-Hant\PresentationCore.resources.dll
2026-06-25 16:43:31.432   Time stamp of our file: 2026-04-30 13:28:26.000
2026-06-25 16:43:31.432   Dest file exists.
2026-06-25 16:43:31.432   Time stamp of existing file: 2026-04-30 13:28:26.000
2026-06-25 16:43:31.432   Installing the file.
2026-06-25 16:43:31.434   Successfully installed the file.
2026-06-25 16:43:31.434   -- File entry --
2026-06-25 16:43:31.434   Dest filename: C:\Program Files\SamaHesab\zh-Hant\PresentationFramework.resources.dll
2026-06-25 16:43:31.434   Time stamp of our file: 2026-04-30 13:28:50.000
2026-06-25 16:43:31.434   Dest file exists.
2026-06-25 16:43:31.434   Time stamp of existing file: 2026-04-30 13:28:50.000
2026-06-25 16:43:31.434   Installing the file.
2026-06-25 16:43:31.437   Successfully installed the file.
2026-06-25 16:43:31.437   -- File entry --
2026-06-25 16:43:31.437   Dest filename: C:\Program Files\SamaHesab\zh-Hant\PresentationUI.resources.dll
2026-06-25 16:43:31.437   Time stamp of our file: 2026-04-30 13:29:16.000
2026-06-25 16:43:31.437   Dest file exists.
2026-06-25 16:43:31.437   Time stamp of existing file: 2026-04-30 13:29:16.000
2026-06-25 16:43:31.437   Installing the file.
2026-06-25 16:43:31.438   Successfully installed the file.
2026-06-25 16:43:31.438   -- File entry --
2026-06-25 16:43:31.438   Dest filename: C:\Program Files\SamaHesab\zh-Hant\ReachFramework.resources.dll
2026-06-25 16:43:31.438   Time stamp of our file: 2026-04-30 13:28:38.000
2026-06-25 16:43:31.438   Dest file exists.
2026-06-25 16:43:31.440   Time stamp of existing file: 2026-04-30 13:28:38.000
2026-06-25 16:43:31.440   Installing the file.
2026-06-25 16:43:31.440   Successfully installed the file.
2026-06-25 16:43:31.440   -- File entry --
2026-06-25 16:43:31.440   Dest filename: C:\Program Files\SamaHesab\zh-Hant\System.Windows.Controls.Ribbon.resources.dll
2026-06-25 16:43:31.441   Time stamp of our file: 2026-04-30 13:29:38.000
2026-06-25 16:43:31.441   Dest file exists.
2026-06-25 16:43:31.441   Time stamp of existing file: 2026-04-30 13:29:38.000
2026-06-25 16:43:31.441   Installing the file.
2026-06-25 16:43:31.441   Successfully installed the file.
2026-06-25 16:43:31.441   -- File entry --
2026-06-25 16:43:31.442   Dest filename: C:\Program Files\SamaHesab\zh-Hant\System.Windows.Forms.Design.resources.dll
2026-06-25 16:43:31.442   Time stamp of our file: 2026-04-30 11:01:24.000
2026-06-25 16:43:31.442   Dest file exists.
2026-06-25 16:43:31.442   Time stamp of existing file: 2026-04-30 11:01:24.000
2026-06-25 16:43:31.442   Installing the file.
2026-06-25 16:43:31.445   Successfully installed the file.
2026-06-25 16:43:31.445   -- File entry --
2026-06-25 16:43:31.445   Dest filename: C:\Program Files\SamaHesab\zh-Hant\System.Windows.Forms.Primitives.resources.dll
2026-06-25 16:43:31.445   Time stamp of our file: 2026-04-30 11:00:38.000
2026-06-25 16:43:31.445   Dest file exists.
2026-06-25 16:43:31.445   Time stamp of existing file: 2026-04-30 11:00:38.000
2026-06-25 16:43:31.445   Installing the file.
2026-06-25 16:43:31.446   Successfully installed the file.
2026-06-25 16:43:31.446   -- File entry --
2026-06-25 16:43:31.446   Dest filename: C:\Program Files\SamaHesab\zh-Hant\System.Windows.Forms.resources.dll
2026-06-25 16:43:31.446   Time stamp of our file: 2026-04-30 11:01:10.000
2026-06-25 16:43:31.446   Dest file exists.
2026-06-25 16:43:31.446   Time stamp of existing file: 2026-04-30 11:01:10.000
2026-06-25 16:43:31.446   Installing the file.
2026-06-25 16:43:31.451   Successfully installed the file.
2026-06-25 16:43:31.451   -- File entry --
2026-06-25 16:43:31.451   Dest filename: C:\Program Files\SamaHesab\zh-Hant\System.Windows.Input.Manipulations.resources.dll
2026-06-25 16:43:31.451   Time stamp of our file: 2026-04-30 13:27:44.000
2026-06-25 16:43:31.451   Dest file exists.
2026-06-25 16:43:31.451   Time stamp of existing file: 2026-04-30 13:27:44.000
2026-06-25 16:43:31.451   Installing the file.
2026-06-25 16:43:31.452   Successfully installed the file.
2026-06-25 16:43:31.452   -- File entry --
2026-06-25 16:43:31.452   Dest filename: C:\Program Files\SamaHesab\zh-Hant\System.Xaml.resources.dll
2026-06-25 16:43:31.452   Time stamp of our file: 2026-04-30 13:27:48.000
2026-06-25 16:43:31.452   Dest file exists.
2026-06-25 16:43:31.452   Time stamp of existing file: 2026-04-30 13:27:48.000
2026-06-25 16:43:31.452   Installing the file.
2026-06-25 16:43:31.453   Successfully installed the file.
2026-06-25 16:43:31.453   -- File entry --
2026-06-25 16:43:31.453   Dest filename: C:\Program Files\SamaHesab\zh-Hant\UIAutomationClient.resources.dll
2026-06-25 16:43:31.453   Time stamp of our file: 2026-04-30 13:28:30.000
2026-06-25 16:43:31.453   Dest file exists.
2026-06-25 16:43:31.453   Time stamp of existing file: 2026-04-30 13:28:30.000
2026-06-25 16:43:31.453   Installing the file.
2026-06-25 16:43:31.454   Successfully installed the file.
2026-06-25 16:43:31.454   -- File entry --
2026-06-25 16:43:31.454   Dest filename: C:\Program Files\SamaHesab\zh-Hant\UIAutomationClientSideProviders.resources.dll
2026-06-25 16:43:31.454   Time stamp of our file: 2026-04-30 13:28:34.000
2026-06-25 16:43:31.454   Dest file exists.
2026-06-25 16:43:31.454   Time stamp of existing file: 2026-04-30 13:28:34.000
2026-06-25 16:43:31.454   Installing the file.
2026-06-25 16:43:31.455   Successfully installed the file.
2026-06-25 16:43:31.455   -- File entry --
2026-06-25 16:43:31.455   Dest filename: C:\Program Files\SamaHesab\zh-Hant\UIAutomationProvider.resources.dll
2026-06-25 16:43:31.455   Time stamp of our file: 2026-04-30 13:28:10.000
2026-06-25 16:43:31.455   Dest file exists.
2026-06-25 16:43:31.455   Time stamp of existing file: 2026-04-30 13:28:10.000
2026-06-25 16:43:31.455   Installing the file.
2026-06-25 16:43:31.456   Successfully installed the file.
2026-06-25 16:43:31.456   -- File entry --
2026-06-25 16:43:31.456   Dest filename: C:\Program Files\SamaHesab\zh-Hant\UIAutomationTypes.resources.dll
2026-06-25 16:43:31.456   Time stamp of our file: 2026-04-30 13:28:08.000
2026-06-25 16:43:31.456   Dest file exists.
2026-06-25 16:43:31.456   Time stamp of existing file: 2026-04-30 13:28:08.000
2026-06-25 16:43:31.456   Installing the file.
2026-06-25 16:43:31.457   Successfully installed the file.
2026-06-25 16:43:31.457   -- File entry --
2026-06-25 16:43:31.457   Dest filename: C:\Program Files\SamaHesab\zh-Hant\WindowsBase.resources.dll
2026-06-25 16:43:31.457   Time stamp of our file: 2026-04-30 13:28:04.000
2026-06-25 16:43:31.457   Dest file exists.
2026-06-25 16:43:31.457   Time stamp of existing file: 2026-04-30 13:28:04.000
2026-06-25 16:43:31.457   Installing the file.
2026-06-25 16:43:31.460   Successfully installed the file.
2026-06-25 16:43:31.460   -- File entry --
2026-06-25 16:43:31.460   Dest filename: C:\Program Files\SamaHesab\server\appsettings.json
2026-06-25 16:43:31.460   Time stamp of our file: 2026-06-20 12:30:38.000
2026-06-25 16:43:31.460   Dest file exists.
2026-06-25 16:43:31.460   Time stamp of existing file: 2026-06-24 20:47:55.413
2026-06-25 16:43:31.460   Installing the file.
2026-06-25 16:43:31.460   Successfully installed the file.
2026-06-25 16:43:31.461   -- File entry --
2026-06-25 16:43:31.461   Dest filename: C:\Program Files\SamaHesab\server\Asp.Versioning.Abstractions.dll
2026-06-25 16:43:31.461   Time stamp of our file: 2024-03-26 21:06:46.000
2026-06-25 16:43:31.461   Dest file exists.
2026-06-25 16:43:31.461   Time stamp of existing file: 2024-03-26 21:06:46.000
2026-06-25 16:43:31.461   Installing the file.
2026-06-25 16:43:31.463   Successfully installed the file.
2026-06-25 16:43:31.463   -- File entry --
2026-06-25 16:43:31.463   Dest filename: C:\Program Files\SamaHesab\server\Asp.Versioning.Http.dll
2026-06-25 16:43:31.464   Time stamp of our file: 2024-03-26 21:06:46.000
2026-06-25 16:43:31.464   Dest file exists.
2026-06-25 16:43:31.464   Time stamp of existing file: 2024-03-26 21:06:46.000
2026-06-25 16:43:31.464   Installing the file.
2026-06-25 16:43:31.467   Successfully installed the file.
2026-06-25 16:43:31.467   -- File entry --
2026-06-25 16:43:31.468   Dest filename: C:\Program Files\SamaHesab\server\Asp.Versioning.Mvc.ApiExplorer.dll
2026-06-25 16:43:31.468   Time stamp of our file: 2024-03-26 21:06:48.000
2026-06-25 16:43:31.468   Dest file exists.
2026-06-25 16:43:31.468   Time stamp of existing file: 2024-03-26 21:06:48.000
2026-06-25 16:43:31.468   Installing the file.
2026-06-25 16:43:31.469   Successfully installed the file.
2026-06-25 16:43:31.469   -- File entry --
2026-06-25 16:43:31.470   Dest filename: C:\Program Files\SamaHesab\server\Asp.Versioning.Mvc.dll
2026-06-25 16:43:31.470   Time stamp of our file: 2024-03-26 21:06:46.000
2026-06-25 16:43:31.470   Dest file exists.
2026-06-25 16:43:31.470   Time stamp of existing file: 2024-03-26 21:06:46.000
2026-06-25 16:43:31.470   Installing the file.
2026-06-25 16:43:31.472   Successfully installed the file.
2026-06-25 16:43:31.472   -- File entry --
2026-06-25 16:43:31.472   Dest filename: C:\Program Files\SamaHesab\server\aspnetcorev2_inprocess.dll
2026-06-25 16:43:31.472   Time stamp of our file: 2026-04-30 13:44:38.000
2026-06-25 16:43:31.472   Dest file exists.
2026-06-25 16:43:31.472   Time stamp of existing file: 2026-04-30 13:44:38.000
2026-06-25 16:43:31.472   Installing the file.
2026-06-25 16:43:31.479   Successfully installed the file.
2026-06-25 16:43:31.479   -- File entry --
2026-06-25 16:43:31.479   Dest filename: C:\Program Files\SamaHesab\server\Azure.Core.dll
2026-06-25 16:43:31.480   Time stamp of our file: 2024-02-26 18:54:40.000
2026-06-25 16:43:31.480   Dest file exists.
2026-06-25 16:43:31.480   Time stamp of existing file: 2024-02-26 18:54:40.000
2026-06-25 16:43:31.480   Installing the file.
2026-06-25 16:43:31.488   Successfully installed the file.
2026-06-25 16:43:31.488   -- File entry --
2026-06-25 16:43:31.488   Dest filename: C:\Program Files\SamaHesab\server\Azure.Identity.dll
2026-06-25 16:43:31.488   Time stamp of our file: 2024-06-10 20:13:48.000
2026-06-25 16:43:31.488   Dest file exists.
2026-06-25 16:43:31.488   Time stamp of existing file: 2024-06-10 20:13:48.000
2026-06-25 16:43:31.488   Installing the file.
2026-06-25 16:43:31.496   Successfully installed the file.
2026-06-25 16:43:31.496   -- File entry --
2026-06-25 16:43:31.496   Dest filename: C:\Program Files\SamaHesab\server\ClosedXML.dll
2026-06-25 16:43:31.497   Time stamp of our file: 2024-11-15 03:56:30.000
2026-06-25 16:43:31.497   Dest file exists.
2026-06-25 16:43:31.497   Time stamp of existing file: 2024-11-15 03:56:30.000
2026-06-25 16:43:31.497   Installing the file.
2026-06-25 16:43:31.528   Successfully installed the file.
2026-06-25 16:43:31.528   -- File entry --
2026-06-25 16:43:31.528   Dest filename: C:\Program Files\SamaHesab\server\ClosedXML.Parser.dll
2026-06-25 16:43:31.528   Time stamp of our file: 2024-01-17 23:21:36.000
2026-06-25 16:43:31.528   Dest file exists.
2026-06-25 16:43:31.528   Time stamp of existing file: 2024-01-17 23:21:36.000
2026-06-25 16:43:31.528   Installing the file.
2026-06-25 16:43:31.531   Successfully installed the file.
2026-06-25 16:43:31.532   -- File entry --
2026-06-25 16:43:31.532   Dest filename: C:\Program Files\SamaHesab\server\clretwrc.dll
2026-06-25 16:43:31.532   Time stamp of our file: 2026-04-30 02:48:30.000
2026-06-25 16:43:31.532   Dest file exists.
2026-06-25 16:43:31.532   Time stamp of existing file: 2026-04-30 02:48:30.000
2026-06-25 16:43:31.532   Installing the file.
2026-06-25 16:43:31.536   Successfully installed the file.
2026-06-25 16:43:31.536   -- File entry --
2026-06-25 16:43:31.536   Dest filename: C:\Program Files\SamaHesab\server\clrgc.dll
2026-06-25 16:43:31.536   Time stamp of our file: 2026-04-30 02:46:10.000
2026-06-25 16:43:31.536   Dest file exists.
2026-06-25 16:43:31.537   Time stamp of existing file: 2026-04-30 02:46:10.000
2026-06-25 16:43:31.537   Installing the file.
2026-06-25 16:43:31.552   Successfully installed the file.
2026-06-25 16:43:31.552   -- File entry --
2026-06-25 16:43:31.552   Dest filename: C:\Program Files\SamaHesab\server\clrgcexp.dll
2026-06-25 16:43:31.552   Time stamp of our file: 2026-04-30 02:46:10.000
2026-06-25 16:43:31.552   Dest file exists.
2026-06-25 16:43:31.552   Time stamp of existing file: 2026-04-30 02:46:10.000
2026-06-25 16:43:31.552   Installing the file.
2026-06-25 16:43:31.564   Successfully installed the file.
2026-06-25 16:43:31.564   -- File entry --
2026-06-25 16:43:31.564   Dest filename: C:\Program Files\SamaHesab\server\clrjit.dll
2026-06-25 16:43:31.564   Time stamp of our file: 2026-04-30 02:45:20.000
2026-06-25 16:43:31.564   Dest file exists.
2026-06-25 16:43:31.564   Time stamp of existing file: 2026-04-30 02:45:20.000
2026-06-25 16:43:31.564   Installing the file.
2026-06-25 16:43:31.609   Successfully installed the file.
2026-06-25 16:43:31.609   -- File entry --
2026-06-25 16:43:31.610   Dest filename: C:\Program Files\SamaHesab\server\coreclr.dll
2026-06-25 16:43:31.610   Time stamp of our file: 2026-04-30 02:42:54.000
2026-06-25 16:43:31.610   Dest file exists.
2026-06-25 16:43:31.610   Time stamp of existing file: 2026-04-30 02:42:54.000
2026-06-25 16:43:31.610   Installing the file.
2026-06-25 16:43:31.709   Successfully installed the file.
2026-06-25 16:43:31.710   -- File entry --
2026-06-25 16:43:31.710   Dest filename: C:\Program Files\SamaHesab\server\createdump.exe
2026-06-25 16:43:31.710   Time stamp of our file: 2026-04-30 02:48:30.000
2026-06-25 16:43:31.710   Dest file exists.
2026-06-25 16:43:31.710   Time stamp of existing file: 2026-04-30 02:48:30.000
2026-06-25 16:43:31.710   Installing the file.
2026-06-25 16:43:31.711   Successfully installed the file.
2026-06-25 16:43:31.712   -- File entry --
2026-06-25 16:43:31.712   Dest filename: C:\Program Files\SamaHesab\server\DocumentFormat.OpenXml.dll
2026-06-25 16:43:31.712   Time stamp of our file: 2024-10-15 22:48:56.000
2026-06-25 16:43:31.712   Dest file exists.
2026-06-25 16:43:31.712   Time stamp of existing file: 2024-10-15 22:48:56.000
2026-06-25 16:43:31.712   Installing the file.
2026-06-25 16:43:31.795   Successfully installed the file.
2026-06-25 16:43:31.795   -- File entry --
2026-06-25 16:43:31.795   Dest filename: C:\Program Files\SamaHesab\server\DocumentFormat.OpenXml.Framework.dll
2026-06-25 16:43:31.795   Time stamp of our file: 2024-10-15 22:48:56.000
2026-06-25 16:43:31.795   Dest file exists.
2026-06-25 16:43:31.797   Time stamp of existing file: 2024-10-15 22:48:56.000
2026-06-25 16:43:31.797   Installing the file.
2026-06-25 16:43:31.806   Successfully installed the file.
2026-06-25 16:43:31.806   -- File entry --
2026-06-25 16:43:31.806   Dest filename: C:\Program Files\SamaHesab\server\ExcelNumberFormat.dll
2026-06-25 16:43:31.806   Time stamp of our file: 2020-10-02 12:12:28.000
2026-06-25 16:43:31.806   Dest file exists.
2026-06-25 16:43:31.806   Time stamp of existing file: 2020-10-02 12:12:28.000
2026-06-25 16:43:31.806   Installing the file.
2026-06-25 16:43:31.808   Successfully installed the file.
2026-06-25 16:43:31.808   -- File entry --
2026-06-25 16:43:31.808   Dest filename: C:\Program Files\SamaHesab\server\FluentValidation.DependencyInjectionExtensions.dll
2026-06-25 16:43:31.808   Time stamp of our file: 2024-11-16 23:13:22.000
2026-06-25 16:43:31.808   Dest file exists.
2026-06-25 16:43:31.808   Time stamp of existing file: 2024-11-16 23:13:22.000
2026-06-25 16:43:31.808   Installing the file.
2026-06-25 16:43:31.809   Successfully installed the file.
2026-06-25 16:43:31.809   -- File entry --
2026-06-25 16:43:31.809   Dest filename: C:\Program Files\SamaHesab\server\FluentValidation.dll
2026-06-25 16:43:31.809   Time stamp of our file: 2024-11-16 23:13:24.000
2026-06-25 16:43:31.809   Dest file exists.
2026-06-25 16:43:31.809   Time stamp of existing file: 2024-11-16 23:13:24.000
2026-06-25 16:43:31.809   Installing the file.
2026-06-25 16:43:31.819   Successfully installed the file.
2026-06-25 16:43:31.819   -- File entry --
2026-06-25 16:43:31.819   Dest filename: C:\Program Files\SamaHesab\server\hostfxr.dll
2026-06-25 16:43:31.819   Time stamp of our file: 2026-04-30 02:58:16.000
2026-06-25 16:43:31.819   Dest file exists.
2026-06-25 16:43:31.819   Time stamp of existing file: 2026-04-30 02:58:16.000
2026-06-25 16:43:31.819   Installing the file.
2026-06-25 16:43:31.826   Successfully installed the file.
2026-06-25 16:43:31.826   -- File entry --
2026-06-25 16:43:31.827   Dest filename: C:\Program Files\SamaHesab\server\hostpolicy.dll
2026-06-25 16:43:31.827   Time stamp of our file: 2026-04-30 02:58:18.000
2026-06-25 16:43:31.827   Dest file exists.
2026-06-25 16:43:31.827   Time stamp of existing file: 2026-04-30 02:58:18.000
2026-06-25 16:43:31.827   Installing the file.
2026-06-25 16:43:31.833   Successfully installed the file.
2026-06-25 16:43:31.833   -- File entry --
2026-06-25 16:43:31.833   Dest filename: C:\Program Files\SamaHesab\server\ICSharpCode.SharpZipLib.dll
2026-06-25 16:43:31.833   Time stamp of our file: 2023-01-29 18:29:10.000
2026-06-25 16:43:31.833   Dest file exists.
2026-06-25 16:43:31.833   Time stamp of existing file: 2023-01-29 18:29:10.000
2026-06-25 16:43:31.833   Installing the file.
2026-06-25 16:43:31.839   Successfully installed the file.
2026-06-25 16:43:31.839   -- File entry --
2026-06-25 16:43:31.839   Dest filename: C:\Program Files\SamaHesab\server\MediatR.Contracts.dll
2026-06-25 16:43:31.839   Time stamp of our file: 2023-02-22 22:18:20.000
2026-06-25 16:43:31.839   Dest file exists.
2026-06-25 16:43:31.839   Time stamp of existing file: 2023-02-22 22:18:20.000
2026-06-25 16:43:31.839   Installing the file.
2026-06-25 16:43:31.841   Successfully installed the file.
2026-06-25 16:43:31.841   -- File entry --
2026-06-25 16:43:31.841   Dest filename: C:\Program Files\SamaHesab\server\MediatR.dll
2026-06-25 16:43:31.841   Time stamp of our file: 2024-09-09 17:38:14.000
2026-06-25 16:43:31.841   Dest file exists.
2026-06-25 16:43:31.841   Time stamp of existing file: 2024-09-09 17:38:14.000
2026-06-25 16:43:31.841   Installing the file.
2026-06-25 16:43:31.843   Successfully installed the file.
2026-06-25 16:43:31.843   -- File entry --
2026-06-25 16:43:31.843   Dest filename: C:\Program Files\SamaHesab\server\Microsoft.AspNetCore.Antiforgery.dll
2026-06-25 16:43:31.844   Time stamp of our file: 2026-04-30 13:56:52.000
2026-06-25 16:43:31.844   Dest file exists.
2026-06-25 16:43:31.844   Time stamp of existing file: 2026-04-30 13:56:52.000
2026-06-25 16:43:31.844   Installing the file.
2026-06-25 16:43:31.847   Successfully installed the file.
2026-06-25 16:43:31.847   -- File entry --
2026-06-25 16:43:31.847   Dest filename: C:\Program Files\SamaHesab\server\Microsoft.AspNetCore.Authentication.Abstractions.dll
2026-06-25 16:43:31.847   Time stamp of our file: 2026-04-30 13:56:54.000
2026-06-25 16:43:31.847   Dest file exists.
2026-06-25 16:43:31.847   Time stamp of existing file: 2026-04-30 13:56:54.000
2026-06-25 16:43:31.847   Installing the file.
2026-06-25 16:43:31.849   Successfully installed the file.
2026-06-25 16:43:31.849   -- File entry --
2026-06-25 16:43:31.849   Dest filename: C:\Program Files\SamaHesab\server\Microsoft.AspNetCore.Authentication.BearerToken.dll
2026-06-25 16:43:31.849   Time stamp of our file: 2026-04-30 13:56:54.000
2026-06-25 16:43:31.849   Dest file exists.
2026-06-25 16:43:31.849   Time stamp of existing file: 2026-04-30 13:56:54.000
2026-06-25 16:43:31.849   Installing the file.
2026-06-25 16:43:31.852   Successfully installed the file.
2026-06-25 16:43:31.852   -- File entry --
2026-06-25 16:43:31.852   Dest filename: C:\Program Files\SamaHesab\server\Microsoft.AspNetCore.Authentication.Cookies.dll
2026-06-25 16:43:31.852   Time stamp of our file: 2026-04-30 13:56:54.000
2026-06-25 16:43:31.852   Dest file exists.
2026-06-25 16:43:31.852   Time stamp of existing file: 2026-04-30 13:56:54.000
2026-06-25 16:43:31.852   Installing the file.
2026-06-25 16:43:31.855   Successfully installed the file.
2026-06-25 16:43:31.855   -- File entry --
2026-06-25 16:43:31.855   Dest filename: C:\Program Files\SamaHesab\server\Microsoft.AspNetCore.Authentication.Core.dll
2026-06-25 16:43:31.855   Time stamp of our file: 2026-04-30 13:56:54.000
2026-06-25 16:43:31.855   Dest file exists.
2026-06-25 16:43:31.855   Time stamp of existing file: 2026-04-30 13:56:54.000
2026-06-25 16:43:31.855   Installing the file.
2026-06-25 16:43:31.858   Successfully installed the file.
2026-06-25 16:43:31.858   -- File entry --
2026-06-25 16:43:31.858   Dest filename: C:\Program Files\SamaHesab\server\Microsoft.AspNetCore.Authentication.dll
2026-06-25 16:43:31.858   Time stamp of our file: 2026-04-30 13:56:54.000
2026-06-25 16:43:31.858   Dest file exists.
2026-06-25 16:43:31.858   Time stamp of existing file: 2026-04-30 13:56:54.000
2026-06-25 16:43:31.858   Installing the file.
2026-06-25 16:43:31.862   Successfully installed the file.
2026-06-25 16:43:31.862   -- File entry --
2026-06-25 16:43:31.862   Dest filename: C:\Program Files\SamaHesab\server\Microsoft.AspNetCore.Authentication.JwtBearer.dll
2026-06-25 16:43:31.862   Time stamp of our file: 2024-10-29 17:00:22.000
2026-06-25 16:43:31.862   Dest file exists.
2026-06-25 16:43:31.862   Time stamp of existing file: 2024-10-29 17:00:22.000
2026-06-25 16:43:31.862   Installing the file.
2026-06-25 16:43:31.863   Successfully installed the file.
2026-06-25 16:43:31.864   -- File entry --
2026-06-25 16:43:31.864   Dest filename: C:\Program Files\SamaHesab\server\Microsoft.AspNetCore.Authentication.OAuth.dll
2026-06-25 16:43:31.864   Time stamp of our file: 2026-04-30 13:56:54.000
2026-06-25 16:43:31.864   Dest file exists.
2026-06-25 16:43:31.864   Time stamp of existing file: 2026-04-30 13:56:54.000
2026-06-25 16:43:31.864   Installing the file.
2026-06-25 16:43:31.866   Successfully installed the file.
2026-06-25 16:43:31.866   -- File entry --
2026-06-25 16:43:31.866   Dest filename: C:\Program Files\SamaHesab\server\Microsoft.AspNetCore.Authorization.dll
2026-06-25 16:43:31.866   Time stamp of our file: 2026-04-30 13:56:54.000
2026-06-25 16:43:31.866   Dest file exists.
2026-06-25 16:43:31.866   Time stamp of existing file: 2026-04-30 13:56:54.000
2026-06-25 16:43:31.866   Installing the file.
2026-06-25 16:43:31.870   Successfully installed the file.
2026-06-25 16:43:31.870   -- File entry --
2026-06-25 16:43:31.870   Dest filename: C:\Program Files\SamaHesab\server\Microsoft.AspNetCore.Authorization.Policy.dll
2026-06-25 16:43:31.870   Time stamp of our file: 2026-04-30 13:56:54.000
2026-06-25 16:43:31.870   Dest file exists.
2026-06-25 16:43:31.870   Time stamp of existing file: 2026-04-30 13:56:54.000
2026-06-25 16:43:31.870   Installing the file.
2026-06-25 16:43:31.872   Successfully installed the file.
2026-06-25 16:43:31.872   -- File entry --
2026-06-25 16:43:31.873   Dest filename: C:\Program Files\SamaHesab\server\Microsoft.AspNetCore.Components.Authorization.dll
2026-06-25 16:43:31.873   Time stamp of our file: 2026-04-30 13:56:54.000
2026-06-25 16:43:31.873   Dest file exists.
2026-06-25 16:43:31.873   Time stamp of existing file: 2026-04-30 13:56:54.000
2026-06-25 16:43:31.873   Installing the file.
2026-06-25 16:43:31.874   Successfully installed the file.
2026-06-25 16:43:31.874   -- File entry --
2026-06-25 16:43:31.874   Dest filename: C:\Program Files\SamaHesab\server\Microsoft.AspNetCore.Components.dll
2026-06-25 16:43:31.874   Time stamp of our file: 2026-04-30 13:56:56.000
2026-06-25 16:43:31.874   Dest file exists.
2026-06-25 16:43:31.874   Time stamp of existing file: 2026-04-30 13:56:56.000
2026-06-25 16:43:31.874   Installing the file.
2026-06-25 16:43:31.893   Successfully installed the file.
2026-06-25 16:43:31.893   -- File entry --
2026-06-25 16:43:31.893   Dest filename: C:\Program Files\SamaHesab\server\Microsoft.AspNetCore.Components.Endpoints.dll
2026-06-25 16:43:31.893   Time stamp of our file: 2026-04-30 13:56:56.000
2026-06-25 16:43:31.893   Dest file exists.
2026-06-25 16:43:31.893   Time stamp of existing file: 2026-04-30 13:56:56.000
2026-06-25 16:43:31.893   Installing the file.
2026-06-25 16:43:31.913   Successfully installed the file.
2026-06-25 16:43:31.913   -- File entry --
2026-06-25 16:43:31.913   Dest filename: C:\Program Files\SamaHesab\server\Microsoft.AspNetCore.Components.Forms.dll
2026-06-25 16:43:31.914   Time stamp of our file: 2026-04-30 13:56:56.000
2026-06-25 16:43:31.914   Dest file exists.
2026-06-25 16:43:31.914   Time stamp of existing file: 2026-04-30 13:56:56.000
2026-06-25 16:43:31.914   Installing the file.
2026-06-25 16:43:31.918   Successfully installed the file.
2026-06-25 16:43:31.919   -- File entry --
2026-06-25 16:43:31.919   Dest filename: C:\Program Files\SamaHesab\server\Microsoft.AspNetCore.Components.Server.dll
2026-06-25 16:43:31.919   Time stamp of our file: 2026-04-30 13:56:56.000
2026-06-25 16:43:31.919   Dest file exists.
2026-06-25 16:43:31.919   Time stamp of existing file: 2026-04-30 13:56:56.000
2026-06-25 16:43:31.919   Installing the file.
2026-06-25 16:43:31.941   Successfully installed the file.
2026-06-25 16:43:31.941   -- File entry --
2026-06-25 16:43:31.941   Dest filename: C:\Program Files\SamaHesab\server\Microsoft.AspNetCore.Components.Web.dll
2026-06-25 16:43:31.941   Time stamp of our file: 2026-04-30 13:56:56.000
2026-06-25 16:43:31.941   Dest file exists.
2026-06-25 16:43:31.941   Time stamp of existing file: 2026-04-30 13:56:56.000
2026-06-25 16:43:31.941   Installing the file.
2026-06-25 16:43:31.952   Successfully installed the file.
2026-06-25 16:43:31.953   -- File entry --
2026-06-25 16:43:31.953   Dest filename: C:\Program Files\SamaHesab\server\Microsoft.AspNetCore.Connections.Abstractions.dll
2026-06-25 16:43:31.953   Time stamp of our file: 2026-04-30 13:56:56.000
2026-06-25 16:43:31.953   Dest file exists.
2026-06-25 16:43:31.953   Time stamp of existing file: 2026-04-30 13:56:56.000
2026-06-25 16:43:31.953   Installing the file.
2026-06-25 16:43:31.955   Successfully installed the file.
2026-06-25 16:43:31.955   -- File entry --
2026-06-25 16:43:31.955   Dest filename: C:\Program Files\SamaHesab\server\Microsoft.AspNetCore.CookiePolicy.dll
2026-06-25 16:43:31.956   Time stamp of our file: 2026-04-30 13:56:58.000
2026-06-25 16:43:31.956   Dest file exists.
2026-06-25 16:43:31.956   Time stamp of existing file: 2026-04-30 13:56:58.000
2026-06-25 16:43:31.956   Installing the file.
2026-06-25 16:43:31.957   Successfully installed the file.
2026-06-25 16:43:31.957   -- File entry --
2026-06-25 16:43:31.957   Dest filename: C:\Program Files\SamaHesab\server\Microsoft.AspNetCore.Cors.dll
2026-06-25 16:43:31.958   Time stamp of our file: 2026-04-30 13:56:58.000
2026-06-25 16:43:31.958   Dest file exists.
2026-06-25 16:43:31.958   Time stamp of existing file: 2026-04-30 13:56:58.000
2026-06-25 16:43:31.958   Installing the file.
2026-06-25 16:43:31.960   Successfully installed the file.
2026-06-25 16:43:31.960   -- File entry --
2026-06-25 16:43:31.960   Dest filename: C:\Program Files\SamaHesab\server\Microsoft.AspNetCore.Cryptography.Internal.dll
2026-06-25 16:43:31.960   Time stamp of our file: 2026-04-30 13:56:58.000
2026-06-25 16:43:31.960   Dest file exists.
2026-06-25 16:43:31.960   Time stamp of existing file: 2026-04-30 13:56:58.000
2026-06-25 16:43:31.960   Installing the file.
2026-06-25 16:43:31.963   Successfully installed the file.
2026-06-25 16:43:31.963   -- File entry --
2026-06-25 16:43:31.963   Dest filename: C:\Program Files\SamaHesab\server\Microsoft.AspNetCore.Cryptography.KeyDerivation.dll
2026-06-25 16:43:31.963   Time stamp of our file: 2026-04-30 13:56:58.000
2026-06-25 16:43:31.963   Dest file exists.
2026-06-25 16:43:31.964   Time stamp of existing file: 2026-04-30 13:56:58.000
2026-06-25 16:43:31.964   Installing the file.
2026-06-25 16:43:31.965   Successfully installed the file.
2026-06-25 16:43:31.965   -- File entry --
2026-06-25 16:43:31.965   Dest filename: C:\Program Files\SamaHesab\server\Microsoft.AspNetCore.DataProtection.Abstractions.dll
2026-06-25 16:43:31.965   Time stamp of our file: 2026-04-30 13:56:58.000
2026-06-25 16:43:31.965   Dest file exists.
2026-06-25 16:43:31.965   Time stamp of existing file: 2026-04-30 13:56:58.000
2026-06-25 16:43:31.965   Installing the file.
2026-06-25 16:43:31.967   Successfully installed the file.
2026-06-25 16:43:31.967   -- File entry --
2026-06-25 16:43:31.967   Dest filename: C:\Program Files\SamaHesab\server\Microsoft.AspNetCore.DataProtection.dll
2026-06-25 16:43:31.967   Time stamp of our file: 2026-04-30 13:56:58.000
2026-06-25 16:43:31.967   Dest file exists.
2026-06-25 16:43:31.967   Time stamp of existing file: 2026-04-30 13:56:58.000
2026-06-25 16:43:31.967   Installing the file.
2026-06-25 16:43:31.978   Successfully installed the file.
2026-06-25 16:43:31.978   -- File entry --
2026-06-25 16:43:31.978   Dest filename: C:\Program Files\SamaHesab\server\Microsoft.AspNetCore.DataProtection.Extensions.dll
2026-06-25 16:43:31.978   Time stamp of our file: 2026-04-30 13:56:58.000
2026-06-25 16:43:31.978   Dest file exists.
2026-06-25 16:43:31.978   Time stamp of existing file: 2026-04-30 13:56:58.000
2026-06-25 16:43:31.978   Installing the file.
2026-06-25 16:43:31.980   Successfully installed the file.
2026-06-25 16:43:31.980   -- File entry --
2026-06-25 16:43:31.980   Dest filename: C:\Program Files\SamaHesab\server\Microsoft.AspNetCore.Diagnostics.Abstractions.dll
2026-06-25 16:43:31.980   Time stamp of our file: 2026-04-30 13:56:58.000
2026-06-25 16:43:31.980   Dest file exists.
2026-06-25 16:43:31.980   Time stamp of existing file: 2026-04-30 13:56:58.000
2026-06-25 16:43:31.980   Installing the file.
2026-06-25 16:43:31.981   Successfully installed the file.
2026-06-25 16:43:31.981   -- File entry --
2026-06-25 16:43:31.981   Dest filename: C:\Program Files\SamaHesab\server\Microsoft.AspNetCore.Diagnostics.dll
2026-06-25 16:43:31.981   Time stamp of our file: 2026-04-30 13:56:58.000
2026-06-25 16:43:31.981   Dest file exists.
2026-06-25 16:43:31.981   Time stamp of existing file: 2026-04-30 13:56:58.000
2026-06-25 16:43:31.981   Installing the file.
2026-06-25 16:43:31.991   Successfully installed the file.
2026-06-25 16:43:31.991   -- File entry --
2026-06-25 16:43:31.991   Dest filename: C:\Program Files\SamaHesab\server\Microsoft.AspNetCore.Diagnostics.HealthChecks.dll
2026-06-25 16:43:31.992   Time stamp of our file: 2026-04-30 13:57:00.000
2026-06-25 16:43:31.992   Dest file exists.
2026-06-25 16:43:31.992   Time stamp of existing file: 2026-04-30 13:57:00.000
2026-06-25 16:43:31.992   Installing the file.
2026-06-25 16:43:31.993   Successfully installed the file.
2026-06-25 16:43:31.993   -- File entry --
2026-06-25 16:43:31.993   Dest filename: C:\Program Files\SamaHesab\server\Microsoft.AspNetCore.dll
2026-06-25 16:43:31.993   Time stamp of our file: 2026-04-30 13:57:00.000
2026-06-25 16:43:31.993   Dest file exists.
2026-06-25 16:43:31.994   Time stamp of existing file: 2026-04-30 13:57:00.000
2026-06-25 16:43:31.994   Installing the file.
2026-06-25 16:43:31.996   Successfully installed the file.
2026-06-25 16:43:31.996   -- File entry --
2026-06-25 16:43:31.996   Dest filename: C:\Program Files\SamaHesab\server\Microsoft.AspNetCore.HostFiltering.dll
2026-06-25 16:43:31.997   Time stamp of our file: 2026-04-30 13:57:00.000
2026-06-25 16:43:31.997   Dest file exists.
2026-06-25 16:43:31.997   Time stamp of existing file: 2026-04-30 13:57:00.000
2026-06-25 16:43:31.997   Installing the file.
2026-06-25 16:43:31.998   Successfully installed the file.
2026-06-25 16:43:31.998   -- File entry --
2026-06-25 16:43:31.998   Dest filename: C:\Program Files\SamaHesab\server\Microsoft.AspNetCore.Hosting.Abstractions.dll
2026-06-25 16:43:31.998   Time stamp of our file: 2026-04-30 13:57:00.000
2026-06-25 16:43:31.998   Dest file exists.
2026-06-25 16:43:31.998   Time stamp of existing file: 2026-04-30 13:57:00.000
2026-06-25 16:43:31.998   Installing the file.
2026-06-25 16:43:32.000   Successfully installed the file.
2026-06-25 16:43:32.000   -- File entry --
2026-06-25 16:43:32.000   Dest filename: C:\Program Files\SamaHesab\server\Microsoft.AspNetCore.Hosting.dll
2026-06-25 16:43:32.000   Time stamp of our file: 2026-04-30 13:57:00.000
2026-06-25 16:43:32.000   Dest file exists.
2026-06-25 16:43:32.000   Time stamp of existing file: 2026-04-30 13:57:00.000
2026-06-25 16:43:32.000   Installing the file.
2026-06-25 16:43:32.010   Successfully installed the file.
2026-06-25 16:43:32.010   -- File entry --
2026-06-25 16:43:32.010   Dest filename: C:\Program Files\SamaHesab\server\Microsoft.AspNetCore.Hosting.Server.Abstractions.dll
2026-06-25 16:43:32.010   Time stamp of our file: 2026-04-30 13:57:00.000
2026-06-25 16:43:32.010   Dest file exists.
2026-06-25 16:43:32.010   Time stamp of existing file: 2026-04-30 13:57:00.000
2026-06-25 16:43:32.010   Installing the file.
2026-06-25 16:43:32.011   Successfully installed the file.
2026-06-25 16:43:32.011   -- File entry --
2026-06-25 16:43:32.012   Dest filename: C:\Program Files\SamaHesab\server\Microsoft.AspNetCore.Html.Abstractions.dll
2026-06-25 16:43:32.012   Time stamp of our file: 2026-04-30 13:57:00.000
2026-06-25 16:43:32.012   Dest file exists.
2026-06-25 16:43:32.012   Time stamp of existing file: 2026-04-30 13:57:00.000
2026-06-25 16:43:32.012   Installing the file.
2026-06-25 16:43:32.013   Successfully installed the file.
2026-06-25 16:43:32.013   -- File entry --
2026-06-25 16:43:32.013   Dest filename: C:\Program Files\SamaHesab\server\Microsoft.AspNetCore.Http.Abstractions.dll
2026-06-25 16:43:32.013   Time stamp of our file: 2026-04-30 13:57:00.000
2026-06-25 16:43:32.013   Dest file exists.
2026-06-25 16:43:32.013   Time stamp of existing file: 2026-04-30 13:57:00.000
2026-06-25 16:43:32.013   Installing the file.
2026-06-25 16:43:32.021   Successfully installed the file.
2026-06-25 16:43:32.021   -- File entry --
2026-06-25 16:43:32.021   Dest filename: C:\Program Files\SamaHesab\server\Microsoft.AspNetCore.Http.Connections.Common.dll
2026-06-25 16:43:32.021   Time stamp of our file: 2026-04-30 13:57:00.000
2026-06-25 16:43:32.021   Dest file exists.
2026-06-25 16:43:32.021   Time stamp of existing file: 2026-04-30 13:57:00.000
2026-06-25 16:43:32.021   Installing the file.
2026-06-25 16:43:32.023   Successfully installed the file.
2026-06-25 16:43:32.023   -- File entry --
2026-06-25 16:43:32.023   Dest filename: C:\Program Files\SamaHesab\server\Microsoft.AspNetCore.Http.Connections.dll
2026-06-25 16:43:32.023   Time stamp of our file: 2026-04-30 13:57:02.000
2026-06-25 16:43:32.023   Dest file exists.
2026-06-25 16:43:32.023   Time stamp of existing file: 2026-04-30 13:57:02.000
2026-06-25 16:43:32.023   Installing the file.
2026-06-25 16:43:32.030   Successfully installed the file.
2026-06-25 16:43:32.030   -- File entry --
2026-06-25 16:43:32.030   Dest filename: C:\Program Files\SamaHesab\server\Microsoft.AspNetCore.Http.dll
2026-06-25 16:43:32.031   Time stamp of our file: 2026-04-30 13:57:02.000
2026-06-25 16:43:32.031   Dest file exists.
2026-06-25 16:43:32.031   Time stamp of existing file: 2026-04-30 13:57:02.000
2026-06-25 16:43:32.031   Installing the file.
2026-06-25 16:43:32.038   Successfully installed the file.
2026-06-25 16:43:32.038   -- File entry --
2026-06-25 16:43:32.038   Dest filename: C:\Program Files\SamaHesab\server\Microsoft.AspNetCore.Http.Extensions.dll
2026-06-25 16:43:32.038   Time stamp of our file: 2026-04-30 13:57:02.000
2026-06-25 16:43:32.038   Dest file exists.
2026-06-25 16:43:32.038   Time stamp of existing file: 2026-04-30 13:57:02.000
2026-06-25 16:43:32.038   Installing the file.
2026-06-25 16:43:32.053   Successfully installed the file.
2026-06-25 16:43:32.053   -- File entry --
2026-06-25 16:43:32.053   Dest filename: C:\Program Files\SamaHesab\server\Microsoft.AspNetCore.Http.Features.dll
2026-06-25 16:43:32.053   Time stamp of our file: 2026-04-30 13:57:02.000
2026-06-25 16:43:32.053   Dest file exists.
2026-06-25 16:43:32.053   Time stamp of existing file: 2026-04-30 13:57:02.000
2026-06-25 16:43:32.053   Installing the file.
2026-06-25 16:43:32.055   Successfully installed the file.
2026-06-25 16:43:32.055   -- File entry --
2026-06-25 16:43:32.055   Dest filename: C:\Program Files\SamaHesab\server\Microsoft.AspNetCore.Http.Results.dll
2026-06-25 16:43:32.055   Time stamp of our file: 2026-04-30 13:57:02.000
2026-06-25 16:43:32.055   Dest file exists.
2026-06-25 16:43:32.055   Time stamp of existing file: 2026-04-30 13:57:02.000
2026-06-25 16:43:32.055   Installing the file.
2026-06-25 16:43:32.061   Successfully installed the file.
2026-06-25 16:43:32.061   -- File entry --
2026-06-25 16:43:32.061   Dest filename: C:\Program Files\SamaHesab\server\Microsoft.AspNetCore.HttpLogging.dll
2026-06-25 16:43:32.061   Time stamp of our file: 2026-04-30 13:57:02.000
2026-06-25 16:43:32.061   Dest file exists.
2026-06-25 16:43:32.062   Time stamp of existing file: 2026-04-30 13:57:02.000
2026-06-25 16:43:32.062   Installing the file.
2026-06-25 16:43:32.066   Successfully installed the file.
2026-06-25 16:43:32.066   -- File entry --
2026-06-25 16:43:32.067   Dest filename: C:\Program Files\SamaHesab\server\Microsoft.AspNetCore.HttpOverrides.dll
2026-06-25 16:43:32.067   Time stamp of our file: 2026-04-30 13:57:02.000
2026-06-25 16:43:32.067   Dest file exists.
2026-06-25 16:43:32.067   Time stamp of existing file: 2026-04-30 13:57:02.000
2026-06-25 16:43:32.067   Installing the file.
2026-06-25 16:43:32.069   Successfully installed the file.
2026-06-25 16:43:32.069   -- File entry --
2026-06-25 16:43:32.069   Dest filename: C:\Program Files\SamaHesab\server\Microsoft.AspNetCore.HttpsPolicy.dll
2026-06-25 16:43:32.069   Time stamp of our file: 2026-04-30 13:57:04.000
2026-06-25 16:43:32.069   Dest file exists.
2026-06-25 16:43:32.069   Time stamp of existing file: 2026-04-30 13:57:04.000
2026-06-25 16:43:32.069   Installing the file.
2026-06-25 16:43:32.070   Successfully installed the file.
2026-06-25 16:43:32.070   -- File entry --
2026-06-25 16:43:32.070   Dest filename: C:\Program Files\SamaHesab\server\Microsoft.AspNetCore.Identity.dll
2026-06-25 16:43:32.070   Time stamp of our file: 2026-04-30 13:57:04.000
2026-06-25 16:43:32.070   Dest file exists.
2026-06-25 16:43:32.070   Time stamp of existing file: 2026-04-30 13:57:04.000
2026-06-25 16:43:32.070   Installing the file.
2026-06-25 16:43:32.082   Successfully installed the file.
2026-06-25 16:43:32.083   -- File entry --
2026-06-25 16:43:32.083   Dest filename: C:\Program Files\SamaHesab\server\Microsoft.AspNetCore.Localization.dll
2026-06-25 16:43:32.083   Time stamp of our file: 2026-04-30 13:57:04.000
2026-06-25 16:43:32.083   Dest file exists.
2026-06-25 16:43:32.083   Time stamp of existing file: 2026-04-30 13:57:04.000
2026-06-25 16:43:32.083   Installing the file.
2026-06-25 16:43:32.084   Successfully installed the file.
2026-06-25 16:43:32.084   -- File entry --
2026-06-25 16:43:32.086   Dest filename: C:\Program Files\SamaHesab\server\Microsoft.AspNetCore.Localization.Routing.dll
2026-06-25 16:43:32.086   Time stamp of our file: 2026-04-30 13:57:04.000
2026-06-25 16:43:32.086   Dest file exists.
2026-06-25 16:43:32.086   Time stamp of existing file: 2026-04-30 13:57:04.000
2026-06-25 16:43:32.086   Installing the file.
2026-06-25 16:43:32.086   Successfully installed the file.
2026-06-25 16:43:32.086   -- File entry --
2026-06-25 16:43:32.086   Dest filename: C:\Program Files\SamaHesab\server\Microsoft.AspNetCore.Metadata.dll
2026-06-25 16:43:32.086   Time stamp of our file: 2026-04-30 13:57:04.000
2026-06-25 16:43:32.087   Dest file exists.
2026-06-25 16:43:32.087   Time stamp of existing file: 2026-04-30 13:57:04.000
2026-06-25 16:43:32.087   Installing the file.
2026-06-25 16:43:32.087   Successfully installed the file.
2026-06-25 16:43:32.087   -- File entry --
2026-06-25 16:43:32.088   Dest filename: C:\Program Files\SamaHesab\server\Microsoft.AspNetCore.Mvc.Abstractions.dll
2026-06-25 16:43:32.088   Time stamp of our file: 2026-04-30 13:57:04.000
2026-06-25 16:43:32.088   Dest file exists.
2026-06-25 16:43:32.088   Time stamp of existing file: 2026-04-30 13:57:04.000
2026-06-25 16:43:32.088   Installing the file.
2026-06-25 16:43:32.094   Successfully installed the file.
2026-06-25 16:43:32.094   -- File entry --
2026-06-25 16:43:32.094   Dest filename: C:\Program Files\SamaHesab\server\Microsoft.AspNetCore.Mvc.ApiExplorer.dll
2026-06-25 16:43:32.094   Time stamp of our file: 2026-04-30 13:57:04.000
2026-06-25 16:43:32.094   Dest file exists.
2026-06-25 16:43:32.094   Time stamp of existing file: 2026-04-30 13:57:04.000
2026-06-25 16:43:32.094   Installing the file.
2026-06-25 16:43:32.097   Successfully installed the file.
2026-06-25 16:43:32.097   -- File entry --
2026-06-25 16:43:32.097   Dest filename: C:\Program Files\SamaHesab\server\Microsoft.AspNetCore.Mvc.Core.dll
2026-06-25 16:43:32.098   Time stamp of our file: 2026-04-30 13:57:06.000
2026-06-25 16:43:32.098   Dest file exists.
2026-06-25 16:43:32.098   Time stamp of existing file: 2026-04-30 13:57:06.000
2026-06-25 16:43:32.098   Installing the file.
2026-06-25 16:43:32.139   Successfully installed the file.
2026-06-25 16:43:32.139   -- File entry --
2026-06-25 16:43:32.139   Dest filename: C:\Program Files\SamaHesab\server\Microsoft.AspNetCore.Mvc.Cors.dll
2026-06-25 16:43:32.139   Time stamp of our file: 2026-04-30 13:57:06.000
2026-06-25 16:43:32.139   Dest file exists.
2026-06-25 16:43:32.139   Time stamp of existing file: 2026-04-30 13:57:06.000
2026-06-25 16:43:32.139   Installing the file.
2026-06-25 16:43:32.140   Successfully installed the file.
2026-06-25 16:43:32.140   -- File entry --
2026-06-25 16:43:32.141   Dest filename: C:\Program Files\SamaHesab\server\Microsoft.AspNetCore.Mvc.DataAnnotations.dll
2026-06-25 16:43:32.141   Time stamp of our file: 2026-04-30 13:57:06.000
2026-06-25 16:43:32.141   Dest file exists.
2026-06-25 16:43:32.141   Time stamp of existing file: 2026-04-30 13:57:06.000
2026-06-25 16:43:32.141   Installing the file.
2026-06-25 16:43:32.144   Successfully installed the file.
2026-06-25 16:43:32.144   -- File entry --
2026-06-25 16:43:32.144   Dest filename: C:\Program Files\SamaHesab\server\Microsoft.AspNetCore.Mvc.dll
2026-06-25 16:43:32.144   Time stamp of our file: 2026-04-30 13:57:06.000
2026-06-25 16:43:32.144   Dest file exists.
2026-06-25 16:43:32.144   Time stamp of existing file: 2026-04-30 13:57:06.000
2026-06-25 16:43:32.144   Installing the file.
2026-06-25 16:43:32.146   Successfully installed the file.
2026-06-25 16:43:32.146   -- File entry --
2026-06-25 16:43:32.146   Dest filename: C:\Program Files\SamaHesab\server\Microsoft.AspNetCore.Mvc.Formatters.Json.dll
2026-06-25 16:43:32.146   Time stamp of our file: 2026-04-30 13:57:06.000
2026-06-25 16:43:32.146   Dest file exists.
2026-06-25 16:43:32.146   Time stamp of existing file: 2026-04-30 13:57:06.000
2026-06-25 16:43:32.146   Installing the file.
2026-06-25 16:43:32.147   Successfully installed the file.
2026-06-25 16:43:32.147   -- File entry --
2026-06-25 16:43:32.147   Dest filename: C:\Program Files\SamaHesab\server\Microsoft.AspNetCore.Mvc.Formatters.Xml.dll
2026-06-25 16:43:32.147   Time stamp of our file: 2026-04-30 13:57:06.000
2026-06-25 16:43:32.147   Dest file exists.
2026-06-25 16:43:32.147   Time stamp of existing file: 2026-04-30 13:57:06.000
2026-06-25 16:43:32.147   Installing the file.
2026-06-25 16:43:32.150   Successfully installed the file.
2026-06-25 16:43:32.150   -- File entry --
2026-06-25 16:43:32.150   Dest filename: C:\Program Files\SamaHesab\server\Microsoft.AspNetCore.Mvc.Localization.dll
2026-06-25 16:43:32.150   Time stamp of our file: 2026-04-30 13:57:06.000
2026-06-25 16:43:32.150   Dest file exists.
2026-06-25 16:43:32.150   Time stamp of existing file: 2026-04-30 13:57:06.000
2026-06-25 16:43:32.150   Installing the file.
2026-06-25 16:43:32.152   Successfully installed the file.
2026-06-25 16:43:32.152   -- File entry --
2026-06-25 16:43:32.152   Dest filename: C:\Program Files\SamaHesab\server\Microsoft.AspNetCore.Mvc.Razor.dll
2026-06-25 16:43:32.152   Time stamp of our file: 2026-04-30 13:57:06.000
2026-06-25 16:43:32.152   Dest file exists.
2026-06-25 16:43:32.152   Time stamp of existing file: 2026-04-30 13:57:06.000
2026-06-25 16:43:32.152   Installing the file.
2026-06-25 16:43:32.158   Successfully installed the file.
2026-06-25 16:43:32.158   -- File entry --
2026-06-25 16:43:32.158   Dest filename: C:\Program Files\SamaHesab\server\Microsoft.AspNetCore.Mvc.RazorPages.dll
2026-06-25 16:43:32.158   Time stamp of our file: 2026-04-30 13:57:08.000
2026-06-25 16:43:32.158   Dest file exists.
2026-06-25 16:43:32.158   Time stamp of existing file: 2026-04-30 13:57:08.000
2026-06-25 16:43:32.158   Installing the file.
2026-06-25 16:43:32.168   Successfully installed the file.
2026-06-25 16:43:32.168   -- File entry --
2026-06-25 16:43:32.168   Dest filename: C:\Program Files\SamaHesab\server\Microsoft.AspNetCore.Mvc.TagHelpers.dll
2026-06-25 16:43:32.168   Time stamp of our file: 2026-04-30 13:57:08.000
2026-06-25 16:43:32.168   Dest file exists.
2026-06-25 16:43:32.168   Time stamp of existing file: 2026-04-30 13:57:08.000
2026-06-25 16:43:32.168   Installing the file.
2026-06-25 16:43:32.175   Successfully installed the file.
2026-06-25 16:43:32.175   -- File entry --
2026-06-25 16:43:32.175   Dest filename: C:\Program Files\SamaHesab\server\Microsoft.AspNetCore.Mvc.ViewFeatures.dll
2026-06-25 16:43:32.175   Time stamp of our file: 2026-04-30 13:57:08.000
2026-06-25 16:43:32.175   Dest file exists.
2026-06-25 16:43:32.175   Time stamp of existing file: 2026-04-30 13:57:08.000
2026-06-25 16:43:32.175   Installing the file.
2026-06-25 16:43:32.192   Successfully installed the file.
2026-06-25 16:43:32.192   -- File entry --
2026-06-25 16:43:32.192   Dest filename: C:\Program Files\SamaHesab\server\Microsoft.AspNetCore.OutputCaching.dll
2026-06-25 16:43:32.192   Time stamp of our file: 2026-04-30 13:57:08.000
2026-06-25 16:43:32.192   Dest file exists.
2026-06-25 16:43:32.192   Time stamp of existing file: 2026-04-30 13:57:08.000
2026-06-25 16:43:32.192   Installing the file.
2026-06-25 16:43:32.198   Successfully installed the file.
2026-06-25 16:43:32.198   -- File entry --
2026-06-25 16:43:32.198   Dest filename: C:\Program Files\SamaHesab\server\Microsoft.AspNetCore.RateLimiting.dll
2026-06-25 16:43:32.198   Time stamp of our file: 2026-04-30 13:57:08.000
2026-06-25 16:43:32.198   Dest file exists.
2026-06-25 16:43:32.198   Time stamp of existing file: 2026-04-30 13:57:08.000
2026-06-25 16:43:32.198   Installing the file.
2026-06-25 16:43:32.201   Successfully installed the file.
2026-06-25 16:43:32.201   -- File entry --
2026-06-25 16:43:32.201   Dest filename: C:\Program Files\SamaHesab\server\Microsoft.AspNetCore.Razor.dll
2026-06-25 16:43:32.201   Time stamp of our file: 2026-04-30 13:57:08.000
2026-06-25 16:43:32.201   Dest file exists.
2026-06-25 16:43:32.201   Time stamp of existing file: 2026-04-30 13:57:08.000
2026-06-25 16:43:32.201   Installing the file.
2026-06-25 16:43:32.204   Successfully installed the file.
2026-06-25 16:43:32.204   -- File entry --
2026-06-25 16:43:32.204   Dest filename: C:\Program Files\SamaHesab\server\Microsoft.AspNetCore.Razor.Runtime.dll
2026-06-25 16:43:32.204   Time stamp of our file: 2026-04-30 13:57:08.000
2026-06-25 16:43:32.204   Dest file exists.
2026-06-25 16:43:32.204   Time stamp of existing file: 2026-04-30 13:57:08.000
2026-06-25 16:43:32.204   Installing the file.
2026-06-25 16:43:32.206   Successfully installed the file.
2026-06-25 16:43:32.206   -- File entry --
2026-06-25 16:43:32.206   Dest filename: C:\Program Files\SamaHesab\server\Microsoft.AspNetCore.RequestDecompression.dll
2026-06-25 16:43:32.206   Time stamp of our file: 2026-04-30 13:57:10.000
2026-06-25 16:43:32.206   Dest file exists.
2026-06-25 16:43:32.206   Time stamp of existing file: 2026-04-30 13:57:10.000
2026-06-25 16:43:32.206   Installing the file.
2026-06-25 16:43:32.207   Successfully installed the file.
2026-06-25 16:43:32.207   -- File entry --
2026-06-25 16:43:32.207   Dest filename: C:\Program Files\SamaHesab\server\Microsoft.AspNetCore.ResponseCaching.Abstractions.dll
2026-06-25 16:43:32.207   Time stamp of our file: 2026-04-30 13:57:10.000
2026-06-25 16:43:32.207   Dest file exists.
2026-06-25 16:43:32.208   Time stamp of existing file: 2026-04-30 13:57:10.000
2026-06-25 16:43:32.208   Installing the file.
2026-06-25 16:43:32.208   Successfully installed the file.
2026-06-25 16:43:32.208   -- File entry --
2026-06-25 16:43:32.208   Dest filename: C:\Program Files\SamaHesab\server\Microsoft.AspNetCore.ResponseCaching.dll
2026-06-25 16:43:32.208   Time stamp of our file: 2026-04-30 13:57:10.000
2026-06-25 16:43:32.208   Dest file exists.
2026-06-25 16:43:32.210   Time stamp of existing file: 2026-04-30 13:57:10.000
2026-06-25 16:43:32.210   Installing the file.
2026-06-25 16:43:32.212   Successfully installed the file.
2026-06-25 16:43:32.213   -- File entry --
2026-06-25 16:43:32.213   Dest filename: C:\Program Files\SamaHesab\server\Microsoft.AspNetCore.ResponseCompression.dll
2026-06-25 16:43:32.213   Time stamp of our file: 2026-04-30 13:57:10.000
2026-06-25 16:43:32.213   Dest file exists.
2026-06-25 16:43:32.213   Time stamp of existing file: 2026-04-30 13:57:10.000
2026-06-25 16:43:32.213   Installing the file.
2026-06-25 16:43:32.215   Successfully installed the file.
2026-06-25 16:43:32.215   -- File entry --
2026-06-25 16:43:32.215   Dest filename: C:\Program Files\SamaHesab\server\Microsoft.AspNetCore.Rewrite.dll
2026-06-25 16:43:32.215   Time stamp of our file: 2026-04-30 13:57:10.000
2026-06-25 16:43:32.215   Dest file exists.
2026-06-25 16:43:32.215   Time stamp of existing file: 2026-04-30 13:57:10.000
2026-06-25 16:43:32.215   Installing the file.
2026-06-25 16:43:32.221   Successfully installed the file.
2026-06-25 16:43:32.221   -- File entry --
2026-06-25 16:43:32.222   Dest filename: C:\Program Files\SamaHesab\server\Microsoft.AspNetCore.Routing.Abstractions.dll
2026-06-25 16:43:32.222   Time stamp of our file: 2026-04-30 13:57:10.000
2026-06-25 16:43:32.222   Dest file exists.
2026-06-25 16:43:32.222   Time stamp of existing file: 2026-04-30 13:57:10.000
2026-06-25 16:43:32.222   Installing the file.
2026-06-25 16:43:32.223   Successfully installed the file.
2026-06-25 16:43:32.223   -- File entry --
2026-06-25 16:43:32.223   Dest filename: C:\Program Files\SamaHesab\server\Microsoft.AspNetCore.Routing.dll
2026-06-25 16:43:32.223   Time stamp of our file: 2026-04-30 13:57:10.000
2026-06-25 16:43:32.223   Dest file exists.
2026-06-25 16:43:32.223   Time stamp of existing file: 2026-04-30 13:57:10.000
2026-06-25 16:43:32.223   Installing the file.
2026-06-25 16:43:32.242   Successfully installed the file.
2026-06-25 16:43:32.243   -- File entry --
2026-06-25 16:43:32.243   Dest filename: C:\Program Files\SamaHesab\server\Microsoft.AspNetCore.Server.HttpSys.dll
2026-06-25 16:43:32.243   Time stamp of our file: 2026-04-30 13:57:10.000
2026-06-25 16:43:32.243   Dest file exists.
2026-06-25 16:43:32.243   Time stamp of existing file: 2026-04-30 13:57:10.000
2026-06-25 16:43:32.243   Installing the file.
2026-06-25 16:43:32.257   Successfully installed the file.
2026-06-25 16:43:32.257   -- File entry --
2026-06-25 16:43:32.257   Dest filename: C:\Program Files\SamaHesab\server\Microsoft.AspNetCore.Server.IIS.dll
2026-06-25 16:43:32.258   Time stamp of our file: 2026-04-30 13:57:12.000
2026-06-25 16:43:32.258   Dest file exists.
2026-06-25 16:43:32.258   Time stamp of existing file: 2026-04-30 13:57:12.000
2026-06-25 16:43:32.258   Installing the file.
2026-06-25 16:43:32.269   Successfully installed the file.
2026-06-25 16:43:32.269   -- File entry --
2026-06-25 16:43:32.270   Dest filename: C:\Program Files\SamaHesab\server\Microsoft.AspNetCore.Server.IISIntegration.dll
2026-06-25 16:43:32.270   Time stamp of our file: 2026-04-30 13:57:12.000
2026-06-25 16:43:32.270   Dest file exists.
2026-06-25 16:43:32.270   Time stamp of existing file: 2026-04-30 13:57:12.000
2026-06-25 16:43:32.270   Installing the file.
2026-06-25 16:43:32.271   Successfully installed the file.
2026-06-25 16:43:32.271   -- File entry --
2026-06-25 16:43:32.271   Dest filename: C:\Program Files\SamaHesab\server\Microsoft.AspNetCore.Server.Kestrel.Core.dll
2026-06-25 16:43:32.271   Time stamp of our file: 2026-04-30 13:57:12.000
2026-06-25 16:43:32.271   Dest file exists.
2026-06-25 16:43:32.271   Time stamp of existing file: 2026-04-30 13:57:12.000
2026-06-25 16:43:32.271   Installing the file.
2026-06-25 16:43:32.320   Successfully installed the file.
2026-06-25 16:43:32.320   -- File entry --
2026-06-25 16:43:32.321   Dest filename: C:\Program Files\SamaHesab\server\Microsoft.AspNetCore.Server.Kestrel.dll
2026-06-25 16:43:32.321   Time stamp of our file: 2026-04-30 13:57:12.000
2026-06-25 16:43:32.321   Dest file exists.
2026-06-25 16:43:32.321   Time stamp of existing file: 2026-04-30 13:57:12.000
2026-06-25 16:43:32.321   Installing the file.
2026-06-25 16:43:32.322   Successfully installed the file.
2026-06-25 16:43:32.322   -- File entry --
2026-06-25 16:43:32.322   Dest filename: C:\Program Files\SamaHesab\server\Microsoft.AspNetCore.Server.Kestrel.Transport.NamedPipes.dll
2026-06-25 16:43:32.322   Time stamp of our file: 2026-04-30 13:57:12.000
2026-06-25 16:43:32.322   Dest file exists.
2026-06-25 16:43:32.322   Time stamp of existing file: 2026-04-30 13:57:12.000
2026-06-25 16:43:32.322   Installing the file.
2026-06-25 16:43:32.325   Successfully installed the file.
2026-06-25 16:43:32.325   -- File entry --
2026-06-25 16:43:32.325   Dest filename: C:\Program Files\SamaHesab\server\Microsoft.AspNetCore.Server.Kestrel.Transport.Quic.dll
2026-06-25 16:43:32.326   Time stamp of our file: 2026-04-30 13:57:14.000
2026-06-25 16:43:32.326   Dest file exists.
2026-06-25 16:43:32.326   Time stamp of existing file: 2026-04-30 13:57:14.000
2026-06-25 16:43:32.326   Installing the file.
2026-06-25 16:43:32.331   Successfully installed the file.
2026-06-25 16:43:32.331   -- File entry --
2026-06-25 16:43:32.331   Dest filename: C:\Program Files\SamaHesab\server\Microsoft.AspNetCore.Server.Kestrel.Transport.Sockets.dll
2026-06-25 16:43:32.331   Time stamp of our file: 2026-04-30 13:57:14.000
2026-06-25 16:43:32.331   Dest file exists.
2026-06-25 16:43:32.331   Time stamp of existing file: 2026-04-30 13:57:14.000
2026-06-25 16:43:32.331   Installing the file.
2026-06-25 16:43:32.335   Successfully installed the file.
2026-06-25 16:43:32.335   -- File entry --
2026-06-25 16:43:32.335   Dest filename: C:\Program Files\SamaHesab\server\Microsoft.AspNetCore.Session.dll
2026-06-25 16:43:32.335   Time stamp of our file: 2026-04-30 13:57:14.000
2026-06-25 16:43:32.335   Dest file exists.
2026-06-25 16:43:32.335   Time stamp of existing file: 2026-04-30 13:57:14.000
2026-06-25 16:43:32.335   Installing the file.
2026-06-25 16:43:32.338   Successfully installed the file.
2026-06-25 16:43:32.338   -- File entry --
2026-06-25 16:43:32.338   Dest filename: C:\Program Files\SamaHesab\server\Microsoft.AspNetCore.SignalR.Common.dll
2026-06-25 16:43:32.338   Time stamp of our file: 2026-04-30 13:57:14.000
2026-06-25 16:43:32.338   Dest file exists.
2026-06-25 16:43:32.338   Time stamp of existing file: 2026-04-30 13:57:14.000
2026-06-25 16:43:32.338   Installing the file.
2026-06-25 16:43:32.340   Successfully installed the file.
2026-06-25 16:43:32.340   -- File entry --
2026-06-25 16:43:32.340   Dest filename: C:\Program Files\SamaHesab\server\Microsoft.AspNetCore.SignalR.Core.dll
2026-06-25 16:43:32.340   Time stamp of our file: 2026-04-30 13:57:14.000
2026-06-25 16:43:32.340   Dest file exists.
2026-06-25 16:43:32.340   Time stamp of existing file: 2026-04-30 13:57:14.000
2026-06-25 16:43:32.340   Installing the file.
2026-06-25 16:43:32.353   Successfully installed the file.
2026-06-25 16:43:32.353   -- File entry --
2026-06-25 16:43:32.353   Dest filename: C:\Program Files\SamaHesab\server\Microsoft.AspNetCore.SignalR.dll
2026-06-25 16:43:32.353   Time stamp of our file: 2026-04-30 13:57:14.000
2026-06-25 16:43:32.353   Dest file exists.
2026-06-25 16:43:32.353   Time stamp of existing file: 2026-04-30 13:57:14.000
2026-06-25 16:43:32.353   Installing the file.
2026-06-25 16:43:32.354   Successfully installed the file.
2026-06-25 16:43:32.354   -- File entry --
2026-06-25 16:43:32.355   Dest filename: C:\Program Files\SamaHesab\server\Microsoft.AspNetCore.SignalR.Protocols.Json.dll
2026-06-25 16:43:32.355   Time stamp of our file: 2026-04-30 13:57:14.000
2026-06-25 16:43:32.355   Dest file exists.
2026-06-25 16:43:32.355   Time stamp of existing file: 2026-04-30 13:57:14.000
2026-06-25 16:43:32.355   Installing the file.
2026-06-25 16:43:32.357   Successfully installed the file.
2026-06-25 16:43:32.357   -- File entry --
2026-06-25 16:43:32.357   Dest filename: C:\Program Files\SamaHesab\server\Microsoft.AspNetCore.StaticAssets.dll
2026-06-25 16:43:32.357   Time stamp of our file: 2026-04-30 13:57:14.000
2026-06-25 16:43:32.357   Dest file exists.
2026-06-25 16:43:32.357   Time stamp of existing file: 2026-04-30 13:57:14.000
2026-06-25 16:43:32.357   Installing the file.
2026-06-25 16:43:32.361   Successfully installed the file.
2026-06-25 16:43:32.361   -- File entry --
2026-06-25 16:43:32.361   Dest filename: C:\Program Files\SamaHesab\server\Microsoft.AspNetCore.StaticFiles.dll
2026-06-25 16:43:32.361   Time stamp of our file: 2026-04-30 13:57:16.000
2026-06-25 16:43:32.361   Dest file exists.
2026-06-25 16:43:32.361   Time stamp of existing file: 2026-04-30 13:57:16.000
2026-06-25 16:43:32.361   Installing the file.
2026-06-25 16:43:32.366   Successfully installed the file.
2026-06-25 16:43:32.366   -- File entry --
2026-06-25 16:43:32.366   Dest filename: C:\Program Files\SamaHesab\server\Microsoft.AspNetCore.WebSockets.dll
2026-06-25 16:43:32.366   Time stamp of our file: 2026-04-30 13:57:16.000
2026-06-25 16:43:32.366   Dest file exists.
2026-06-25 16:43:32.366   Time stamp of existing file: 2026-04-30 13:57:16.000
2026-06-25 16:43:32.366   Installing the file.
2026-06-25 16:43:32.368   Successfully installed the file.
2026-06-25 16:43:32.368   -- File entry --
2026-06-25 16:43:32.368   Dest filename: C:\Program Files\SamaHesab\server\Microsoft.AspNetCore.WebUtilities.dll
2026-06-25 16:43:32.368   Time stamp of our file: 2026-04-30 13:57:16.000
2026-06-25 16:43:32.368   Dest file exists.
2026-06-25 16:43:32.369   Time stamp of existing file: 2026-04-30 13:57:16.000
2026-06-25 16:43:32.369   Installing the file.
2026-06-25 16:43:32.374   Successfully installed the file.
2026-06-25 16:43:32.374   -- File entry --
2026-06-25 16:43:32.374   Dest filename: C:\Program Files\SamaHesab\server\Microsoft.Bcl.AsyncInterfaces.dll
2026-06-25 16:43:32.374   Time stamp of our file: 2020-04-15 02:09:12.000
2026-06-25 16:43:32.374   Dest file exists.
2026-06-25 16:43:32.374   Time stamp of existing file: 2020-04-15 02:09:12.000
2026-06-25 16:43:32.375   Installing the file.
2026-06-25 16:43:32.375   Successfully installed the file.
2026-06-25 16:43:32.376   -- File entry --
2026-06-25 16:43:32.376   Dest filename: C:\Program Files\SamaHesab\server\Microsoft.CSharp.dll
2026-06-25 16:43:32.376   Time stamp of our file: 2026-04-30 03:06:42.000
2026-06-25 16:43:32.376   Dest file exists.
2026-06-25 16:43:32.376   Time stamp of existing file: 2026-04-30 03:06:42.000
2026-06-25 16:43:32.376   Installing the file.
2026-06-25 16:43:32.399   Successfully installed the file.
2026-06-25 16:43:32.400   -- File entry --
2026-06-25 16:43:32.400   Dest filename: C:\Program Files\SamaHesab\server\Microsoft.Data.SqlClient.dll
2026-06-25 16:43:32.400   Time stamp of our file: 2024-08-27 22:16:52.000
2026-06-25 16:43:32.400   Dest file exists.
2026-06-25 16:43:32.400   Time stamp of existing file: 2024-08-27 22:16:52.000
2026-06-25 16:43:32.400   Installing the file.
2026-06-25 16:43:32.434   Successfully installed the file.
2026-06-25 16:43:32.435   -- File entry --
2026-06-25 16:43:32.435   Dest filename: C:\Program Files\SamaHesab\server\Microsoft.Data.SqlClient.SNI.dll
2026-06-25 16:43:32.435   Time stamp of our file: 2024-02-21 02:00:22.000
2026-06-25 16:43:32.435   Dest file exists.
2026-06-25 16:43:32.435   Time stamp of existing file: 2024-02-21 02:00:22.000
2026-06-25 16:43:32.435   Installing the file.
2026-06-25 16:43:32.446   Successfully installed the file.
2026-06-25 16:43:32.446   -- File entry --
2026-06-25 16:43:32.446   Dest filename: C:\Program Files\SamaHesab\server\Microsoft.DiaSymReader.Native.amd64.dll
2026-06-25 16:43:32.447   Time stamp of our file: 2024-11-27 07:48:14.000
2026-06-25 16:43:32.447   Dest file exists.
2026-06-25 16:43:32.447   Time stamp of existing file: 2024-11-27 07:48:14.000
2026-06-25 16:43:32.447   Installing the file.
2026-06-25 16:43:32.492   Successfully installed the file.
2026-06-25 16:43:32.492   -- File entry --
2026-06-25 16:43:32.492   Dest filename: C:\Program Files\SamaHesab\server\Microsoft.EntityFrameworkCore.Abstractions.dll
2026-06-25 16:43:32.492   Time stamp of our file: 2024-10-29 13:27:06.000
2026-06-25 16:43:32.492   Dest file exists.
2026-06-25 16:43:32.492   Time stamp of existing file: 2024-10-29 13:27:06.000
2026-06-25 16:43:32.492   Installing the file.
2026-06-25 16:43:32.493   Successfully installed the file.
2026-06-25 16:43:32.494   -- File entry --
2026-06-25 16:43:32.494   Dest filename: C:\Program Files\SamaHesab\server\Microsoft.EntityFrameworkCore.dll
2026-06-25 16:43:32.494   Time stamp of our file: 2024-10-29 13:27:48.000
2026-06-25 16:43:32.494   Dest file exists.
2026-06-25 16:43:32.494   Time stamp of existing file: 2024-10-29 13:27:48.000
2026-06-25 16:43:32.494   Installing the file.
2026-06-25 16:43:32.539   Successfully installed the file.
2026-06-25 16:43:32.539   -- File entry --
2026-06-25 16:43:32.539   Dest filename: C:\Program Files\SamaHesab\server\Microsoft.EntityFrameworkCore.Relational.dll
2026-06-25 16:43:32.539   Time stamp of our file: 2024-10-29 13:28:16.000
2026-06-25 16:43:32.539   Dest file exists.
2026-06-25 16:43:32.539   Time stamp of existing file: 2024-10-29 13:28:16.000
2026-06-25 16:43:32.539   Installing the file.
2026-06-25 16:43:32.578   Successfully installed the file.
2026-06-25 16:43:32.578   -- File entry --
2026-06-25 16:43:32.578   Dest filename: C:\Program Files\SamaHesab\server\Microsoft.EntityFrameworkCore.SqlServer.dll
2026-06-25 16:43:32.578   Time stamp of our file: 2024-10-29 13:29:26.000
2026-06-25 16:43:32.578   Dest file exists.
2026-06-25 16:43:32.578   Time stamp of existing file: 2024-10-29 13:29:26.000
2026-06-25 16:43:32.578   Installing the file.
2026-06-25 16:43:32.591   Successfully installed the file.
2026-06-25 16:43:32.591   -- File entry --
2026-06-25 16:43:32.591   Dest filename: C:\Program Files\SamaHesab\server\Microsoft.Extensions.Caching.Abstractions.dll
2026-06-25 16:43:32.591   Time stamp of our file: 2026-04-30 13:56:44.000
2026-06-25 16:43:32.591   Dest file exists.
2026-06-25 16:43:32.591   Time stamp of existing file: 2026-04-30 13:56:44.000
2026-06-25 16:43:32.591   Installing the file.
2026-06-25 16:43:32.593   Successfully installed the file.
2026-06-25 16:43:32.593   -- File entry --
2026-06-25 16:43:32.593   Dest filename: C:\Program Files\SamaHesab\server\Microsoft.Extensions.Caching.Memory.dll
2026-06-25 16:43:32.593   Time stamp of our file: 2026-04-30 13:56:44.000
2026-06-25 16:43:32.593   Dest file exists.
2026-06-25 16:43:32.593   Time stamp of existing file: 2026-04-30 13:56:44.000
2026-06-25 16:43:32.593   Installing the file.
2026-06-25 16:43:32.596   Successfully installed the file.
2026-06-25 16:43:32.596   -- File entry --
2026-06-25 16:43:32.596   Dest filename: C:\Program Files\SamaHesab\server\Microsoft.Extensions.Configuration.Abstractions.dll
2026-06-25 16:43:32.596   Time stamp of our file: 2026-04-30 13:56:44.000
2026-06-25 16:43:32.596   Dest file exists.
2026-06-25 16:43:32.596   Time stamp of existing file: 2026-04-30 13:56:44.000
2026-06-25 16:43:32.596   Installing the file.
2026-06-25 16:43:32.597   Successfully installed the file.
2026-06-25 16:43:32.597   -- File entry --
2026-06-25 16:43:32.597   Dest filename: C:\Program Files\SamaHesab\server\Microsoft.Extensions.Configuration.Binder.dll
2026-06-25 16:43:32.597   Time stamp of our file: 2026-04-30 13:56:44.000
2026-06-25 16:43:32.597   Dest file exists.
2026-06-25 16:43:32.598   Time stamp of existing file: 2026-04-30 13:56:44.000
2026-06-25 16:43:32.598   Installing the file.
2026-06-25 16:43:32.600   Successfully installed the file.
2026-06-25 16:43:32.600   -- File entry --
2026-06-25 16:43:32.600   Dest filename: C:\Program Files\SamaHesab\server\Microsoft.Extensions.Configuration.CommandLine.dll
2026-06-25 16:43:32.600   Time stamp of our file: 2026-04-30 13:56:46.000
2026-06-25 16:43:32.600   Dest file exists.
2026-06-25 16:43:32.600   Time stamp of existing file: 2026-04-30 13:56:46.000
2026-06-25 16:43:32.600   Installing the file.
2026-06-25 16:43:32.602   Successfully installed the file.
2026-06-25 16:43:32.602   -- File entry --
2026-06-25 16:43:32.602   Dest filename: C:\Program Files\SamaHesab\server\Microsoft.Extensions.Configuration.dll
2026-06-25 16:43:32.602   Time stamp of our file: 2026-04-30 13:56:44.000
2026-06-25 16:43:32.602   Dest file exists.
2026-06-25 16:43:32.602   Time stamp of existing file: 2026-04-30 13:56:44.000
2026-06-25 16:43:32.602   Installing the file.
2026-06-25 16:43:32.605   Successfully installed the file.
2026-06-25 16:43:32.605   -- File entry --
2026-06-25 16:43:32.605   Dest filename: C:\Program Files\SamaHesab\server\Microsoft.Extensions.Configuration.EnvironmentVariables.dll
2026-06-25 16:43:32.605   Time stamp of our file: 2026-04-30 13:56:46.000
2026-06-25 16:43:32.605   Dest file exists.
2026-06-25 16:43:32.605   Time stamp of existing file: 2026-04-30 13:56:46.000
2026-06-25 16:43:32.605   Installing the file.
2026-06-25 16:43:32.606   Successfully installed the file.
2026-06-25 16:43:32.606   -- File entry --
2026-06-25 16:43:32.606   Dest filename: C:\Program Files\SamaHesab\server\Microsoft.Extensions.Configuration.FileExtensions.dll
2026-06-25 16:43:32.606   Time stamp of our file: 2026-04-30 13:56:46.000
2026-06-25 16:43:32.606   Dest file exists.
2026-06-25 16:43:32.606   Time stamp of existing file: 2026-04-30 13:56:46.000
2026-06-25 16:43:32.606   Installing the file.
2026-06-25 16:43:32.608   Successfully installed the file.
2026-06-25 16:43:32.608   -- File entry --
2026-06-25 16:43:32.608   Dest filename: C:\Program Files\SamaHesab\server\Microsoft.Extensions.Configuration.Ini.dll
2026-06-25 16:43:32.608   Time stamp of our file: 2026-04-30 13:56:46.000
2026-06-25 16:43:32.608   Dest file exists.
2026-06-25 16:43:32.608   Time stamp of existing file: 2026-04-30 13:56:46.000
2026-06-25 16:43:32.608   Installing the file.
2026-06-25 16:43:32.609   Successfully installed the file.
2026-06-25 16:43:32.609   -- File entry --
2026-06-25 16:43:32.610   Dest filename: C:\Program Files\SamaHesab\server\Microsoft.Extensions.Configuration.Json.dll
2026-06-25 16:43:32.610   Time stamp of our file: 2026-04-30 13:56:46.000
2026-06-25 16:43:32.610   Dest file exists.
2026-06-25 16:43:32.610   Time stamp of existing file: 2026-04-30 13:56:46.000
2026-06-25 16:43:32.610   Installing the file.
2026-06-25 16:43:32.611   Successfully installed the file.
2026-06-25 16:43:32.611   -- File entry --
2026-06-25 16:43:32.611   Dest filename: C:\Program Files\SamaHesab\server\Microsoft.Extensions.Configuration.KeyPerFile.dll
2026-06-25 16:43:32.611   Time stamp of our file: 2026-04-30 13:57:16.000
2026-06-25 16:43:32.611   Dest file exists.
2026-06-25 16:43:32.611   Time stamp of existing file: 2026-04-30 13:57:16.000
2026-06-25 16:43:32.611   Installing the file.
2026-06-25 16:43:32.613   Successfully installed the file.
2026-06-25 16:43:32.613   -- File entry --
2026-06-25 16:43:32.613   Dest filename: C:\Program Files\SamaHesab\server\Microsoft.Extensions.Configuration.UserSecrets.dll
2026-06-25 16:43:32.613   Time stamp of our file: 2026-04-30 13:56:46.000
2026-06-25 16:43:32.613   Dest file exists.
2026-06-25 16:43:32.613   Time stamp of existing file: 2026-04-30 13:56:46.000
2026-06-25 16:43:32.613   Installing the file.
2026-06-25 16:43:32.614   Successfully installed the file.
2026-06-25 16:43:32.614   -- File entry --
2026-06-25 16:43:32.614   Dest filename: C:\Program Files\SamaHesab\server\Microsoft.Extensions.Configuration.Xml.dll
2026-06-25 16:43:32.614   Time stamp of our file: 2026-04-30 13:56:46.000
2026-06-25 16:43:32.614   Dest file exists.
2026-06-25 16:43:32.614   Time stamp of existing file: 2026-04-30 13:56:46.000
2026-06-25 16:43:32.614   Installing the file.
2026-06-25 16:43:32.616   Successfully installed the file.
2026-06-25 16:43:32.616   -- File entry --
2026-06-25 16:43:32.616   Dest filename: C:\Program Files\SamaHesab\server\Microsoft.Extensions.DependencyInjection.Abstractions.dll
2026-06-25 16:43:32.616   Time stamp of our file: 2026-04-30 13:56:46.000
2026-06-25 16:43:32.616   Dest file exists.
2026-06-25 16:43:32.616   Time stamp of existing file: 2026-04-30 13:56:46.000
2026-06-25 16:43:32.616   Installing the file.
2026-06-25 16:43:32.620   Successfully installed the file.
2026-06-25 16:43:32.620   -- File entry --
2026-06-25 16:43:32.621   Dest filename: C:\Program Files\SamaHesab\server\Microsoft.Extensions.DependencyInjection.dll
2026-06-25 16:43:32.621   Time stamp of our file: 2026-04-30 13:56:46.000
2026-06-25 16:43:32.621   Dest file exists.
2026-06-25 16:43:32.621   Time stamp of existing file: 2026-04-30 13:56:46.000
2026-06-25 16:43:32.621   Installing the file.
2026-06-25 16:43:32.626   Successfully installed the file.
2026-06-25 16:43:32.626   -- File entry --
2026-06-25 16:43:32.626   Dest filename: C:\Program Files\SamaHesab\server\Microsoft.Extensions.Diagnostics.Abstractions.dll
2026-06-25 16:43:32.626   Time stamp of our file: 2026-04-30 13:56:48.000
2026-06-25 16:43:32.626   Dest file exists.
2026-06-25 16:43:32.626   Time stamp of existing file: 2026-04-30 13:56:48.000
2026-06-25 16:43:32.626   Installing the file.
2026-06-25 16:43:32.627   Successfully installed the file.
2026-06-25 16:43:32.627   -- File entry --
2026-06-25 16:43:32.627   Dest filename: C:\Program Files\SamaHesab\server\Microsoft.Extensions.Diagnostics.dll
2026-06-25 16:43:32.627   Time stamp of our file: 2026-04-30 13:56:48.000
2026-06-25 16:43:32.627   Dest file exists.
2026-06-25 16:43:32.627   Time stamp of existing file: 2026-04-30 13:56:48.000
2026-06-25 16:43:32.627   Installing the file.
2026-06-25 16:43:32.629   Successfully installed the file.
2026-06-25 16:43:32.629   -- File entry --
2026-06-25 16:43:32.629   Dest filename: C:\Program Files\SamaHesab\server\Microsoft.Extensions.Diagnostics.HealthChecks.Abstractions.dll
2026-06-25 16:43:32.629   Time stamp of our file: 2026-04-30 13:57:16.000
2026-06-25 16:43:32.629   Dest file exists.
2026-06-25 16:43:32.629   Time stamp of existing file: 2026-04-30 13:57:16.000
2026-06-25 16:43:32.629   Installing the file.
2026-06-25 16:43:32.631   Successfully installed the file.
2026-06-25 16:43:32.631   -- File entry --
2026-06-25 16:43:32.631   Dest filename: C:\Program Files\SamaHesab\server\Microsoft.Extensions.Diagnostics.HealthChecks.dll
2026-06-25 16:43:32.631   Time stamp of our file: 2026-04-30 13:57:16.000
2026-06-25 16:43:32.631   Dest file exists.
2026-06-25 16:43:32.631   Time stamp of existing file: 2026-04-30 13:57:16.000
2026-06-25 16:43:32.631   Installing the file.
2026-06-25 16:43:32.634   Successfully installed the file.
2026-06-25 16:43:32.634   -- File entry --
2026-06-25 16:43:32.634   Dest filename: C:\Program Files\SamaHesab\server\Microsoft.Extensions.Features.dll
2026-06-25 16:43:32.634   Time stamp of our file: 2026-04-30 13:57:16.000
2026-06-25 16:43:32.634   Dest file exists.
2026-06-25 16:43:32.634   Time stamp of existing file: 2026-04-30 13:57:16.000
2026-06-25 16:43:32.634   Installing the file.
2026-06-25 16:43:32.636   Successfully installed the file.
2026-06-25 16:43:32.636   -- File entry --
2026-06-25 16:43:32.636   Dest filename: C:\Program Files\SamaHesab\server\Microsoft.Extensions.FileProviders.Abstractions.dll
2026-06-25 16:43:32.636   Time stamp of our file: 2026-04-30 13:56:48.000
2026-06-25 16:43:32.636   Dest file exists.
2026-06-25 16:43:32.636   Time stamp of existing file: 2026-04-30 13:56:48.000
2026-06-25 16:43:32.636   Installing the file.
2026-06-25 16:43:32.637   Successfully installed the file.
2026-06-25 16:43:32.637   -- File entry --
2026-06-25 16:43:32.637   Dest filename: C:\Program Files\SamaHesab\server\Microsoft.Extensions.FileProviders.Composite.dll
2026-06-25 16:43:32.637   Time stamp of our file: 2026-04-30 13:56:48.000
2026-06-25 16:43:32.637   Dest file exists.
2026-06-25 16:43:32.637   Time stamp of existing file: 2026-04-30 13:56:48.000
2026-06-25 16:43:32.637   Installing the file.
2026-06-25 16:43:32.638   Successfully installed the file.
2026-06-25 16:43:32.638   -- File entry --
2026-06-25 16:43:32.638   Dest filename: C:\Program Files\SamaHesab\server\Microsoft.Extensions.FileProviders.Embedded.dll
2026-06-25 16:43:32.638   Time stamp of our file: 2026-04-30 13:57:16.000
2026-06-25 16:43:32.638   Dest file exists.
2026-06-25 16:43:32.638   Time stamp of existing file: 2026-04-30 13:57:16.000
2026-06-25 16:43:32.638   Installing the file.
2026-06-25 16:43:32.641   Successfully installed the file.
2026-06-25 16:43:32.641   -- File entry --
2026-06-25 16:43:32.641   Dest filename: C:\Program Files\SamaHesab\server\Microsoft.Extensions.FileProviders.Physical.dll
2026-06-25 16:43:32.641   Time stamp of our file: 2026-04-30 13:56:48.000
2026-06-25 16:43:32.641   Dest file exists.
2026-06-25 16:43:32.641   Time stamp of existing file: 2026-04-30 13:56:48.000
2026-06-25 16:43:32.641   Installing the file.
2026-06-25 16:43:32.644   Successfully installed the file.
2026-06-25 16:43:32.644   -- File entry --
2026-06-25 16:43:32.644   Dest filename: C:\Program Files\SamaHesab\server\Microsoft.Extensions.FileSystemGlobbing.dll
2026-06-25 16:43:32.644   Time stamp of our file: 2026-04-30 13:56:48.000
2026-06-25 16:43:32.644   Dest file exists.
2026-06-25 16:43:32.644   Time stamp of existing file: 2026-04-30 13:56:48.000
2026-06-25 16:43:32.644   Installing the file.
2026-06-25 16:43:32.647   Successfully installed the file.
2026-06-25 16:43:32.647   -- File entry --
2026-06-25 16:43:32.647   Dest filename: C:\Program Files\SamaHesab\server\Microsoft.Extensions.Hosting.Abstractions.dll
2026-06-25 16:43:32.647   Time stamp of our file: 2026-04-30 13:56:48.000
2026-06-25 16:43:32.647   Dest file exists.
2026-06-25 16:43:32.647   Time stamp of existing file: 2026-04-30 13:56:48.000
2026-06-25 16:43:32.647   Installing the file.
2026-06-25 16:43:32.649   Successfully installed the file.
2026-06-25 16:43:32.649   -- File entry --
2026-06-25 16:43:32.649   Dest filename: C:\Program Files\SamaHesab\server\Microsoft.Extensions.Hosting.dll
2026-06-25 16:43:32.649   Time stamp of our file: 2026-04-30 13:56:48.000
2026-06-25 16:43:32.649   Dest file exists.
2026-06-25 16:43:32.649   Time stamp of existing file: 2026-04-30 13:56:48.000
2026-06-25 16:43:32.649   Installing the file.
2026-06-25 16:43:32.654   Successfully installed the file.
2026-06-25 16:43:32.654   -- File entry --
2026-06-25 16:43:32.654   Dest filename: C:\Program Files\SamaHesab\server\Microsoft.Extensions.Hosting.WindowsServices.dll
2026-06-25 16:43:32.654   Time stamp of our file: 2024-10-29 06:09:00.000
2026-06-25 16:43:32.654   Dest file exists.
2026-06-25 16:43:32.654   Time stamp of existing file: 2024-10-29 06:09:00.000
2026-06-25 16:43:32.654   Installing the file.
2026-06-25 16:43:32.655   Successfully installed the file.
2026-06-25 16:43:32.655   -- File entry --
2026-06-25 16:43:32.656   Dest filename: C:\Program Files\SamaHesab\server\Microsoft.Extensions.Http.dll
2026-06-25 16:43:32.656   Time stamp of our file: 2026-04-30 13:56:48.000
2026-06-25 16:43:32.656   Dest file exists.
2026-06-25 16:43:32.656   Time stamp of existing file: 2026-04-30 13:56:48.000
2026-06-25 16:43:32.656   Installing the file.
2026-06-25 16:43:32.660   Successfully installed the file.
2026-06-25 16:43:32.660   -- File entry --
2026-06-25 16:43:32.660   Dest filename: C:\Program Files\SamaHesab\server\Microsoft.Extensions.Identity.Core.dll
2026-06-25 16:43:32.660   Time stamp of our file: 2026-04-30 13:57:16.000
2026-06-25 16:43:32.660   Dest file exists.
2026-06-25 16:43:32.660   Time stamp of existing file: 2026-04-30 13:57:16.000
2026-06-25 16:43:32.661   Installing the file.
2026-06-25 16:43:32.670   Successfully installed the file.
2026-06-25 16:43:32.670   -- File entry --
2026-06-25 16:43:32.670   Dest filename: C:\Program Files\SamaHesab\server\Microsoft.Extensions.Identity.Stores.dll
2026-06-25 16:43:32.670   Time stamp of our file: 2026-04-30 13:57:18.000
2026-06-25 16:43:32.670   Dest file exists.
2026-06-25 16:43:32.670   Time stamp of existing file: 2026-04-30 13:57:18.000
2026-06-25 16:43:32.670   Installing the file.
2026-06-25 16:43:32.673   Successfully installed the file.
2026-06-25 16:43:32.673   -- File entry --
2026-06-25 16:43:32.673   Dest filename: C:\Program Files\SamaHesab\server\Microsoft.Extensions.Localization.Abstractions.dll
2026-06-25 16:43:32.673   Time stamp of our file: 2026-04-30 13:57:18.000
2026-06-25 16:43:32.673   Dest file exists.
2026-06-25 16:43:32.673   Time stamp of existing file: 2026-04-30 13:57:18.000
2026-06-25 16:43:32.673   Installing the file.
2026-06-25 16:43:32.674   Successfully installed the file.
2026-06-25 16:43:32.674   -- File entry --
2026-06-25 16:43:32.674   Dest filename: C:\Program Files\SamaHesab\server\Microsoft.Extensions.Localization.dll
2026-06-25 16:43:32.674   Time stamp of our file: 2026-04-30 13:57:18.000
2026-06-25 16:43:32.674   Dest file exists.
2026-06-25 16:43:32.674   Time stamp of existing file: 2026-04-30 13:57:18.000
2026-06-25 16:43:32.674   Installing the file.
2026-06-25 16:43:32.676   Successfully installed the file.
2026-06-25 16:43:32.677   -- File entry --
2026-06-25 16:43:32.677   Dest filename: C:\Program Files\SamaHesab\server\Microsoft.Extensions.Logging.Abstractions.dll
2026-06-25 16:43:32.677   Time stamp of our file: 2026-04-30 13:56:50.000
2026-06-25 16:43:32.677   Dest file exists.
2026-06-25 16:43:32.677   Time stamp of existing file: 2026-04-30 13:56:50.000
2026-06-25 16:43:32.677   Installing the file.
2026-06-25 16:43:32.681   Successfully installed the file.
2026-06-25 16:43:32.681   -- File entry --
2026-06-25 16:43:32.681   Dest filename: C:\Program Files\SamaHesab\server\Microsoft.Extensions.Logging.Configuration.dll
2026-06-25 16:43:32.682   Time stamp of our file: 2026-04-30 13:56:50.000
2026-06-25 16:43:32.682   Dest file exists.
2026-06-25 16:43:32.682   Time stamp of existing file: 2026-04-30 13:56:50.000
2026-06-25 16:43:32.682   Installing the file.
2026-06-25 16:43:32.683   Successfully installed the file.
2026-06-25 16:43:32.683   -- File entry --
2026-06-25 16:43:32.683   Dest filename: C:\Program Files\SamaHesab\server\Microsoft.Extensions.Logging.Console.dll
2026-06-25 16:43:32.684   Time stamp of our file: 2026-04-30 13:56:50.000
2026-06-25 16:43:32.684   Dest file exists.
2026-06-25 16:43:32.684   Time stamp of existing file: 2026-04-30 13:56:50.000
2026-06-25 16:43:32.684   Installing the file.
2026-06-25 16:43:32.688   Successfully installed the file.
2026-06-25 16:43:32.688   -- File entry --
2026-06-25 16:43:32.688   Dest filename: C:\Program Files\SamaHesab\server\Microsoft.Extensions.Logging.Debug.dll
2026-06-25 16:43:32.688   Time stamp of our file: 2026-04-30 13:56:50.000
2026-06-25 16:43:32.688   Dest file exists.
2026-06-25 16:43:32.688   Time stamp of existing file: 2026-04-30 13:56:50.000
2026-06-25 16:43:32.688   Installing the file.
2026-06-25 16:43:32.690   Successfully installed the file.
2026-06-25 16:43:32.690   -- File entry --
2026-06-25 16:43:32.690   Dest filename: C:\Program Files\SamaHesab\server\Microsoft.Extensions.Logging.dll
2026-06-25 16:43:32.690   Time stamp of our file: 2026-04-30 13:56:48.000
2026-06-25 16:43:32.690   Dest file exists.
2026-06-25 16:43:32.690   Time stamp of existing file: 2026-04-30 13:56:48.000
2026-06-25 16:43:32.690   Installing the file.
2026-06-25 16:43:32.693   Successfully installed the file.
2026-06-25 16:43:32.693   -- File entry --
2026-06-25 16:43:32.693   Dest filename: C:\Program Files\SamaHesab\server\Microsoft.Extensions.Logging.EventLog.dll
2026-06-25 16:43:32.694   Time stamp of our file: 2026-04-30 13:56:50.000
2026-06-25 16:43:32.694   Dest file exists.
2026-06-25 16:43:32.694   Time stamp of existing file: 2026-04-30 13:56:50.000
2026-06-25 16:43:32.694   Installing the file.
2026-06-25 16:43:32.695   Successfully installed the file.
2026-06-25 16:43:32.695   -- File entry --
2026-06-25 16:43:32.695   Dest filename: C:\Program Files\SamaHesab\server\Microsoft.Extensions.Logging.EventSource.dll
2026-06-25 16:43:32.695   Time stamp of our file: 2026-04-30 13:56:50.000
2026-06-25 16:43:32.695   Dest file exists.
2026-06-25 16:43:32.695   Time stamp of existing file: 2026-04-30 13:56:50.000
2026-06-25 16:43:32.695   Installing the file.
2026-06-25 16:43:32.697   Successfully installed the file.
2026-06-25 16:43:32.697   -- File entry --
2026-06-25 16:43:32.697   Dest filename: C:\Program Files\SamaHesab\server\Microsoft.Extensions.Logging.TraceSource.dll
2026-06-25 16:43:32.697   Time stamp of our file: 2026-04-30 13:56:50.000
2026-06-25 16:43:32.697   Dest file exists.
2026-06-25 16:43:32.697   Time stamp of existing file: 2026-04-30 13:56:50.000
2026-06-25 16:43:32.697   Installing the file.
2026-06-25 16:43:32.698   Successfully installed the file.
2026-06-25 16:43:32.699   -- File entry --
2026-06-25 16:43:32.699   Dest filename: C:\Program Files\SamaHesab\server\Microsoft.Extensions.ObjectPool.dll
2026-06-25 16:43:32.699   Time stamp of our file: 2026-04-30 13:57:18.000
2026-06-25 16:43:32.699   Dest file exists.
2026-06-25 16:43:32.699   Time stamp of existing file: 2026-04-30 13:57:18.000
2026-06-25 16:43:32.699   Installing the file.
2026-06-25 16:43:32.700   Successfully installed the file.
2026-06-25 16:43:32.700   -- File entry --
2026-06-25 16:43:32.700   Dest filename: C:\Program Files\SamaHesab\server\Microsoft.Extensions.Options.ConfigurationExtensions.dll
2026-06-25 16:43:32.700   Time stamp of our file: 2026-04-30 13:56:50.000
2026-06-25 16:43:32.700   Dest file exists.
2026-06-25 16:43:32.700   Time stamp of existing file: 2026-04-30 13:56:50.000
2026-06-25 16:43:32.700   Installing the file.
2026-06-25 16:43:32.701   Successfully installed the file.
2026-06-25 16:43:32.701   -- File entry --
2026-06-25 16:43:32.702   Dest filename: C:\Program Files\SamaHesab\server\Microsoft.Extensions.Options.DataAnnotations.dll
2026-06-25 16:43:32.702   Time stamp of our file: 2026-04-30 13:56:50.000
2026-06-25 16:43:32.702   Dest file exists.
2026-06-25 16:43:32.702   Time stamp of existing file: 2026-04-30 13:56:50.000
2026-06-25 16:43:32.702   Installing the file.
2026-06-25 16:43:32.703   Successfully installed the file.
2026-06-25 16:43:32.703   -- File entry --
2026-06-25 16:43:32.703   Dest filename: C:\Program Files\SamaHesab\server\Microsoft.Extensions.Options.dll
2026-06-25 16:43:32.703   Time stamp of our file: 2026-04-30 13:56:50.000
2026-06-25 16:43:32.703   Dest file exists.
2026-06-25 16:43:32.703   Time stamp of existing file: 2026-04-30 13:56:50.000
2026-06-25 16:43:32.703   Installing the file.
2026-06-25 16:43:32.706   Successfully installed the file.
2026-06-25 16:43:32.706   -- File entry --
2026-06-25 16:43:32.706   Dest filename: C:\Program Files\SamaHesab\server\Microsoft.Extensions.Primitives.dll
2026-06-25 16:43:32.707   Time stamp of our file: 2026-04-30 13:56:52.000
2026-06-25 16:43:32.707   Dest file exists.
2026-06-25 16:43:32.707   Time stamp of existing file: 2026-04-30 13:56:52.000
2026-06-25 16:43:32.707   Installing the file.
2026-06-25 16:43:32.709   Successfully installed the file.
2026-06-25 16:43:32.709   -- File entry --
2026-06-25 16:43:32.709   Dest filename: C:\Program Files\SamaHesab\server\Microsoft.Extensions.WebEncoders.dll
2026-06-25 16:43:32.709   Time stamp of our file: 2026-04-30 13:57:18.000
2026-06-25 16:43:32.709   Dest file exists.
2026-06-25 16:43:32.709   Time stamp of existing file: 2026-04-30 13:57:18.000
2026-06-25 16:43:32.709   Installing the file.
2026-06-25 16:43:32.711   Successfully installed the file.
2026-06-25 16:43:32.712   -- File entry --
2026-06-25 16:43:32.712   Dest filename: C:\Program Files\SamaHesab\server\Microsoft.Identity.Client.dll
2026-06-25 16:43:32.712   Time stamp of our file: 2024-06-07 01:39:28.000
2026-06-25 16:43:32.712   Dest file exists.
2026-06-25 16:43:32.712   Time stamp of existing file: 2024-06-07 01:39:28.000
2026-06-25 16:43:32.712   Installing the file.
2026-06-25 16:43:32.729   Successfully installed the file.
2026-06-25 16:43:32.729   -- File entry --
2026-06-25 16:43:32.729   Dest filename: C:\Program Files\SamaHesab\server\Microsoft.Identity.Client.Extensions.Msal.dll
2026-06-25 16:43:32.730   Time stamp of our file: 2024-06-07 01:44:52.000
2026-06-25 16:43:32.730   Dest file exists.
2026-06-25 16:43:32.730   Time stamp of existing file: 2024-06-07 01:44:52.000
2026-06-25 16:43:32.730   Installing the file.
2026-06-25 16:43:32.732   Successfully installed the file.
2026-06-25 16:43:32.732   -- File entry --
2026-06-25 16:43:32.732   Dest filename: C:\Program Files\SamaHesab\server\Microsoft.IdentityModel.Abstractions.dll
2026-06-25 16:43:32.732   Time stamp of our file: 2024-07-23 03:08:36.000
2026-06-25 16:43:32.732   Dest file exists.
2026-06-25 16:43:32.732   Time stamp of existing file: 2024-07-23 03:08:36.000
2026-06-25 16:43:32.732   Installing the file.
2026-06-25 16:43:32.733   Successfully installed the file.
2026-06-25 16:43:32.733   -- File entry --
2026-06-25 16:43:32.734   Dest filename: C:\Program Files\SamaHesab\server\Microsoft.IdentityModel.JsonWebTokens.dll
2026-06-25 16:43:32.734   Time stamp of our file: 2024-07-23 03:09:16.000
2026-06-25 16:43:32.734   Dest file exists.
2026-06-25 16:43:32.734   Time stamp of existing file: 2024-07-23 03:09:16.000
2026-06-25 16:43:32.734   Installing the file.
2026-06-25 16:43:32.737   Successfully installed the file.
2026-06-25 16:43:32.737   -- File entry --
2026-06-25 16:43:32.737   Dest filename: C:\Program Files\SamaHesab\server\Microsoft.IdentityModel.Logging.dll
2026-06-25 16:43:32.737   Time stamp of our file: 2024-07-23 03:08:56.000
2026-06-25 16:43:32.737   Dest file exists.
2026-06-25 16:43:32.737   Time stamp of existing file: 2024-07-23 03:08:56.000
2026-06-25 16:43:32.737   Installing the file.
2026-06-25 16:43:32.738   Successfully installed the file.
2026-06-25 16:43:32.738   -- File entry --
2026-06-25 16:43:32.738   Dest filename: C:\Program Files\SamaHesab\server\Microsoft.IdentityModel.Protocols.dll
2026-06-25 16:43:32.738   Time stamp of our file: 2024-07-23 03:08:56.000
2026-06-25 16:43:32.738   Dest file exists.
2026-06-25 16:43:32.738   Time stamp of existing file: 2024-07-23 03:08:56.000
2026-06-25 16:43:32.738   Installing the file.
2026-06-25 16:43:32.740   Successfully installed the file.
2026-06-25 16:43:32.740   -- File entry --
2026-06-25 16:43:32.740   Dest filename: C:\Program Files\SamaHesab\server\Microsoft.IdentityModel.Protocols.OpenIdConnect.dll
2026-06-25 16:43:32.740   Time stamp of our file: 2024-07-23 03:08:56.000
2026-06-25 16:43:32.740   Dest file exists.
2026-06-25 16:43:32.740   Time stamp of existing file: 2024-07-23 03:08:56.000
2026-06-25 16:43:32.740   Installing the file.
2026-06-25 16:43:32.743   Successfully installed the file.
2026-06-25 16:43:32.743   -- File entry --
2026-06-25 16:43:32.743   Dest filename: C:\Program Files\SamaHesab\server\Microsoft.IdentityModel.Tokens.dll
2026-06-25 16:43:32.743   Time stamp of our file: 2024-07-23 03:08:36.000
2026-06-25 16:43:32.743   Dest file exists.
2026-06-25 16:43:32.743   Time stamp of existing file: 2024-07-23 03:08:36.000
2026-06-25 16:43:32.743   Installing the file.
2026-06-25 16:43:32.750   Successfully installed the file.
2026-06-25 16:43:32.750   -- File entry --
2026-06-25 16:43:32.750   Dest filename: C:\Program Files\SamaHesab\server\Microsoft.JSInterop.dll
2026-06-25 16:43:32.750   Time stamp of our file: 2026-04-30 13:57:18.000
2026-06-25 16:43:32.750   Dest file exists.
2026-06-25 16:43:32.750   Time stamp of existing file: 2026-04-30 13:57:18.000
2026-06-25 16:43:32.750   Installing the file.
2026-06-25 16:43:32.753   Successfully installed the file.
2026-06-25 16:43:32.754   -- File entry --
2026-06-25 16:43:32.754   Dest filename: C:\Program Files\SamaHesab\server\Microsoft.Net.Http.Headers.dll
2026-06-25 16:43:32.754   Time stamp of our file: 2026-04-30 13:57:18.000
2026-06-25 16:43:32.754   Dest file exists.
2026-06-25 16:43:32.754   Time stamp of existing file: 2026-04-30 13:57:18.000
2026-06-25 16:43:32.754   Installing the file.
2026-06-25 16:43:32.759   Successfully installed the file.
2026-06-25 16:43:32.759   -- File entry --
2026-06-25 16:43:32.759   Dest filename: C:\Program Files\SamaHesab\server\Microsoft.OpenApi.dll
2026-06-25 16:43:32.759   Time stamp of our file: 2024-09-30 13:26:48.000
2026-06-25 16:43:32.759   Dest file exists.
2026-06-25 16:43:32.760   Time stamp of existing file: 2024-09-30 13:26:48.000
2026-06-25 16:43:32.760   Installing the file.
2026-06-25 16:43:32.765   Successfully installed the file.
2026-06-25 16:43:32.765   -- File entry --
2026-06-25 16:43:32.765   Dest filename: C:\Program Files\SamaHesab\server\Microsoft.SqlServer.Server.dll
2026-06-25 16:43:32.765   Time stamp of our file: 2022-01-27 20:49:08.000
2026-06-25 16:43:32.765   Dest file exists.
2026-06-25 16:43:32.765   Time stamp of existing file: 2022-01-27 20:49:08.000
2026-06-25 16:43:32.766   Installing the file.
2026-06-25 16:43:32.767   Successfully installed the file.
2026-06-25 16:43:32.767   -- File entry --
2026-06-25 16:43:32.767   Dest filename: C:\Program Files\SamaHesab\server\Microsoft.VisualBasic.Core.dll
2026-06-25 16:43:32.767   Time stamp of our file: 2026-04-30 03:06:44.000
2026-06-25 16:43:32.767   Dest file exists.
2026-06-25 16:43:32.767   Time stamp of existing file: 2026-04-30 03:06:44.000
2026-06-25 16:43:32.767   Installing the file.
2026-06-25 16:43:32.796   Successfully installed the file.
2026-06-25 16:43:32.796   -- File entry --
2026-06-25 16:43:32.798   Dest filename: C:\Program Files\SamaHesab\server\Microsoft.VisualBasic.dll
2026-06-25 16:43:32.798   Time stamp of our file: 2026-04-30 03:02:56.000
2026-06-25 16:43:32.798   Dest file exists.
2026-06-25 16:43:32.798   Time stamp of existing file: 2026-04-30 03:02:56.000
2026-06-25 16:43:32.798   Installing the file.
2026-06-25 16:43:32.798   Successfully installed the file.
2026-06-25 16:43:32.798   -- File entry --
2026-06-25 16:43:32.799   Dest filename: C:\Program Files\SamaHesab\server\Microsoft.Win32.Primitives.dll
2026-06-25 16:43:32.799   Time stamp of our file: 2026-04-30 03:01:32.000
2026-06-25 16:43:32.799   Dest file exists.
2026-06-25 16:43:32.799   Time stamp of existing file: 2026-04-30 03:01:32.000
2026-06-25 16:43:32.799   Installing the file.
2026-06-25 16:43:32.800   Successfully installed the file.
2026-06-25 16:43:32.800   -- File entry --
2026-06-25 16:43:32.800   Dest filename: C:\Program Files\SamaHesab\server\Microsoft.Win32.Registry.dll
2026-06-25 16:43:32.800   Time stamp of our file: 2026-04-30 03:06:44.000
2026-06-25 16:43:32.800   Dest file exists.
2026-06-25 16:43:32.800   Time stamp of existing file: 2026-04-30 03:06:44.000
2026-06-25 16:43:32.800   Installing the file.
2026-06-25 16:43:32.803   Successfully installed the file.
2026-06-25 16:43:32.803   -- File entry --
2026-06-25 16:43:32.803   Dest filename: C:\Program Files\SamaHesab\server\Microsoft.Win32.SystemEvents.dll
2026-06-25 16:43:32.803   Time stamp of our file: 2021-10-23 03:10:18.000
2026-06-25 16:43:32.803   Dest file exists.
2026-06-25 16:43:32.803   Time stamp of existing file: 2021-10-23 03:10:18.000
2026-06-25 16:43:32.803   Installing the file.
2026-06-25 16:43:32.806   Successfully installed the file.
2026-06-25 16:43:32.806   -- File entry --
2026-06-25 16:43:32.806   Dest filename: C:\Program Files\SamaHesab\server\mscordaccore.dll
2026-06-25 16:43:32.806   Time stamp of our file: 2026-04-30 02:51:10.000
2026-06-25 16:43:32.806   Dest file exists.
2026-06-25 16:43:32.806   Time stamp of existing file: 2026-04-30 02:51:10.000
2026-06-25 16:43:32.806   Installing the file.
2026-06-25 16:43:32.832   Successfully installed the file.
2026-06-25 16:43:32.832   -- File entry --
2026-06-25 16:43:32.832   Dest filename: C:\Program Files\SamaHesab\server\mscordaccore_amd64_amd64_9.0.1626.22923.dll
2026-06-25 16:43:32.833   Time stamp of our file: 2026-04-30 02:51:10.000
2026-06-25 16:43:32.833   Dest file exists.
2026-06-25 16:43:32.833   Time stamp of existing file: 2026-04-30 02:51:10.000
2026-06-25 16:43:32.833   Installing the file.
2026-06-25 16:43:32.843   Successfully installed the file.
2026-06-25 16:43:32.843   -- File entry --
2026-06-25 16:43:32.843   Dest filename: C:\Program Files\SamaHesab\server\mscordbi.dll
2026-06-25 16:43:32.843   Time stamp of our file: 2026-04-30 02:51:10.000
2026-06-25 16:43:32.843   Dest file exists.
2026-06-25 16:43:32.843   Time stamp of existing file: 2026-04-30 02:51:10.000
2026-06-25 16:43:32.843   Installing the file.
2026-06-25 16:43:32.865   Successfully installed the file.
2026-06-25 16:43:32.865   -- File entry --
2026-06-25 16:43:32.865   Dest filename: C:\Program Files\SamaHesab\server\mscorlib.dll
2026-06-25 16:43:32.865   Time stamp of our file: 2026-04-30 03:03:44.000
2026-06-25 16:43:32.865   Dest file exists.
2026-06-25 16:43:32.865   Time stamp of existing file: 2026-04-30 03:03:44.000
2026-06-25 16:43:32.865   Installing the file.
2026-06-25 16:43:32.866   Successfully installed the file.
2026-06-25 16:43:32.866   -- File entry --
2026-06-25 16:43:32.866   Dest filename: C:\Program Files\SamaHesab\server\mscorrc.dll
2026-06-25 16:43:32.866   Time stamp of our file: 2026-04-30 02:48:30.000
2026-06-25 16:43:32.866   Dest file exists.
2026-06-25 16:43:32.866   Time stamp of existing file: 2026-04-30 02:48:30.000
2026-06-25 16:43:32.866   Installing the file.
2026-06-25 16:43:32.869   Successfully installed the file.
2026-06-25 16:43:32.870   -- File entry --
2026-06-25 16:43:32.870   Dest filename: C:\Program Files\SamaHesab\server\msquic.dll
2026-06-25 16:43:32.870   Time stamp of our file: 2026-04-15 01:35:00.000
2026-06-25 16:43:32.870   Dest file exists.
2026-06-25 16:43:32.870   Time stamp of existing file: 2026-04-15 01:35:00.000
2026-06-25 16:43:32.870   Installing the file.
2026-06-25 16:43:32.882   Successfully installed the file.
2026-06-25 16:43:32.882   -- File entry --
2026-06-25 16:43:32.882   Dest filename: C:\Program Files\SamaHesab\server\netstandard.dll
2026-06-25 16:43:32.882   Time stamp of our file: 2026-04-30 03:03:42.000
2026-06-25 16:43:32.882   Dest file exists.
2026-06-25 16:43:32.882   Time stamp of existing file: 2026-04-30 03:03:42.000
2026-06-25 16:43:32.882   Installing the file.
2026-06-25 16:43:32.884   Successfully installed the file.
2026-06-25 16:43:32.884   -- File entry --
2026-06-25 16:43:32.884   Dest filename: C:\Program Files\SamaHesab\server\PdfSharpCore.dll
2026-06-25 16:43:32.884   Time stamp of our file: 2024-07-13 19:34:32.000
2026-06-25 16:43:32.884   Dest file exists.
2026-06-25 16:43:32.884   Time stamp of existing file: 2024-07-13 19:34:32.000
2026-06-25 16:43:32.884   Installing the file.
2026-06-25 16:43:32.896   Successfully installed the file.
2026-06-25 16:43:32.896   -- File entry --
2026-06-25 16:43:32.896   Dest filename: C:\Program Files\SamaHesab\server\qpdf.dll
2026-06-25 16:43:32.896   Time stamp of our file: 2026-06-10 18:30:48.000
2026-06-25 16:43:32.896   Dest file exists.
2026-06-25 16:43:32.896   Time stamp of existing file: 2026-06-10 18:30:48.000
2026-06-25 16:43:32.896   Installing the file.
2026-06-25 16:43:32.974   Successfully installed the file.
2026-06-25 16:43:32.974   -- File entry --
2026-06-25 16:43:32.974   Dest filename: C:\Program Files\SamaHesab\server\QRCoder.dll
2026-06-25 16:43:32.974   Time stamp of our file: 2026-04-04 19:17:34.000
2026-06-25 16:43:32.974   Dest file exists.
2026-06-25 16:43:32.974   Time stamp of existing file: 2026-04-04 19:17:34.000
2026-06-25 16:43:32.974   Installing the file.
2026-06-25 16:43:32.981   Successfully installed the file.
2026-06-25 16:43:32.981   -- File entry --
2026-06-25 16:43:32.981   Dest filename: C:\Program Files\SamaHesab\server\QuestPDF.dll
2026-06-25 16:43:32.981   Time stamp of our file: 2026-06-10 18:35:44.000
2026-06-25 16:43:32.981   Dest file exists.
2026-06-25 16:43:32.981   Time stamp of existing file: 2026-06-10 18:35:44.000
2026-06-25 16:43:32.981   Installing the file.
2026-06-25 16:43:32.992   Successfully installed the file.
2026-06-25 16:43:32.992   -- File entry --
2026-06-25 16:43:32.992   Dest filename: C:\Program Files\SamaHesab\server\QuestPdfSkia.dll
2026-06-25 16:43:32.992   Time stamp of our file: 2026-06-10 18:30:48.000
2026-06-25 16:43:32.992   Dest file exists.
2026-06-25 16:43:32.992   Time stamp of existing file: 2026-06-10 18:30:48.000
2026-06-25 16:43:32.992   Installing the file.
2026-06-25 16:43:33.125   Successfully installed the file.
2026-06-25 16:43:33.125   -- File entry --
2026-06-25 16:43:33.125   Dest filename: C:\Program Files\SamaHesab\server\RBush.dll
2026-06-25 16:43:33.125   Time stamp of our file: 2024-11-14 17:13:18.000
2026-06-25 16:43:33.125   Dest file exists.
2026-06-25 16:43:33.125   Time stamp of existing file: 2024-11-14 17:13:18.000
2026-06-25 16:43:33.125   Installing the file.
2026-06-25 16:43:33.127   Successfully installed the file.
2026-06-25 16:43:33.127   -- File entry --
2026-06-25 16:43:33.127   Dest filename: C:\Program Files\SamaHesab\server\SamaHesab.API.deps.json
2026-06-25 16:43:33.127   Time stamp of our file: 2026-06-25 16:40:18.000
2026-06-25 16:43:33.127   Dest file exists.
2026-06-25 16:43:33.127   Time stamp of existing file: 2026-06-24 18:34:10.000
2026-06-25 16:43:33.127   Installing the file.
2026-06-25 16:43:33.129   Successfully installed the file.
2026-06-25 16:43:33.129   -- File entry --
2026-06-25 16:43:33.129   Dest filename: C:\Program Files\SamaHesab\server\SamaHesab.API.dll
2026-06-25 16:43:33.129   Time stamp of our file: 2026-06-25 16:40:18.000
2026-06-25 16:43:33.129   Dest file exists.
2026-06-25 16:43:33.129   Time stamp of existing file: 2026-06-24 18:34:10.000
2026-06-25 16:43:33.129   Installing the file.
2026-06-25 16:43:33.135   Successfully installed the file.
2026-06-25 16:43:33.135   -- File entry --
2026-06-25 16:43:33.135   Dest filename: C:\Program Files\SamaHesab\server\SamaHesab.API.exe
2026-06-25 16:43:33.135   Time stamp of our file: 2026-06-25 16:40:18.000
2026-06-25 16:43:33.135   Dest file exists.
2026-06-25 16:43:33.135   Time stamp of existing file: 2026-06-24 18:34:10.000
2026-06-25 16:43:33.135   Installing the file.
2026-06-25 16:43:33.138   Successfully installed the file.
2026-06-25 16:43:33.138   -- File entry --
2026-06-25 16:43:33.138   Dest filename: C:\Program Files\SamaHesab\server\SamaHesab.API.runtimeconfig.json
2026-06-25 16:43:33.139   Time stamp of our file: 2026-06-25 16:40:18.000
2026-06-25 16:43:33.139   Dest file exists.
2026-06-25 16:43:33.139   Time stamp of existing file: 2026-06-24 18:34:10.000
2026-06-25 16:43:33.139   Installing the file.
2026-06-25 16:43:33.141   Successfully installed the file.
2026-06-25 16:43:33.141   -- File entry --
2026-06-25 16:43:33.141   Dest filename: C:\Program Files\SamaHesab\server\SamaHesab.API.staticwebassets.endpoints.json
2026-06-25 16:43:33.141   Time stamp of our file: 2026-06-21 11:45:24.000
2026-06-25 16:43:33.141   Dest file exists.
2026-06-25 16:43:33.141   Time stamp of existing file: 2026-06-21 11:45:24.000
2026-06-25 16:43:33.141   Installing the file.
2026-06-25 16:43:33.142   Successfully installed the file.
2026-06-25 16:43:33.142   -- File entry --
2026-06-25 16:43:33.142   Dest filename: C:\Program Files\SamaHesab\server\SamaHesab.Application.dll
2026-06-25 16:43:33.142   Time stamp of our file: 2026-06-25 16:39:58.000
2026-06-25 16:43:33.142   Dest file exists.
2026-06-25 16:43:33.142   Time stamp of existing file: 2026-06-24 18:33:40.000
2026-06-25 16:43:33.142   Installing the file.
2026-06-25 16:43:33.167   Successfully installed the file.
2026-06-25 16:43:33.167   -- File entry --
2026-06-25 16:43:33.167   Dest filename: C:\Program Files\SamaHesab\server\SamaHesab.Domain.dll
2026-06-25 16:43:33.167   Time stamp of our file: 2026-06-25 16:39:58.000
2026-06-25 16:43:33.167   Dest file exists.
2026-06-25 16:43:33.167   Time stamp of existing file: 2026-06-24 18:33:38.000
2026-06-25 16:43:33.167   Installing the file.
2026-06-25 16:43:33.170   Successfully installed the file.
2026-06-25 16:43:33.170   -- File entry --
2026-06-25 16:43:33.170   Dest filename: C:\Program Files\SamaHesab\server\SamaHesab.Infrastructure.dll
2026-06-25 16:43:33.170   Time stamp of our file: 2026-06-25 16:40:00.000
2026-06-25 16:43:33.170   Dest file exists.
2026-06-25 16:43:33.170   Time stamp of existing file: 2026-06-24 18:33:42.000
2026-06-25 16:43:33.170   Installing the file.
2026-06-25 16:43:33.178   Successfully installed the file.
2026-06-25 16:43:33.178   -- File entry --
2026-06-25 16:43:33.178   Dest filename: C:\Program Files\SamaHesab\server\SamaHesab.Modules.Abstractions.dll
2026-06-25 16:43:33.178   Time stamp of our file: 2026-06-25 16:39:58.000
2026-06-25 16:43:33.178   Dest file exists.
2026-06-25 16:43:33.178   Time stamp of existing file: 2026-06-24 18:33:38.000
2026-06-25 16:43:33.178   Installing the file.
2026-06-25 16:43:33.179   Successfully installed the file.
2026-06-25 16:43:33.179   -- File entry --
2026-06-25 16:43:33.179   Dest filename: C:\Program Files\SamaHesab\server\SamaHesab.Modules.Attendance.dll
2026-06-25 16:43:33.179   Time stamp of our file: 2026-06-25 16:40:00.000
2026-06-25 16:43:33.179   Dest file exists.
2026-06-25 16:43:33.179   Time stamp of existing file: 2026-06-24 18:33:40.000
2026-06-25 16:43:33.179   Installing the file.
2026-06-25 16:43:33.182   Successfully installed the file.
2026-06-25 16:43:33.182   -- File entry --
2026-06-25 16:43:33.182   Dest filename: C:\Program Files\SamaHesab\server\SamaHesab.Modules.Contracting.dll
2026-06-25 16:43:33.184   Time stamp of our file: 2026-06-25 16:39:58.000
2026-06-25 16:43:33.184   Dest file exists.
2026-06-25 16:43:33.184   Time stamp of existing file: 2026-06-24 18:33:40.000
2026-06-25 16:43:33.184   Installing the file.
2026-06-25 16:43:33.186   Successfully installed the file.
2026-06-25 16:43:33.186   -- File entry --
2026-06-25 16:43:33.186   Dest filename: C:\Program Files\SamaHesab\server\SamaHesab.Modules.CRM.dll
2026-06-25 16:43:33.186   Time stamp of our file: 2026-06-25 16:39:58.000
2026-06-25 16:43:33.186   Dest file exists.
2026-06-25 16:43:33.186   Time stamp of existing file: 2026-06-24 18:33:40.000
2026-06-25 16:43:33.186   Installing the file.
2026-06-25 16:43:33.187   Successfully installed the file.
2026-06-25 16:43:33.187   -- File entry --
2026-06-25 16:43:33.187   Dest filename: C:\Program Files\SamaHesab\server\SamaHesab.Modules.Hotel.dll
2026-06-25 16:43:33.187   Time stamp of our file: 2026-06-25 16:39:58.000
2026-06-25 16:43:33.187   Dest file exists.
2026-06-25 16:43:33.187   Time stamp of existing file: 2026-06-24 18:33:38.000
2026-06-25 16:43:33.187   Installing the file.
2026-06-25 16:43:33.189   Successfully installed the file.
2026-06-25 16:43:33.189   -- File entry --
2026-06-25 16:43:33.189   Dest filename: C:\Program Files\SamaHesab\server\SamaHesab.Modules.HR.dll
2026-06-25 16:43:33.189   Time stamp of our file: 2026-06-25 16:39:58.000
2026-06-25 16:43:33.189   Dest file exists.
2026-06-25 16:43:33.189   Time stamp of existing file: 2026-06-24 18:33:40.000
2026-06-25 16:43:33.189   Installing the file.
2026-06-25 16:43:33.191   Successfully installed the file.
2026-06-25 16:43:33.191   -- File entry --
2026-06-25 16:43:33.191   Dest filename: C:\Program Files\SamaHesab\server\SamaHesab.Modules.POS.dll
2026-06-25 16:43:33.191   Time stamp of our file: 2026-06-25 16:39:58.000
2026-06-25 16:43:33.191   Dest file exists.
2026-06-25 16:43:33.191   Time stamp of existing file: 2026-06-24 18:33:40.000
2026-06-25 16:43:33.191   Installing the file.
2026-06-25 16:43:33.194   Successfully installed the file.
2026-06-25 16:43:33.194   -- File entry --
2026-06-25 16:43:33.194   Dest filename: C:\Program Files\SamaHesab\server\SamaHesab.Modules.Restaurant.dll
2026-06-25 16:43:33.194   Time stamp of our file: 2026-06-25 16:40:00.000
2026-06-25 16:43:33.194   Dest file exists.
2026-06-25 16:43:33.194   Time stamp of existing file: 2026-06-24 18:33:42.000
2026-06-25 16:43:33.194   Installing the file.
2026-06-25 16:43:33.197   Successfully installed the file.
2026-06-25 16:43:33.197   -- File entry --
2026-06-25 16:43:33.197   Dest filename: C:\Program Files\SamaHesab\server\SamaHesab.Modules.Tourism.dll
2026-06-25 16:43:33.197   Time stamp of our file: 2026-06-25 16:39:58.000
2026-06-25 16:43:33.197   Dest file exists.
2026-06-25 16:43:33.197   Time stamp of existing file: 2026-06-24 18:33:40.000
2026-06-25 16:43:33.197   Installing the file.
2026-06-25 16:43:33.201   Successfully installed the file.
2026-06-25 16:43:33.201   -- File entry --
2026-06-25 16:43:33.201   Dest filename: C:\Program Files\SamaHesab\server\Serilog.dll
2026-06-25 16:43:33.201   Time stamp of our file: 2024-12-06 07:41:52.000
2026-06-25 16:43:33.201   Dest file exists.
2026-06-25 16:43:33.201   Time stamp of existing file: 2024-12-06 07:41:52.000
2026-06-25 16:43:33.201   Installing the file.
2026-06-25 16:43:33.205   Successfully installed the file.
2026-06-25 16:43:33.205   -- File entry --
2026-06-25 16:43:33.205   Dest filename: C:\Program Files\SamaHesab\server\Serilog.Extensions.Logging.dll
2026-06-25 16:43:33.206   Time stamp of our file: 2024-12-09 03:48:50.000
2026-06-25 16:43:33.206   Dest file exists.
2026-06-25 16:43:33.206   Time stamp of existing file: 2024-12-09 03:48:50.000
2026-06-25 16:43:33.206   Installing the file.
2026-06-25 16:43:33.207   Successfully installed the file.
2026-06-25 16:43:33.207   -- File entry --
2026-06-25 16:43:33.207   Dest filename: C:\Program Files\SamaHesab\server\Serilog.Sinks.File.dll
2026-06-25 16:43:33.207   Time stamp of our file: 2024-06-23 02:14:08.000
2026-06-25 16:43:33.207   Dest file exists.
2026-06-25 16:43:33.207   Time stamp of existing file: 2024-06-23 02:14:08.000
2026-06-25 16:43:33.207   Installing the file.
2026-06-25 16:43:33.208   Successfully installed the file.
2026-06-25 16:43:33.208   -- File entry --
2026-06-25 16:43:33.208   Dest filename: C:\Program Files\SamaHesab\server\SixLabors.Fonts.dll
2026-06-25 16:43:33.209   Time stamp of our file: 2023-08-11 15:34:44.000
2026-06-25 16:43:33.209   Dest file exists.
2026-06-25 16:43:33.209   Time stamp of existing file: 2023-08-11 15:34:44.000
2026-06-25 16:43:33.209   Installing the file.
2026-06-25 16:43:33.226   Successfully installed the file.
2026-06-25 16:43:33.226   -- File entry --
2026-06-25 16:43:33.226   Dest filename: C:\Program Files\SamaHesab\server\SixLabors.ImageSharp.dll
2026-06-25 16:43:33.226   Time stamp of our file: 2021-09-28 07:32:42.000
2026-06-25 16:43:33.226   Dest file exists.
2026-06-25 16:43:33.226   Time stamp of existing file: 2021-09-28 07:32:42.000
2026-06-25 16:43:33.226   Installing the file.
2026-06-25 16:43:33.249   Successfully installed the file.
2026-06-25 16:43:33.249   -- File entry --
2026-06-25 16:43:33.249   Dest filename: C:\Program Files\SamaHesab\server\Swashbuckle.AspNetCore.Swagger.dll
2026-06-25 16:43:33.249   Time stamp of our file: 2024-12-10 20:48:14.000
2026-06-25 16:43:33.249   Dest file exists.
2026-06-25 16:43:33.249   Time stamp of existing file: 2024-12-10 20:48:14.000
2026-06-25 16:43:33.249   Installing the file.
2026-06-25 16:43:33.251   Successfully installed the file.
2026-06-25 16:43:33.251   -- File entry --
2026-06-25 16:43:33.251   Dest filename: C:\Program Files\SamaHesab\server\Swashbuckle.AspNetCore.SwaggerGen.dll
2026-06-25 16:43:33.252   Time stamp of our file: 2024-12-10 20:48:32.000
2026-06-25 16:43:33.252   Dest file exists.
2026-06-25 16:43:33.252   Time stamp of existing file: 2024-12-10 20:48:32.000
2026-06-25 16:43:33.252   Installing the file.
2026-06-25 16:43:33.255   Successfully installed the file.
2026-06-25 16:43:33.255   -- File entry --
2026-06-25 16:43:33.255   Dest filename: C:\Program Files\SamaHesab\server\Swashbuckle.AspNetCore.SwaggerUI.dll
2026-06-25 16:43:33.255   Time stamp of our file: 2024-12-10 20:48:22.000
2026-06-25 16:43:33.255   Dest file exists.
2026-06-25 16:43:33.255   Time stamp of existing file: 2024-12-10 20:48:22.000
2026-06-25 16:43:33.255   Installing the file.
2026-06-25 16:43:33.288   Successfully installed the file.
2026-06-25 16:43:33.288   -- File entry --
2026-06-25 16:43:33.289   Dest filename: C:\Program Files\SamaHesab\server\System.AppContext.dll
2026-06-25 16:43:33.289   Time stamp of our file: 2026-04-30 03:02:38.000
2026-06-25 16:43:33.289   Dest file exists.
2026-06-25 16:43:33.289   Time stamp of existing file: 2026-04-30 03:02:38.000
2026-06-25 16:43:33.289   Installing the file.
2026-06-25 16:43:33.290   Successfully installed the file.
2026-06-25 16:43:33.290   -- File entry --
2026-06-25 16:43:33.290   Dest filename: C:\Program Files\SamaHesab\server\System.Buffers.dll
2026-06-25 16:43:33.290   Time stamp of our file: 2026-04-30 03:02:42.000
2026-06-25 16:43:33.290   Dest file exists.
2026-06-25 16:43:33.290   Time stamp of existing file: 2026-04-30 03:02:42.000
2026-06-25 16:43:33.290   Installing the file.
2026-06-25 16:43:33.291   Successfully installed the file.
2026-06-25 16:43:33.291   -- File entry --
2026-06-25 16:43:33.291   Dest filename: C:\Program Files\SamaHesab\server\System.ClientModel.dll
2026-06-25 16:43:33.291   Time stamp of our file: 2024-01-03 21:13:00.000
2026-06-25 16:43:33.291   Dest file exists.
2026-06-25 16:43:33.291   Time stamp of existing file: 2024-01-03 21:13:00.000
2026-06-25 16:43:33.291   Installing the file.
2026-06-25 16:43:33.292   Successfully installed the file.
2026-06-25 16:43:33.292   -- File entry --
2026-06-25 16:43:33.292   Dest filename: C:\Program Files\SamaHesab\server\System.CodeDom.dll
2026-06-25 16:43:33.292   Time stamp of our file: 2024-10-29 06:08:22.000
2026-06-25 16:43:33.292   Dest file exists.
2026-06-25 16:43:33.292   Time stamp of existing file: 2024-10-29 06:08:22.000
2026-06-25 16:43:33.292   Installing the file.
2026-06-25 16:43:33.297   Successfully installed the file.
2026-06-25 16:43:33.297   -- File entry --
2026-06-25 16:43:33.297   Dest filename: C:\Program Files\SamaHesab\server\System.Collections.Concurrent.dll
2026-06-25 16:43:33.297   Time stamp of our file: 2026-04-30 03:06:46.000
2026-06-25 16:43:33.297   Dest file exists.
2026-06-25 16:43:33.297   Time stamp of existing file: 2026-04-30 03:06:46.000
2026-06-25 16:43:33.297   Installing the file.
2026-06-25 16:43:33.304   Successfully installed the file.
2026-06-25 16:43:33.305   -- File entry --
2026-06-25 16:43:33.305   Dest filename: C:\Program Files\SamaHesab\server\System.Collections.dll
2026-06-25 16:43:33.305   Time stamp of our file: 2026-04-30 03:06:48.000
2026-06-25 16:43:33.305   Dest file exists.
2026-06-25 16:43:33.305   Time stamp of existing file: 2026-04-30 03:06:48.000
2026-06-25 16:43:33.305   Installing the file.
2026-06-25 16:43:33.313   Successfully installed the file.
2026-06-25 16:43:33.313   -- File entry --
2026-06-25 16:43:33.313   Dest filename: C:\Program Files\SamaHesab\server\System.Collections.Immutable.dll
2026-06-25 16:43:33.313   Time stamp of our file: 2026-04-30 03:06:50.000
2026-06-25 16:43:33.313   Dest file exists.
2026-06-25 16:43:33.314   Time stamp of existing file: 2026-04-30 03:06:50.000
2026-06-25 16:43:33.314   Installing the file.
2026-06-25 16:43:33.332   Successfully installed the file.
2026-06-25 16:43:33.332   -- File entry --
2026-06-25 16:43:33.332   Dest filename: C:\Program Files\SamaHesab\server\System.Collections.NonGeneric.dll
2026-06-25 16:43:33.333   Time stamp of our file: 2026-04-30 03:06:50.000
2026-06-25 16:43:33.333   Dest file exists.
2026-06-25 16:43:33.333   Time stamp of existing file: 2026-04-30 03:06:50.000
2026-06-25 16:43:33.333   Installing the file.
2026-06-25 16:43:33.335   Successfully installed the file.
2026-06-25 16:43:33.335   -- File entry --
2026-06-25 16:43:33.335   Dest filename: C:\Program Files\SamaHesab\server\System.Collections.Specialized.dll
2026-06-25 16:43:33.335   Time stamp of our file: 2026-04-30 03:06:52.000
2026-06-25 16:43:33.335   Dest file exists.
2026-06-25 16:43:33.335   Time stamp of existing file: 2026-04-30 03:06:52.000
2026-06-25 16:43:33.335   Installing the file.
2026-06-25 16:43:33.338   Successfully installed the file.
2026-06-25 16:43:33.338   -- File entry --
2026-06-25 16:43:33.338   Dest filename: C:\Program Files\SamaHesab\server\System.ComponentModel.Annotations.dll
2026-06-25 16:43:33.338   Time stamp of our file: 2026-04-30 03:06:54.000
2026-06-25 16:43:33.338   Dest file exists.
2026-06-25 16:43:33.338   Time stamp of existing file: 2026-04-30 03:06:54.000
2026-06-25 16:43:33.338   Installing the file.
2026-06-25 16:43:33.343   Successfully installed the file.
2026-06-25 16:43:33.343   -- File entry --
2026-06-25 16:43:33.343   Dest filename: C:\Program Files\SamaHesab\server\System.ComponentModel.DataAnnotations.dll
2026-06-25 16:43:33.343   Time stamp of our file: 2026-04-30 03:02:52.000
2026-06-25 16:43:33.343   Dest file exists.
2026-06-25 16:43:33.343   Time stamp of existing file: 2026-04-30 03:02:52.000
2026-06-25 16:43:33.343   Installing the file.
2026-06-25 16:43:33.344   Successfully installed the file.
2026-06-25 16:43:33.344   -- File entry --
2026-06-25 16:43:33.344   Dest filename: C:\Program Files\SamaHesab\server\System.ComponentModel.dll
2026-06-25 16:43:33.345   Time stamp of our file: 2026-04-30 03:06:54.000
2026-06-25 16:43:33.345   Dest file exists.
2026-06-25 16:43:33.345   Time stamp of existing file: 2026-04-30 03:06:54.000
2026-06-25 16:43:33.345   Installing the file.
2026-06-25 16:43:33.345   Successfully installed the file.
2026-06-25 16:43:33.345   -- File entry --
2026-06-25 16:43:33.345   Dest filename: C:\Program Files\SamaHesab\server\System.ComponentModel.EventBasedAsync.dll
2026-06-25 16:43:33.345   Time stamp of our file: 2026-04-30 03:06:56.000
2026-06-25 16:43:33.345   Dest file exists.
2026-06-25 16:43:33.345   Time stamp of existing file: 2026-04-30 03:06:56.000
2026-06-25 16:43:33.345   Installing the file.
2026-06-25 16:43:33.347   Successfully installed the file.
2026-06-25 16:43:33.347   -- File entry --
2026-06-25 16:43:33.348   Dest filename: C:\Program Files\SamaHesab\server\System.ComponentModel.Primitives.dll
2026-06-25 16:43:33.348   Time stamp of our file: 2026-04-30 03:06:56.000
2026-06-25 16:43:33.348   Dest file exists.
2026-06-25 16:43:33.348   Time stamp of existing file: 2026-04-30 03:06:56.000
2026-06-25 16:43:33.348   Installing the file.
2026-06-25 16:43:33.349   Successfully installed the file.
2026-06-25 16:43:33.349   -- File entry --
2026-06-25 16:43:33.349   Dest filename: C:\Program Files\SamaHesab\server\System.ComponentModel.TypeConverter.dll
2026-06-25 16:43:33.351   Time stamp of our file: 2026-04-30 03:06:58.000
2026-06-25 16:43:33.351   Dest file exists.
2026-06-25 16:43:33.351   Time stamp of existing file: 2026-04-30 03:06:58.000
2026-06-25 16:43:33.351   Installing the file.
2026-06-25 16:43:33.368   Successfully installed the file.
2026-06-25 16:43:33.368   -- File entry --
2026-06-25 16:43:33.368   Dest filename: C:\Program Files\SamaHesab\server\System.Configuration.ConfigurationManager.dll
2026-06-25 16:43:33.368   Time stamp of our file: 2023-10-31 18:29:08.000
2026-06-25 16:43:33.368   Dest file exists.
2026-06-25 16:43:33.368   Time stamp of existing file: 2023-10-31 18:29:08.000
2026-06-25 16:43:33.368   Installing the file.
2026-06-25 16:43:33.377   Successfully installed the file.
2026-06-25 16:43:33.377   -- File entry --
2026-06-25 16:43:33.377   Dest filename: C:\Program Files\SamaHesab\server\System.Configuration.dll
2026-06-25 16:43:33.377   Time stamp of our file: 2026-04-30 03:03:26.000
2026-06-25 16:43:33.377   Dest file exists.
2026-06-25 16:43:33.377   Time stamp of existing file: 2026-04-30 03:03:26.000
2026-06-25 16:43:33.377   Installing the file.
2026-06-25 16:43:33.379   Successfully installed the file.
2026-06-25 16:43:33.379   -- File entry --
2026-06-25 16:43:33.379   Dest filename: C:\Program Files\SamaHesab\server\System.Console.dll
2026-06-25 16:43:33.380   Time stamp of our file: 2026-04-30 03:07:00.000
2026-06-25 16:43:33.380   Dest file exists.
2026-06-25 16:43:33.380   Time stamp of existing file: 2026-04-30 03:07:00.000
2026-06-25 16:43:33.380   Installing the file.
2026-06-25 16:43:33.384   Successfully installed the file.
2026-06-25 16:43:33.384   -- File entry --
2026-06-25 16:43:33.384   Dest filename: C:\Program Files\SamaHesab\server\System.Core.dll
2026-06-25 16:43:33.384   Time stamp of our file: 2026-04-30 03:03:36.000
2026-06-25 16:43:33.384   Dest file exists.
2026-06-25 16:43:33.384   Time stamp of existing file: 2026-04-30 03:03:36.000
2026-06-25 16:43:33.384   Installing the file.
2026-06-25 16:43:33.385   Successfully installed the file.
2026-06-25 16:43:33.385   -- File entry --
2026-06-25 16:43:33.385   Dest filename: C:\Program Files\SamaHesab\server\System.Data.Common.dll
2026-06-25 16:43:33.385   Time stamp of our file: 2026-04-30 03:07:02.000
2026-06-25 16:43:33.385   Dest file exists.
2026-06-25 16:43:33.385   Time stamp of existing file: 2026-04-30 03:07:02.000
2026-06-25 16:43:33.385   Installing the file.
2026-06-25 16:43:33.450   Successfully installed the file.
2026-06-25 16:43:33.450   -- File entry --
2026-06-25 16:43:33.450   Dest filename: C:\Program Files\SamaHesab\server\System.Data.DataSetExtensions.dll
2026-06-25 16:43:33.450   Time stamp of our file: 2026-04-30 03:03:16.000
2026-06-25 16:43:33.450   Dest file exists.
2026-06-25 16:43:33.450   Time stamp of existing file: 2026-04-30 03:03:16.000
2026-06-25 16:43:33.450   Installing the file.
2026-06-25 16:43:33.451   Successfully installed the file.
2026-06-25 16:43:33.451   -- File entry --
2026-06-25 16:43:33.451   Dest filename: C:\Program Files\SamaHesab\server\System.Data.dll
2026-06-25 16:43:33.451   Time stamp of our file: 2026-04-30 03:03:32.000
2026-06-25 16:43:33.451   Dest file exists.
2026-06-25 16:43:33.451   Time stamp of existing file: 2026-04-30 03:03:32.000
2026-06-25 16:43:33.451   Installing the file.
2026-06-25 16:43:33.452   Successfully installed the file.
2026-06-25 16:43:33.453   -- File entry --
2026-06-25 16:43:33.453   Dest filename: C:\Program Files\SamaHesab\server\System.Diagnostics.Contracts.dll
2026-06-25 16:43:33.453   Time stamp of our file: 2026-04-30 03:01:32.000
2026-06-25 16:43:33.453   Dest file exists.
2026-06-25 16:43:33.453   Time stamp of existing file: 2026-04-30 03:01:32.000
2026-06-25 16:43:33.453   Installing the file.
2026-06-25 16:43:33.454   Successfully installed the file.
2026-06-25 16:43:33.454   -- File entry --
2026-06-25 16:43:33.454   Dest filename: C:\Program Files\SamaHesab\server\System.Diagnostics.Debug.dll
2026-06-25 16:43:33.454   Time stamp of our file: 2026-04-30 03:02:42.000
2026-06-25 16:43:33.454   Dest file exists.
2026-06-25 16:43:33.454   Time stamp of existing file: 2026-04-30 03:02:42.000
2026-06-25 16:43:33.454   Installing the file.
2026-06-25 16:43:33.455   Successfully installed the file.
2026-06-25 16:43:33.455   -- File entry --
2026-06-25 16:43:33.455   Dest filename: C:\Program Files\SamaHesab\server\System.Diagnostics.DiagnosticSource.dll
2026-06-25 16:43:33.455   Time stamp of our file: 2026-04-30 03:07:04.000
2026-06-25 16:43:33.455   Dest file exists.
2026-06-25 16:43:33.455   Time stamp of existing file: 2026-04-30 03:07:04.000
2026-06-25 16:43:33.455   Installing the file.
2026-06-25 16:43:33.466   Successfully installed the file.
2026-06-25 16:43:33.466   -- File entry --
2026-06-25 16:43:33.466   Dest filename: C:\Program Files\SamaHesab\server\System.Diagnostics.EventLog.dll
2026-06-25 16:43:33.466   Time stamp of our file: 2026-04-30 13:56:52.000
2026-06-25 16:43:33.466   Dest file exists.
2026-06-25 16:43:33.466   Time stamp of existing file: 2026-04-30 13:56:52.000
2026-06-25 16:43:33.466   Installing the file.
2026-06-25 16:43:33.474   Successfully installed the file.
2026-06-25 16:43:33.474   -- File entry --
2026-06-25 16:43:33.474   Dest filename: C:\Program Files\SamaHesab\server\System.Diagnostics.EventLog.Messages.dll
2026-06-25 16:43:33.476   Time stamp of our file: 2026-04-30 13:56:52.000
2026-06-25 16:43:33.476   Dest file exists.
2026-06-25 16:43:33.476   Time stamp of existing file: 2026-04-30 13:56:52.000
2026-06-25 16:43:33.476   Installing the file.
2026-06-25 16:43:33.481   Successfully installed the file.
2026-06-25 16:43:33.481   -- File entry --
2026-06-25 16:43:33.481   Dest filename: C:\Program Files\SamaHesab\server\System.Diagnostics.FileVersionInfo.dll
2026-06-25 16:43:33.482   Time stamp of our file: 2026-04-30 03:07:06.000
2026-06-25 16:43:33.482   Dest file exists.
2026-06-25 16:43:33.482   Time stamp of existing file: 2026-04-30 03:07:06.000
2026-06-25 16:43:33.482   Installing the file.
2026-06-25 16:43:33.483   Successfully installed the file.
2026-06-25 16:43:33.483   -- File entry --
2026-06-25 16:43:33.483   Dest filename: C:\Program Files\SamaHesab\server\System.Diagnostics.Process.dll
2026-06-25 16:43:33.483   Time stamp of our file: 2026-04-30 03:07:06.000
2026-06-25 16:43:33.483   Dest file exists.
2026-06-25 16:43:33.483   Time stamp of existing file: 2026-04-30 03:07:06.000
2026-06-25 16:43:33.483   Installing the file.
2026-06-25 16:43:33.490   Successfully installed the file.
2026-06-25 16:43:33.490   -- File entry --
2026-06-25 16:43:33.490   Dest filename: C:\Program Files\SamaHesab\server\System.Diagnostics.StackTrace.dll
2026-06-25 16:43:33.490   Time stamp of our file: 2026-04-30 03:07:08.000
2026-06-25 16:43:33.490   Dest file exists.
2026-06-25 16:43:33.490   Time stamp of existing file: 2026-04-30 03:07:08.000
2026-06-25 16:43:33.490   Installing the file.
2026-06-25 16:43:33.493   Successfully installed the file.
2026-06-25 16:43:33.493   -- File entry --
2026-06-25 16:43:33.493   Dest filename: C:\Program Files\SamaHesab\server\System.Diagnostics.TextWriterTraceListener.dll
2026-06-25 16:43:33.493   Time stamp of our file: 2026-04-30 03:07:08.000
2026-06-25 16:43:33.493   Dest file exists.
2026-06-25 16:43:33.493   Time stamp of existing file: 2026-04-30 03:07:08.000
2026-06-25 16:43:33.493   Installing the file.
2026-06-25 16:43:33.495   Successfully installed the file.
2026-06-25 16:43:33.495   -- File entry --
2026-06-25 16:43:33.495   Dest filename: C:\Program Files\SamaHesab\server\System.Diagnostics.Tools.dll
2026-06-25 16:43:33.495   Time stamp of our file: 2026-04-30 03:02:40.000
2026-06-25 16:43:33.495   Dest file exists.
2026-06-25 16:43:33.495   Time stamp of existing file: 2026-04-30 03:02:40.000
2026-06-25 16:43:33.495   Installing the file.
2026-06-25 16:43:33.496   Successfully installed the file.
2026-06-25 16:43:33.496   -- File entry --
2026-06-25 16:43:33.496   Dest filename: C:\Program Files\SamaHesab\server\System.Diagnostics.TraceSource.dll
2026-06-25 16:43:33.497   Time stamp of our file: 2026-04-30 03:07:10.000
2026-06-25 16:43:33.497   Dest file exists.
2026-06-25 16:43:33.497   Time stamp of existing file: 2026-04-30 03:07:10.000
2026-06-25 16:43:33.497   Installing the file.
2026-06-25 16:43:33.499   Successfully installed the file.
2026-06-25 16:43:33.500   -- File entry --
2026-06-25 16:43:33.500   Dest filename: C:\Program Files\SamaHesab\server\System.Diagnostics.Tracing.dll
2026-06-25 16:43:33.500   Time stamp of our file: 2026-04-30 03:02:30.000
2026-06-25 16:43:33.500   Dest file exists.
2026-06-25 16:43:33.500   Time stamp of existing file: 2026-04-30 03:02:30.000
2026-06-25 16:43:33.500   Installing the file.
2026-06-25 16:43:33.500   Successfully installed the file.
2026-06-25 16:43:33.500   -- File entry --
2026-06-25 16:43:33.500   Dest filename: C:\Program Files\SamaHesab\server\System.dll
2026-06-25 16:43:33.502   Time stamp of our file: 2026-04-30 03:03:44.000
2026-06-25 16:43:33.502   Dest file exists.
2026-06-25 16:43:33.502   Time stamp of existing file: 2026-04-30 03:03:44.000
2026-06-25 16:43:33.502   Installing the file.
2026-06-25 16:43:33.503   Successfully installed the file.
2026-06-25 16:43:33.503   -- File entry --
2026-06-25 16:43:33.503   Dest filename: C:\Program Files\SamaHesab\server\System.Drawing.Common.dll
2026-06-25 16:43:33.503   Time stamp of our file: 2021-10-23 03:18:10.000
2026-06-25 16:43:33.503   Dest file exists.
2026-06-25 16:43:33.503   Time stamp of existing file: 2021-10-23 03:18:10.000
2026-06-25 16:43:33.503   Installing the file.
2026-06-25 16:43:33.512   Successfully installed the file.
2026-06-25 16:43:33.512   -- File entry --
2026-06-25 16:43:33.512   Dest filename: C:\Program Files\SamaHesab\server\System.Drawing.dll
2026-06-25 16:43:33.514   Time stamp of our file: 2026-04-30 03:03:30.000
2026-06-25 16:43:33.514   Dest file exists.
2026-06-25 16:43:33.514   Time stamp of existing file: 2026-04-30 03:03:30.000
2026-06-25 16:43:33.514   Installing the file.
2026-06-25 16:43:33.514   Successfully installed the file.
2026-06-25 16:43:33.514   -- File entry --
2026-06-25 16:43:33.514   Dest filename: C:\Program Files\SamaHesab\server\System.Drawing.Primitives.dll
2026-06-25 16:43:33.514   Time stamp of our file: 2026-04-30 03:07:12.000
2026-06-25 16:43:33.514   Dest file exists.
2026-06-25 16:43:33.514   Time stamp of existing file: 2026-04-30 03:07:12.000
2026-06-25 16:43:33.514   Installing the file.
2026-06-25 16:43:33.518   Successfully installed the file.
2026-06-25 16:43:33.518   -- File entry --
2026-06-25 16:43:33.518   Dest filename: C:\Program Files\SamaHesab\server\System.Dynamic.Runtime.dll
2026-06-25 16:43:33.518   Time stamp of our file: 2026-04-30 03:02:44.000
2026-06-25 16:43:33.518   Dest file exists.
2026-06-25 16:43:33.518   Time stamp of existing file: 2026-04-30 03:02:44.000
2026-06-25 16:43:33.518   Installing the file.
2026-06-25 16:43:33.519   Successfully installed the file.
2026-06-25 16:43:33.519   -- File entry --
2026-06-25 16:43:33.519   Dest filename: C:\Program Files\SamaHesab\server\System.Formats.Asn1.dll
2026-06-25 16:43:33.519   Time stamp of our file: 2026-04-30 03:07:14.000
2026-06-25 16:43:33.519   Dest file exists.
2026-06-25 16:43:33.519   Time stamp of existing file: 2026-04-30 03:07:14.000
2026-06-25 16:43:33.519   Installing the file.
2026-06-25 16:43:33.525   Successfully installed the file.
2026-06-25 16:43:33.525   -- File entry --
2026-06-25 16:43:33.525   Dest filename: C:\Program Files\SamaHesab\server\System.Formats.Tar.dll
2026-06-25 16:43:33.525   Time stamp of our file: 2026-04-30 03:07:14.000
2026-06-25 16:43:33.525   Dest file exists.
2026-06-25 16:43:33.525   Time stamp of existing file: 2026-04-30 03:07:14.000
2026-06-25 16:43:33.525   Installing the file.
2026-06-25 16:43:33.532   Successfully installed the file.
2026-06-25 16:43:33.532   -- File entry --
2026-06-25 16:43:33.532   Dest filename: C:\Program Files\SamaHesab\server\System.Globalization.Calendars.dll
2026-06-25 16:43:33.532   Time stamp of our file: 2026-04-30 03:02:50.000
2026-06-25 16:43:33.532   Dest file exists.
2026-06-25 16:43:33.532   Time stamp of existing file: 2026-04-30 03:02:50.000
2026-06-25 16:43:33.532   Installing the file.
2026-06-25 16:43:33.533   Successfully installed the file.
2026-06-25 16:43:33.533   -- File entry --
2026-06-25 16:43:33.533   Dest filename: C:\Program Files\SamaHesab\server\System.Globalization.dll
2026-06-25 16:43:33.533   Time stamp of our file: 2026-04-30 03:02:38.000
2026-06-25 16:43:33.533   Dest file exists.
2026-06-25 16:43:33.533   Time stamp of existing file: 2026-04-30 03:02:38.000
2026-06-25 16:43:33.533   Installing the file.
2026-06-25 16:43:33.534   Successfully installed the file.
2026-06-25 16:43:33.534   -- File entry --
2026-06-25 16:43:33.534   Dest filename: C:\Program Files\SamaHesab\server\System.Globalization.Extensions.dll
2026-06-25 16:43:33.534   Time stamp of our file: 2026-04-30 03:02:40.000
2026-06-25 16:43:33.534   Dest file exists.
2026-06-25 16:43:33.534   Time stamp of existing file: 2026-04-30 03:02:40.000
2026-06-25 16:43:33.534   Installing the file.
2026-06-25 16:43:33.536   Successfully installed the file.
2026-06-25 16:43:33.536   -- File entry --
2026-06-25 16:43:33.536   Dest filename: C:\Program Files\SamaHesab\server\System.IdentityModel.Tokens.Jwt.dll
2026-06-25 16:43:33.536   Time stamp of our file: 2024-07-23 03:07:36.000
2026-06-25 16:43:33.536   Dest file exists.
2026-06-25 16:43:33.536   Time stamp of existing file: 2024-07-23 03:07:36.000
2026-06-25 16:43:33.536   Installing the file.
2026-06-25 16:43:33.538   Successfully installed the file.
2026-06-25 16:43:33.538   -- File entry --
2026-06-25 16:43:33.538   Dest filename: C:\Program Files\SamaHesab\server\System.IO.Compression.Brotli.dll
2026-06-25 16:43:33.538   Time stamp of our file: 2026-04-30 03:07:16.000
2026-06-25 16:43:33.538   Dest file exists.
2026-06-25 16:43:33.538   Time stamp of existing file: 2026-04-30 03:07:16.000
2026-06-25 16:43:33.538   Installing the file.
2026-06-25 16:43:33.541   Successfully installed the file.
2026-06-25 16:43:33.541   -- File entry --
2026-06-25 16:43:33.541   Dest filename: C:\Program Files\SamaHesab\server\System.IO.Compression.dll
2026-06-25 16:43:33.541   Time stamp of our file: 2026-04-30 03:07:18.000
2026-06-25 16:43:33.541   Dest file exists.
2026-06-25 16:43:33.541   Time stamp of existing file: 2026-04-30 03:07:18.000
2026-06-25 16:43:33.541   Installing the file.
2026-06-25 16:43:33.548   Successfully installed the file.
2026-06-25 16:43:33.548   -- File entry --
2026-06-25 16:43:33.548   Dest filename: C:\Program Files\SamaHesab\server\System.IO.Compression.FileSystem.dll
2026-06-25 16:43:33.548   Time stamp of our file: 2026-04-30 03:02:44.000
2026-06-25 16:43:33.548   Dest file exists.
2026-06-25 16:43:33.548   Time stamp of existing file: 2026-04-30 03:02:44.000
2026-06-25 16:43:33.548   Installing the file.
2026-06-25 16:43:33.548   Successfully installed the file.
2026-06-25 16:43:33.548   -- File entry --
2026-06-25 16:43:33.548   Dest filename: C:\Program Files\SamaHesab\server\System.IO.Compression.Native.dll
2026-06-25 16:43:33.550   Time stamp of our file: 2026-04-30 02:59:02.000
2026-06-25 16:43:33.550   Dest file exists.
2026-06-25 16:43:33.550   Time stamp of existing file: 2026-04-30 02:59:02.000
2026-06-25 16:43:33.550   Installing the file.
2026-06-25 16:43:33.569   Successfully installed the file.
2026-06-25 16:43:33.569   -- File entry --
2026-06-25 16:43:33.569   Dest filename: C:\Program Files\SamaHesab\server\System.IO.Compression.ZipFile.dll
2026-06-25 16:43:33.569   Time stamp of our file: 2026-04-30 03:07:18.000
2026-06-25 16:43:33.569   Dest file exists.
2026-06-25 16:43:33.569   Time stamp of existing file: 2026-04-30 03:07:18.000
2026-06-25 16:43:33.569   Installing the file.
2026-06-25 16:43:33.571   Successfully installed the file.
2026-06-25 16:43:33.571   -- File entry --
2026-06-25 16:43:33.571   Dest filename: C:\Program Files\SamaHesab\server\System.IO.dll
2026-06-25 16:43:33.571   Time stamp of our file: 2026-04-30 03:02:48.000
2026-06-25 16:43:33.571   Dest file exists.
2026-06-25 16:43:33.571   Time stamp of existing file: 2026-04-30 03:02:48.000
2026-06-25 16:43:33.571   Installing the file.
2026-06-25 16:43:33.572   Successfully installed the file.
2026-06-25 16:43:33.572   -- File entry --
2026-06-25 16:43:33.572   Dest filename: C:\Program Files\SamaHesab\server\System.IO.FileSystem.AccessControl.dll
2026-06-25 16:43:33.572   Time stamp of our file: 2026-04-30 03:07:20.000
2026-06-25 16:43:33.572   Dest file exists.
2026-06-25 16:43:33.572   Time stamp of existing file: 2026-04-30 03:07:20.000
2026-06-25 16:43:33.572   Installing the file.
2026-06-25 16:43:33.575   Successfully installed the file.
2026-06-25 16:43:33.575   -- File entry --
2026-06-25 16:43:33.575   Dest filename: C:\Program Files\SamaHesab\server\System.IO.FileSystem.dll
2026-06-25 16:43:33.575   Time stamp of our file: 2026-04-30 03:02:40.000
2026-06-25 16:43:33.575   Dest file exists.
2026-06-25 16:43:33.575   Time stamp of existing file: 2026-04-30 03:02:40.000
2026-06-25 16:43:33.575   Installing the file.
2026-06-25 16:43:33.576   Successfully installed the file.
2026-06-25 16:43:33.577   -- File entry --
2026-06-25 16:43:33.577   Dest filename: C:\Program Files\SamaHesab\server\System.IO.FileSystem.DriveInfo.dll
2026-06-25 16:43:33.577   Time stamp of our file: 2026-04-30 03:07:20.000
2026-06-25 16:43:33.577   Dest file exists.
2026-06-25 16:43:33.577   Time stamp of existing file: 2026-04-30 03:07:20.000
2026-06-25 16:43:33.577   Installing the file.
2026-06-25 16:43:33.578   Successfully installed the file.
2026-06-25 16:43:33.578   -- File entry --
2026-06-25 16:43:33.579   Dest filename: C:\Program Files\SamaHesab\server\System.IO.FileSystem.Primitives.dll
2026-06-25 16:43:33.579   Time stamp of our file: 2026-04-30 03:02:38.000
2026-06-25 16:43:33.579   Dest file exists.
2026-06-25 16:43:33.579   Time stamp of existing file: 2026-04-30 03:02:38.000
2026-06-25 16:43:33.579   Installing the file.
2026-06-25 16:43:33.579   Successfully installed the file.
2026-06-25 16:43:33.579   -- File entry --
2026-06-25 16:43:33.579   Dest filename: C:\Program Files\SamaHesab\server\System.IO.FileSystem.Watcher.dll
2026-06-25 16:43:33.579   Time stamp of our file: 2026-04-30 03:07:22.000
2026-06-25 16:43:33.579   Dest file exists.
2026-06-25 16:43:33.579   Time stamp of existing file: 2026-04-30 03:07:22.000
2026-06-25 16:43:33.579   Installing the file.
2026-06-25 16:43:33.582   Successfully installed the file.
2026-06-25 16:43:33.582   -- File entry --
2026-06-25 16:43:33.582   Dest filename: C:\Program Files\SamaHesab\server\System.IO.IsolatedStorage.dll
2026-06-25 16:43:33.582   Time stamp of our file: 2026-04-30 03:07:24.000
2026-06-25 16:43:33.582   Dest file exists.
2026-06-25 16:43:33.582   Time stamp of existing file: 2026-04-30 03:07:24.000
2026-06-25 16:43:33.583   Installing the file.
2026-06-25 16:43:33.585   Successfully installed the file.
2026-06-25 16:43:33.585   -- File entry --
2026-06-25 16:43:33.585   Dest filename: C:\Program Files\SamaHesab\server\System.IO.MemoryMappedFiles.dll
2026-06-25 16:43:33.585   Time stamp of our file: 2026-04-30 03:07:24.000
2026-06-25 16:43:33.585   Dest file exists.
2026-06-25 16:43:33.585   Time stamp of existing file: 2026-04-30 03:07:24.000
2026-06-25 16:43:33.585   Installing the file.
2026-06-25 16:43:33.587   Successfully installed the file.
2026-06-25 16:43:33.587   -- File entry --
2026-06-25 16:43:33.587   Dest filename: C:\Program Files\SamaHesab\server\System.IO.Packaging.dll
2026-06-25 16:43:33.587   Time stamp of our file: 2024-09-17 02:39:52.000
2026-06-25 16:43:33.587   Dest file exists.
2026-06-25 16:43:33.588   Time stamp of existing file: 2024-09-17 02:39:52.000
2026-06-25 16:43:33.588   Installing the file.
2026-06-25 16:43:33.591   Successfully installed the file.
2026-06-25 16:43:33.591   -- File entry --
2026-06-25 16:43:33.591   Dest filename: C:\Program Files\SamaHesab\server\System.IO.Pipelines.dll
2026-06-25 16:43:33.591   Time stamp of our file: 2026-04-30 03:07:26.000
2026-06-25 16:43:33.591   Dest file exists.
2026-06-25 16:43:33.591   Time stamp of existing file: 2026-04-30 03:07:26.000
2026-06-25 16:43:33.591   Installing the file.
2026-06-25 16:43:33.597   Successfully installed the file.
2026-06-25 16:43:33.597   -- File entry --
2026-06-25 16:43:33.597   Dest filename: C:\Program Files\SamaHesab\server\System.IO.Pipes.AccessControl.dll
2026-06-25 16:43:33.597   Time stamp of our file: 2026-04-30 03:01:00.000
2026-06-25 16:43:33.597   Dest file exists.
2026-06-25 16:43:33.597   Time stamp of existing file: 2026-04-30 03:01:00.000
2026-06-25 16:43:33.597   Installing the file.
2026-06-25 16:43:33.598   Successfully installed the file.
2026-06-25 16:43:33.598   -- File entry --
2026-06-25 16:43:33.598   Dest filename: C:\Program Files\SamaHesab\server\System.IO.Pipes.dll
2026-06-25 16:43:33.598   Time stamp of our file: 2026-04-30 03:07:28.000
2026-06-25 16:43:33.598   Dest file exists.
2026-06-25 16:43:33.598   Time stamp of existing file: 2026-04-30 03:07:28.000
2026-06-25 16:43:33.598   Installing the file.
2026-06-25 16:43:33.602   Successfully installed the file.
2026-06-25 16:43:33.602   -- File entry --
2026-06-25 16:43:33.602   Dest filename: C:\Program Files\SamaHesab\server\System.IO.UnmanagedMemoryStream.dll
2026-06-25 16:43:33.602   Time stamp of our file: 2026-04-30 03:03:24.000
2026-06-25 16:43:33.602   Dest file exists.
2026-06-25 16:43:33.602   Time stamp of existing file: 2026-04-30 03:03:24.000
2026-06-25 16:43:33.602   Installing the file.
2026-06-25 16:43:33.603   Successfully installed the file.
2026-06-25 16:43:33.603   -- File entry --
2026-06-25 16:43:33.603   Dest filename: C:\Program Files\SamaHesab\server\System.Linq.dll
2026-06-25 16:43:33.603   Time stamp of our file: 2026-04-30 03:07:30.000
2026-06-25 16:43:33.603   Dest file exists.
2026-06-25 16:43:33.603   Time stamp of existing file: 2026-04-30 03:07:30.000
2026-06-25 16:43:33.603   Installing the file.
2026-06-25 16:43:33.617   Successfully installed the file.
2026-06-25 16:43:33.618   -- File entry --
2026-06-25 16:43:33.618   Dest filename: C:\Program Files\SamaHesab\server\System.Linq.Expressions.dll
2026-06-25 16:43:33.618   Time stamp of our file: 2026-04-30 03:07:32.000
2026-06-25 16:43:33.618   Dest file exists.
2026-06-25 16:43:33.618   Time stamp of existing file: 2026-04-30 03:07:32.000
2026-06-25 16:43:33.618   Installing the file.
2026-06-25 16:43:33.681   Successfully installed the file.
2026-06-25 16:43:33.681   -- File entry --
2026-06-25 16:43:33.681   Dest filename: C:\Program Files\SamaHesab\server\System.Linq.Parallel.dll
2026-06-25 16:43:33.681   Time stamp of our file: 2026-04-30 03:07:34.000
2026-06-25 16:43:33.681   Dest file exists.
2026-06-25 16:43:33.681   Time stamp of existing file: 2026-04-30 03:07:34.000
2026-06-25 16:43:33.681   Installing the file.
2026-06-25 16:43:33.697   Successfully installed the file.
2026-06-25 16:43:33.698   -- File entry --
2026-06-25 16:43:33.698   Dest filename: C:\Program Files\SamaHesab\server\System.Linq.Queryable.dll
2026-06-25 16:43:33.698   Time stamp of our file: 2026-04-30 03:07:36.000
2026-06-25 16:43:33.698   Dest file exists.
2026-06-25 16:43:33.698   Time stamp of existing file: 2026-04-30 03:07:36.000
2026-06-25 16:43:33.698   Installing the file.
2026-06-25 16:43:33.701   Successfully installed the file.
2026-06-25 16:43:33.701   -- File entry --
2026-06-25 16:43:33.701   Dest filename: C:\Program Files\SamaHesab\server\System.Management.dll
2026-06-25 16:43:33.701   Time stamp of our file: 2024-10-29 06:09:12.000
2026-06-25 16:43:33.701   Dest file exists.
2026-06-25 16:43:33.703   Time stamp of existing file: 2024-10-29 06:09:12.000
2026-06-25 16:43:33.703   Installing the file.
2026-06-25 16:43:33.708   Successfully installed the file.
2026-06-25 16:43:33.708   -- File entry --
2026-06-25 16:43:33.708   Dest filename: C:\Program Files\SamaHesab\server\System.Memory.Data.dll
2026-06-25 16:43:33.708   Time stamp of our file: 2021-04-08 20:15:54.000
2026-06-25 16:43:33.708   Dest file exists.
2026-06-25 16:43:33.708   Time stamp of existing file: 2021-04-08 20:15:54.000
2026-06-25 16:43:33.708   Installing the file.
2026-06-25 16:43:33.710   Successfully installed the file.
2026-06-25 16:43:33.710   -- File entry --
2026-06-25 16:43:33.710   Dest filename: C:\Program Files\SamaHesab\server\System.Memory.dll
2026-06-25 16:43:33.710   Time stamp of our file: 2026-04-30 03:07:38.000
2026-06-25 16:43:33.710   Dest file exists.
2026-06-25 16:43:33.710   Time stamp of existing file: 2026-04-30 03:07:38.000
2026-06-25 16:43:33.710   Installing the file.
2026-06-25 16:43:33.714   Successfully installed the file.
2026-06-25 16:43:33.714   -- File entry --
2026-06-25 16:43:33.715   Dest filename: C:\Program Files\SamaHesab\server\System.Net.dll
2026-06-25 16:43:33.715   Time stamp of our file: 2026-04-30 03:03:30.000
2026-06-25 16:43:33.715   Dest file exists.
2026-06-25 16:43:33.715   Time stamp of existing file: 2026-04-30 03:03:30.000
2026-06-25 16:43:33.715   Installing the file.
2026-06-25 16:43:33.715   Successfully installed the file.
2026-06-25 16:43:33.715   -- File entry --
2026-06-25 16:43:33.717   Dest filename: C:\Program Files\SamaHesab\server\System.Net.Http.dll
2026-06-25 16:43:33.717   Time stamp of our file: 2026-04-30 03:07:40.000
2026-06-25 16:43:33.717   Dest file exists.
2026-06-25 16:43:33.717   Time stamp of existing file: 2026-04-30 03:07:40.000
2026-06-25 16:43:33.717   Installing the file.
2026-06-25 16:43:33.757   Successfully installed the file.
2026-06-25 16:43:33.757   -- File entry --
2026-06-25 16:43:33.758   Dest filename: C:\Program Files\SamaHesab\server\System.Net.Http.Json.dll
2026-06-25 16:43:33.758   Time stamp of our file: 2026-04-30 03:07:40.000
2026-06-25 16:43:33.758   Dest file exists.
2026-06-25 16:43:33.758   Time stamp of existing file: 2026-04-30 03:07:40.000
2026-06-25 16:43:33.758   Installing the file.
2026-06-25 16:43:33.761   Successfully installed the file.
2026-06-25 16:43:33.761   -- File entry --
2026-06-25 16:43:33.761   Dest filename: C:\Program Files\SamaHesab\server\System.Net.HttpListener.dll
2026-06-25 16:43:33.761   Time stamp of our file: 2026-04-30 03:07:42.000
2026-06-25 16:43:33.761   Dest file exists.
2026-06-25 16:43:33.761   Time stamp of existing file: 2026-04-30 03:07:42.000
2026-06-25 16:43:33.761   Installing the file.
2026-06-25 16:43:33.774   Successfully installed the file.
2026-06-25 16:43:33.774   -- File entry --
2026-06-25 16:43:33.774   Dest filename: C:\Program Files\SamaHesab\server\System.Net.Mail.dll
2026-06-25 16:43:33.774   Time stamp of our file: 2026-04-30 03:07:44.000
2026-06-25 16:43:33.774   Dest file exists.
2026-06-25 16:43:33.774   Time stamp of existing file: 2026-04-30 03:07:44.000
2026-06-25 16:43:33.774   Installing the file.
2026-06-25 16:43:33.784   Successfully installed the file.
2026-06-25 16:43:33.784   -- File entry --
2026-06-25 16:43:33.785   Dest filename: C:\Program Files\SamaHesab\server\System.Net.NameResolution.dll
2026-06-25 16:43:33.785   Time stamp of our file: 2026-04-30 03:07:44.000
2026-06-25 16:43:33.785   Dest file exists.
2026-06-25 16:43:33.785   Time stamp of existing file: 2026-04-30 03:07:44.000
2026-06-25 16:43:33.785   Installing the file.
2026-06-25 16:43:33.788   Successfully installed the file.
2026-06-25 16:43:33.788   -- File entry --
2026-06-25 16:43:33.788   Dest filename: C:\Program Files\SamaHesab\server\System.Net.NetworkInformation.dll
2026-06-25 16:43:33.788   Time stamp of our file: 2026-04-30 03:07:46.000
2026-06-25 16:43:33.788   Dest file exists.
2026-06-25 16:43:33.788   Time stamp of existing file: 2026-04-30 03:07:46.000
2026-06-25 16:43:33.788   Installing the file.
2026-06-25 16:43:33.792   Successfully installed the file.
2026-06-25 16:43:33.792   -- File entry --
2026-06-25 16:43:33.792   Dest filename: C:\Program Files\SamaHesab\server\System.Net.Ping.dll
2026-06-25 16:43:33.792   Time stamp of our file: 2026-04-30 03:07:48.000
2026-06-25 16:43:33.792   Dest file exists.
2026-06-25 16:43:33.792   Time stamp of existing file: 2026-04-30 03:07:48.000
2026-06-25 16:43:33.792   Installing the file.
2026-06-25 16:43:33.795   Successfully installed the file.
2026-06-25 16:43:33.795   -- File entry --
2026-06-25 16:43:33.795   Dest filename: C:\Program Files\SamaHesab\server\System.Net.Primitives.dll
2026-06-25 16:43:33.796   Time stamp of our file: 2026-04-30 03:07:48.000
2026-06-25 16:43:33.796   Dest file exists.
2026-06-25 16:43:33.796   Time stamp of existing file: 2026-04-30 03:07:48.000
2026-06-25 16:43:33.796   Installing the file.
2026-06-25 16:43:33.801   Successfully installed the file.
2026-06-25 16:43:33.801   -- File entry --
2026-06-25 16:43:33.801   Dest filename: C:\Program Files\SamaHesab\server\System.Net.Quic.dll
2026-06-25 16:43:33.801   Time stamp of our file: 2026-04-30 03:07:50.000
2026-06-25 16:43:33.801   Dest file exists.
2026-06-25 16:43:33.801   Time stamp of existing file: 2026-04-30 03:07:50.000
2026-06-25 16:43:33.801   Installing the file.
2026-06-25 16:43:33.810   Successfully installed the file.
2026-06-25 16:43:33.810   -- File entry --
2026-06-25 16:43:33.810   Dest filename: C:\Program Files\SamaHesab\server\System.Net.Requests.dll
2026-06-25 16:43:33.810   Time stamp of our file: 2026-04-30 03:07:52.000
2026-06-25 16:43:33.810   Dest file exists.
2026-06-25 16:43:33.810   Time stamp of existing file: 2026-04-30 03:07:52.000
2026-06-25 16:43:33.810   Installing the file.
2026-06-25 16:43:33.820   Successfully installed the file.
2026-06-25 16:43:33.820   -- File entry --
2026-06-25 16:43:33.820   Dest filename: C:\Program Files\SamaHesab\server\System.Net.Security.dll
2026-06-25 16:43:33.820   Time stamp of our file: 2026-04-30 03:07:54.000
2026-06-25 16:43:33.820   Dest file exists.
2026-06-25 16:43:33.820   Time stamp of existing file: 2026-04-30 03:07:54.000
2026-06-25 16:43:33.820   Installing the file.
2026-06-25 16:43:33.836   Successfully installed the file.
2026-06-25 16:43:33.836   -- File entry --
2026-06-25 16:43:33.837   Dest filename: C:\Program Files\SamaHesab\server\System.Net.ServicePoint.dll
2026-06-25 16:43:33.837   Time stamp of our file: 2026-04-30 03:02:44.000
2026-06-25 16:43:33.837   Dest file exists.
2026-06-25 16:43:33.837   Time stamp of existing file: 2026-04-30 03:02:44.000
2026-06-25 16:43:33.837   Installing the file.
2026-06-25 16:43:33.837   Successfully installed the file.
2026-06-25 16:43:33.837   -- File entry --
2026-06-25 16:43:33.837   Dest filename: C:\Program Files\SamaHesab\server\System.Net.Sockets.dll
2026-06-25 16:43:33.838   Time stamp of our file: 2026-04-30 03:07:56.000
2026-06-25 16:43:33.838   Dest file exists.
2026-06-25 16:43:33.838   Time stamp of existing file: 2026-04-30 03:07:56.000
2026-06-25 16:43:33.838   Installing the file.
2026-06-25 16:43:33.850   Successfully installed the file.
2026-06-25 16:43:33.850   -- File entry --
2026-06-25 16:43:33.850   Dest filename: C:\Program Files\SamaHesab\server\System.Net.WebClient.dll
2026-06-25 16:43:33.850   Time stamp of our file: 2026-04-30 03:07:56.000
2026-06-25 16:43:33.850   Dest file exists.
2026-06-25 16:43:33.850   Time stamp of existing file: 2026-04-30 03:07:56.000
2026-06-25 16:43:33.850   Installing the file.
2026-06-25 16:43:33.855   Successfully installed the file.
2026-06-25 16:43:33.855   -- File entry --
2026-06-25 16:43:33.856   Dest filename: C:\Program Files\SamaHesab\server\System.Net.WebHeaderCollection.dll
2026-06-25 16:43:33.856   Time stamp of our file: 2026-04-30 03:07:58.000
2026-06-25 16:43:33.856   Dest file exists.
2026-06-25 16:43:33.856   Time stamp of existing file: 2026-04-30 03:07:58.000
2026-06-25 16:43:33.856   Installing the file.
2026-06-25 16:43:33.857   Successfully installed the file.
2026-06-25 16:43:33.858   -- File entry --
2026-06-25 16:43:33.858   Dest filename: C:\Program Files\SamaHesab\server\System.Net.WebProxy.dll
2026-06-25 16:43:33.858   Time stamp of our file: 2026-04-30 03:07:58.000
2026-06-25 16:43:33.858   Dest file exists.
2026-06-25 16:43:33.858   Time stamp of existing file: 2026-04-30 03:07:58.000
2026-06-25 16:43:33.858   Installing the file.
2026-06-25 16:43:33.859   Successfully installed the file.
2026-06-25 16:43:33.859   -- File entry --
2026-06-25 16:43:33.859   Dest filename: C:\Program Files\SamaHesab\server\System.Net.WebSockets.Client.dll
2026-06-25 16:43:33.859   Time stamp of our file: 2026-04-30 03:08:00.000
2026-06-25 16:43:33.859   Dest file exists.
2026-06-25 16:43:33.859   Time stamp of existing file: 2026-04-30 03:08:00.000
2026-06-25 16:43:33.859   Installing the file.
2026-06-25 16:43:33.862   Successfully installed the file.
2026-06-25 16:43:33.862   -- File entry --
2026-06-25 16:43:33.862   Dest filename: C:\Program Files\SamaHesab\server\System.Net.WebSockets.dll
2026-06-25 16:43:33.862   Time stamp of our file: 2026-04-30 03:08:02.000
2026-06-25 16:43:33.862   Dest file exists.
2026-06-25 16:43:33.862   Time stamp of existing file: 2026-04-30 03:08:02.000
2026-06-25 16:43:33.862   Installing the file.
2026-06-25 16:43:33.868   Successfully installed the file.
2026-06-25 16:43:33.868   -- File entry --
2026-06-25 16:43:33.868   Dest filename: C:\Program Files\SamaHesab\server\System.Numerics.dll
2026-06-25 16:43:33.868   Time stamp of our file: 2026-04-30 03:02:46.000
2026-06-25 16:43:33.868   Dest file exists.
2026-06-25 16:43:33.868   Time stamp of existing file: 2026-04-30 03:02:46.000
2026-06-25 16:43:33.868   Installing the file.
2026-06-25 16:43:33.869   Successfully installed the file.
2026-06-25 16:43:33.869   -- File entry --
2026-06-25 16:43:33.869   Dest filename: C:\Program Files\SamaHesab\server\System.Numerics.Vectors.dll
2026-06-25 16:43:33.869   Time stamp of our file: 2026-04-30 03:02:10.000
2026-06-25 16:43:33.869   Dest file exists.
2026-06-25 16:43:33.869   Time stamp of existing file: 2026-04-30 03:02:10.000
2026-06-25 16:43:33.869   Installing the file.
2026-06-25 16:43:33.870   Successfully installed the file.
2026-06-25 16:43:33.870   -- File entry --
2026-06-25 16:43:33.870   Dest filename: C:\Program Files\SamaHesab\server\System.ObjectModel.dll
2026-06-25 16:43:33.870   Time stamp of our file: 2026-04-30 03:08:02.000
2026-06-25 16:43:33.870   Dest file exists.
2026-06-25 16:43:33.870   Time stamp of existing file: 2026-04-30 03:08:02.000
2026-06-25 16:43:33.870   Installing the file.
2026-06-25 16:43:33.872   Successfully installed the file.
2026-06-25 16:43:33.872   -- File entry --
2026-06-25 16:43:33.872   Dest filename: C:\Program Files\SamaHesab\server\System.Private.CoreLib.dll
2026-06-25 16:43:33.872   Time stamp of our file: 2026-04-30 02:56:00.000
2026-06-25 16:43:33.872   Dest file exists.
2026-06-25 16:43:33.872   Time stamp of existing file: 2026-04-30 02:56:00.000
2026-06-25 16:43:33.872   Installing the file.
2026-06-25 16:43:34.171   Successfully installed the file.
2026-06-25 16:43:34.171   -- File entry --
2026-06-25 16:43:34.171   Dest filename: C:\Program Files\SamaHesab\server\System.Private.DataContractSerialization.dll
2026-06-25 16:43:34.171   Time stamp of our file: 2026-04-30 03:08:04.000
2026-06-25 16:43:34.171   Dest file exists.
2026-06-25 16:43:34.171   Time stamp of existing file: 2026-04-30 03:08:04.000
2026-06-25 16:43:34.171   Installing the file.
2026-06-25 16:43:34.215   Successfully installed the file.
2026-06-25 16:43:34.215   -- File entry --
2026-06-25 16:43:34.215   Dest filename: C:\Program Files\SamaHesab\server\System.Private.Uri.dll
2026-06-25 16:43:34.216   Time stamp of our file: 2026-04-30 03:08:06.000
2026-06-25 16:43:34.216   Dest file exists.
2026-06-25 16:43:34.216   Time stamp of existing file: 2026-04-30 03:08:06.000
2026-06-25 16:43:34.216   Installing the file.
2026-06-25 16:43:34.222   Successfully installed the file.
2026-06-25 16:43:34.222   -- File entry --
2026-06-25 16:43:34.222   Dest filename: C:\Program Files\SamaHesab\server\System.Private.Xml.dll
2026-06-25 16:43:34.222   Time stamp of our file: 2026-04-30 03:08:10.000
2026-06-25 16:43:34.222   Dest file exists.
2026-06-25 16:43:34.222   Time stamp of existing file: 2026-04-30 03:08:10.000
2026-06-25 16:43:34.222   Installing the file.
2026-06-25 16:43:34.391   Successfully installed the file.
2026-06-25 16:43:34.391   -- File entry --
2026-06-25 16:43:34.391   Dest filename: C:\Program Files\SamaHesab\server\System.Private.Xml.Linq.dll
2026-06-25 16:43:34.391   Time stamp of our file: 2026-04-30 03:08:12.000
2026-06-25 16:43:34.391   Dest file exists.
2026-06-25 16:43:34.391   Time stamp of existing file: 2026-04-30 03:08:12.000
2026-06-25 16:43:34.391   Installing the file.
2026-06-25 16:43:34.400   Successfully installed the file.
2026-06-25 16:43:34.401   -- File entry --
2026-06-25 16:43:34.401   Dest filename: C:\Program Files\SamaHesab\server\System.Reflection.DispatchProxy.dll
2026-06-25 16:43:34.401   Time stamp of our file: 2026-04-30 03:08:14.000
2026-06-25 16:43:34.401   Dest file exists.
2026-06-25 16:43:34.401   Time stamp of existing file: 2026-04-30 03:08:14.000
2026-06-25 16:43:34.401   Installing the file.
2026-06-25 16:43:34.403   Successfully installed the file.
2026-06-25 16:43:34.403   -- File entry --
2026-06-25 16:43:34.403   Dest filename: C:\Program Files\SamaHesab\server\System.Reflection.dll
2026-06-25 16:43:34.403   Time stamp of our file: 2026-04-30 03:02:38.000
2026-06-25 16:43:34.403   Dest file exists.
2026-06-25 16:43:34.403   Time stamp of existing file: 2026-04-30 03:02:38.000
2026-06-25 16:43:34.403   Installing the file.
2026-06-25 16:43:34.404   Successfully installed the file.
2026-06-25 16:43:34.404   -- File entry --
2026-06-25 16:43:34.404   Dest filename: C:\Program Files\SamaHesab\server\System.Reflection.Emit.dll
2026-06-25 16:43:34.404   Time stamp of our file: 2026-04-30 03:08:14.000
2026-06-25 16:43:34.404   Dest file exists.
2026-06-25 16:43:34.404   Time stamp of existing file: 2026-04-30 03:08:14.000
2026-06-25 16:43:34.404   Installing the file.
2026-06-25 16:43:34.412   Successfully installed the file.
2026-06-25 16:43:34.412   -- File entry --
2026-06-25 16:43:34.412   Dest filename: C:\Program Files\SamaHesab\server\System.Reflection.Emit.ILGeneration.dll
2026-06-25 16:43:34.412   Time stamp of our file: 2026-04-30 03:02:12.000
2026-06-25 16:43:34.412   Dest file exists.
2026-06-25 16:43:34.412   Time stamp of existing file: 2026-04-30 03:02:12.000
2026-06-25 16:43:34.412   Installing the file.
2026-06-25 16:43:34.413   Successfully installed the file.
2026-06-25 16:43:34.413   -- File entry --
2026-06-25 16:43:34.413   Dest filename: C:\Program Files\SamaHesab\server\System.Reflection.Emit.Lightweight.dll
2026-06-25 16:43:34.414   Time stamp of our file: 2026-04-30 03:02:32.000
2026-06-25 16:43:34.414   Dest file exists.
2026-06-25 16:43:34.414   Time stamp of existing file: 2026-04-30 03:02:32.000
2026-06-25 16:43:34.414   Installing the file.
2026-06-25 16:43:34.414   Successfully installed the file.
2026-06-25 16:43:34.414   -- File entry --
2026-06-25 16:43:34.414   Dest filename: C:\Program Files\SamaHesab\server\System.Reflection.Extensions.dll
2026-06-25 16:43:34.414   Time stamp of our file: 2026-04-30 03:02:46.000
2026-06-25 16:43:34.414   Dest file exists.
2026-06-25 16:43:34.414   Time stamp of existing file: 2026-04-30 03:02:46.000
2026-06-25 16:43:34.414   Installing the file.
2026-06-25 16:43:34.415   Successfully installed the file.
2026-06-25 16:43:34.415   -- File entry --
2026-06-25 16:43:34.415   Dest filename: C:\Program Files\SamaHesab\server\System.Reflection.Metadata.dll
2026-06-25 16:43:34.415   Time stamp of our file: 2026-04-30 03:08:16.000
2026-06-25 16:43:34.415   Dest file exists.
2026-06-25 16:43:34.415   Time stamp of existing file: 2026-04-30 03:08:16.000
2026-06-25 16:43:34.415   Installing the file.
2026-06-25 16:43:34.440   Successfully installed the file.
2026-06-25 16:43:34.440   -- File entry --
2026-06-25 16:43:34.440   Dest filename: C:\Program Files\SamaHesab\server\System.Reflection.Primitives.dll
2026-06-25 16:43:34.440   Time stamp of our file: 2026-04-30 03:02:44.000
2026-06-25 16:43:34.440   Dest file exists.
2026-06-25 16:43:34.440   Time stamp of existing file: 2026-04-30 03:02:44.000
2026-06-25 16:43:34.440   Installing the file.
2026-06-25 16:43:34.441   Successfully installed the file.
2026-06-25 16:43:34.441   -- File entry --
2026-06-25 16:43:34.441   Dest filename: C:\Program Files\SamaHesab\server\System.Reflection.TypeExtensions.dll
2026-06-25 16:43:34.441   Time stamp of our file: 2026-04-30 03:08:18.000
2026-06-25 16:43:34.441   Dest file exists.
2026-06-25 16:43:34.441   Time stamp of existing file: 2026-04-30 03:08:18.000
2026-06-25 16:43:34.442   Installing the file.
2026-06-25 16:43:34.443   Successfully installed the file.
2026-06-25 16:43:34.443   -- File entry --
2026-06-25 16:43:34.443   Dest filename: C:\Program Files\SamaHesab\server\System.Resources.Reader.dll
2026-06-25 16:43:34.443   Time stamp of our file: 2026-04-30 03:02:38.000
2026-06-25 16:43:34.443   Dest file exists.
2026-06-25 16:43:34.443   Time stamp of existing file: 2026-04-30 03:02:38.000
2026-06-25 16:43:34.443   Installing the file.
2026-06-25 16:43:34.444   Successfully installed the file.
2026-06-25 16:43:34.444   -- File entry --
2026-06-25 16:43:34.444   Dest filename: C:\Program Files\SamaHesab\server\System.Resources.ResourceManager.dll
2026-06-25 16:43:34.444   Time stamp of our file: 2026-04-30 03:02:40.000
2026-06-25 16:43:34.444   Dest file exists.
2026-06-25 16:43:34.444   Time stamp of existing file: 2026-04-30 03:02:40.000
2026-06-25 16:43:34.444   Installing the file.
2026-06-25 16:43:34.446   Successfully installed the file.
2026-06-25 16:43:34.446   -- File entry --
2026-06-25 16:43:34.446   Dest filename: C:\Program Files\SamaHesab\server\System.Resources.Writer.dll
2026-06-25 16:43:34.446   Time stamp of our file: 2026-04-30 03:08:20.000
2026-06-25 16:43:34.446   Dest file exists.
2026-06-25 16:43:34.446   Time stamp of existing file: 2026-04-30 03:08:20.000
2026-06-25 16:43:34.446   Installing the file.
2026-06-25 16:43:34.448   Successfully installed the file.
2026-06-25 16:43:34.448   -- File entry --
2026-06-25 16:43:34.448   Dest filename: C:\Program Files\SamaHesab\server\System.Runtime.Caching.dll
2026-06-25 16:43:34.448   Time stamp of our file: 2023-10-31 18:30:12.000
2026-06-25 16:43:34.448   Dest file exists.
2026-06-25 16:43:34.448   Time stamp of existing file: 2023-10-31 18:30:12.000
2026-06-25 16:43:34.448   Installing the file.
2026-06-25 16:43:34.450   Successfully installed the file.
2026-06-25 16:43:34.450   -- File entry --
2026-06-25 16:43:34.450   Dest filename: C:\Program Files\SamaHesab\server\System.Runtime.CompilerServices.Unsafe.dll
2026-06-25 16:43:34.450   Time stamp of our file: 2026-04-30 03:02:40.000
2026-06-25 16:43:34.450   Dest file exists.
2026-06-25 16:43:34.450   Time stamp of existing file: 2026-04-30 03:02:40.000
2026-06-25 16:43:34.450   Installing the file.
2026-06-25 16:43:34.451   Successfully installed the file.
2026-06-25 16:43:34.451   -- File entry --
2026-06-25 16:43:34.451   Dest filename: C:\Program Files\SamaHesab\server\System.Runtime.CompilerServices.VisualC.dll
2026-06-25 16:43:34.451   Time stamp of our file: 2026-04-30 03:08:20.000
2026-06-25 16:43:34.451   Dest file exists.
2026-06-25 16:43:34.451   Time stamp of existing file: 2026-04-30 03:08:20.000
2026-06-25 16:43:34.451   Installing the file.
2026-06-25 16:43:34.452   Successfully installed the file.
2026-06-25 16:43:34.452   -- File entry --
2026-06-25 16:43:34.454   Dest filename: C:\Program Files\SamaHesab\server\System.Runtime.dll
2026-06-25 16:43:34.454   Time stamp of our file: 2026-04-30 03:02:30.000
2026-06-25 16:43:34.454   Dest file exists.
2026-06-25 16:43:34.454   Time stamp of existing file: 2026-04-30 03:02:30.000
2026-06-25 16:43:34.454   Installing the file.
2026-06-25 16:43:34.455   Successfully installed the file.
2026-06-25 16:43:34.455   -- File entry --
2026-06-25 16:43:34.455   Dest filename: C:\Program Files\SamaHesab\server\System.Runtime.Extensions.dll
2026-06-25 16:43:34.455   Time stamp of our file: 2026-04-30 03:02:48.000
2026-06-25 16:43:34.455   Dest file exists.
2026-06-25 16:43:34.455   Time stamp of existing file: 2026-04-30 03:02:48.000
2026-06-25 16:43:34.455   Installing the file.
2026-06-25 16:43:34.456   Successfully installed the file.
2026-06-25 16:43:34.456   -- File entry --
2026-06-25 16:43:34.456   Dest filename: C:\Program Files\SamaHesab\server\System.Runtime.Handles.dll
2026-06-25 16:43:34.456   Time stamp of our file: 2026-04-30 03:02:38.000
2026-06-25 16:43:34.456   Dest file exists.
2026-06-25 16:43:34.456   Time stamp of existing file: 2026-04-30 03:02:38.000
2026-06-25 16:43:34.456   Installing the file.
2026-06-25 16:43:34.457   Successfully installed the file.
2026-06-25 16:43:34.457   -- File entry --
2026-06-25 16:43:34.457   Dest filename: C:\Program Files\SamaHesab\server\System.Runtime.InteropServices.dll
2026-06-25 16:43:34.457   Time stamp of our file: 2026-04-30 03:08:22.000
2026-06-25 16:43:34.457   Dest file exists.
2026-06-25 16:43:34.458   Time stamp of existing file: 2026-04-30 03:08:22.000
2026-06-25 16:43:34.458   Installing the file.
2026-06-25 16:43:34.460   Successfully installed the file.
2026-06-25 16:43:34.460   -- File entry --
2026-06-25 16:43:34.461   Dest filename: C:\Program Files\SamaHesab\server\System.Runtime.InteropServices.JavaScript.dll
2026-06-25 16:43:34.461   Time stamp of our file: 2026-04-30 03:08:22.000
2026-06-25 16:43:34.461   Dest file exists.
2026-06-25 16:43:34.461   Time stamp of existing file: 2026-04-30 03:08:22.000
2026-06-25 16:43:34.461   Installing the file.
2026-06-25 16:43:34.462   Successfully installed the file.
2026-06-25 16:43:34.462   -- File entry --
2026-06-25 16:43:34.462   Dest filename: C:\Program Files\SamaHesab\server\System.Runtime.InteropServices.RuntimeInformation.dll
2026-06-25 16:43:34.462   Time stamp of our file: 2026-04-30 03:02:40.000
2026-06-25 16:43:34.462   Dest file exists.
2026-06-25 16:43:34.462   Time stamp of existing file: 2026-04-30 03:02:40.000
2026-06-25 16:43:34.462   Installing the file.
2026-06-25 16:43:34.463   Successfully installed the file.
2026-06-25 16:43:34.463   -- File entry --
2026-06-25 16:43:34.463   Dest filename: C:\Program Files\SamaHesab\server\System.Runtime.Intrinsics.dll
2026-06-25 16:43:34.463   Time stamp of our file: 2026-04-30 03:02:22.000
2026-06-25 16:43:34.463   Dest file exists.
2026-06-25 16:43:34.463   Time stamp of existing file: 2026-04-30 03:02:22.000
2026-06-25 16:43:34.463   Installing the file.
2026-06-25 16:43:34.464   Successfully installed the file.
2026-06-25 16:43:34.464   -- File entry --
2026-06-25 16:43:34.464   Dest filename: C:\Program Files\SamaHesab\server\System.Runtime.Loader.dll
2026-06-25 16:43:34.464   Time stamp of our file: 2026-04-30 03:02:46.000
2026-06-25 16:43:34.464   Dest file exists.
2026-06-25 16:43:34.464   Time stamp of existing file: 2026-04-30 03:02:46.000
2026-06-25 16:43:34.464   Installing the file.
2026-06-25 16:43:34.466   Successfully installed the file.
2026-06-25 16:43:34.466   -- File entry --
2026-06-25 16:43:34.466   Dest filename: C:\Program Files\SamaHesab\server\System.Runtime.Numerics.dll
2026-06-25 16:43:34.466   Time stamp of our file: 2026-04-30 03:08:24.000
2026-06-25 16:43:34.466   Dest file exists.
2026-06-25 16:43:34.466   Time stamp of existing file: 2026-04-30 03:08:24.000
2026-06-25 16:43:34.466   Installing the file.
2026-06-25 16:43:34.474   Successfully installed the file.
2026-06-25 16:43:34.474   -- File entry --
2026-06-25 16:43:34.474   Dest filename: C:\Program Files\SamaHesab\server\System.Runtime.Serialization.dll
2026-06-25 16:43:34.475   Time stamp of our file: 2026-04-30 03:02:56.000
2026-06-25 16:43:34.475   Dest file exists.
2026-06-25 16:43:34.475   Time stamp of existing file: 2026-04-30 03:02:56.000
2026-06-25 16:43:34.475   Installing the file.
2026-06-25 16:43:34.476   Successfully installed the file.
2026-06-25 16:43:34.476   -- File entry --
2026-06-25 16:43:34.476   Dest filename: C:\Program Files\SamaHesab\server\System.Runtime.Serialization.Formatters.dll
2026-06-25 16:43:34.476   Time stamp of our file: 2026-04-30 03:08:26.000
2026-06-25 16:43:34.476   Dest file exists.
2026-06-25 16:43:34.476   Time stamp of existing file: 2026-04-30 03:08:26.000
2026-06-25 16:43:34.476   Installing the file.
2026-06-25 16:43:34.479   Successfully installed the file.
2026-06-25 16:43:34.479   -- File entry --
2026-06-25 16:43:34.479   Dest filename: C:\Program Files\SamaHesab\server\System.Runtime.Serialization.Json.dll
2026-06-25 16:43:34.479   Time stamp of our file: 2026-04-30 03:01:16.000
2026-06-25 16:43:34.479   Dest file exists.
2026-06-25 16:43:34.479   Time stamp of existing file: 2026-04-30 03:01:16.000
2026-06-25 16:43:34.479   Installing the file.
2026-06-25 16:43:34.481   Successfully installed the file.
2026-06-25 16:43:34.481   -- File entry --
2026-06-25 16:43:34.481   Dest filename: C:\Program Files\SamaHesab\server\System.Runtime.Serialization.Primitives.dll
2026-06-25 16:43:34.481   Time stamp of our file: 2026-04-30 03:08:26.000
2026-06-25 16:43:34.481   Dest file exists.
2026-06-25 16:43:34.481   Time stamp of existing file: 2026-04-30 03:08:26.000
2026-06-25 16:43:34.481   Installing the file.
2026-06-25 16:43:34.482   Successfully installed the file.
2026-06-25 16:43:34.482   -- File entry --
2026-06-25 16:43:34.482   Dest filename: C:\Program Files\SamaHesab\server\System.Runtime.Serialization.Xml.dll
2026-06-25 16:43:34.483   Time stamp of our file: 2026-04-30 03:02:04.000
2026-06-25 16:43:34.483   Dest file exists.
2026-06-25 16:43:34.483   Time stamp of existing file: 2026-04-30 03:02:04.000
2026-06-25 16:43:34.483   Installing the file.
2026-06-25 16:43:34.483   Successfully installed the file.
2026-06-25 16:43:34.483   -- File entry --
2026-06-25 16:43:34.484   Dest filename: C:\Program Files\SamaHesab\server\System.Security.AccessControl.dll
2026-06-25 16:43:34.484   Time stamp of our file: 2026-04-30 03:08:28.000
2026-06-25 16:43:34.484   Dest file exists.
2026-06-25 16:43:34.484   Time stamp of existing file: 2026-04-30 03:08:28.000
2026-06-25 16:43:34.484   Installing the file.
2026-06-25 16:43:34.490   Successfully installed the file.
2026-06-25 16:43:34.490   -- File entry --
2026-06-25 16:43:34.490   Dest filename: C:\Program Files\SamaHesab\server\System.Security.Claims.dll
2026-06-25 16:43:34.490   Time stamp of our file: 2026-04-30 03:08:30.000
2026-06-25 16:43:34.490   Dest file exists.
2026-06-25 16:43:34.490   Time stamp of existing file: 2026-04-30 03:08:30.000
2026-06-25 16:43:34.490   Installing the file.
2026-06-25 16:43:34.492   Successfully installed the file.
2026-06-25 16:43:34.492   -- File entry --
2026-06-25 16:43:34.492   Dest filename: C:\Program Files\SamaHesab\server\System.Security.Cryptography.Algorithms.dll
2026-06-25 16:43:34.492   Time stamp of our file: 2026-04-30 03:02:48.000
2026-06-25 16:43:34.492   Dest file exists.
2026-06-25 16:43:34.492   Time stamp of existing file: 2026-04-30 03:02:48.000
2026-06-25 16:43:34.492   Installing the file.
2026-06-25 16:43:34.494   Successfully installed the file.
2026-06-25 16:43:34.494   -- File entry --
2026-06-25 16:43:34.494   Dest filename: C:\Program Files\SamaHesab\server\System.Security.Cryptography.Cng.dll
2026-06-25 16:43:34.495   Time stamp of our file: 2026-04-30 03:03:06.000
2026-06-25 16:43:34.495   Dest file exists.
2026-06-25 16:43:34.495   Time stamp of existing file: 2026-04-30 03:03:06.000
2026-06-25 16:43:34.495   Installing the file.
2026-06-25 16:43:34.495   Successfully installed the file.
2026-06-25 16:43:34.496   -- File entry --
2026-06-25 16:43:34.496   Dest filename: C:\Program Files\SamaHesab\server\System.Security.Cryptography.Csp.dll
2026-06-25 16:43:34.496   Time stamp of our file: 2026-04-30 03:02:52.000
2026-06-25 16:43:34.496   Dest file exists.
2026-06-25 16:43:34.496   Time stamp of existing file: 2026-04-30 03:02:52.000
2026-06-25 16:43:34.496   Installing the file.
2026-06-25 16:43:34.496   Successfully installed the file.
2026-06-25 16:43:34.496   -- File entry --
2026-06-25 16:43:34.496   Dest filename: C:\Program Files\SamaHesab\server\System.Security.Cryptography.dll
2026-06-25 16:43:34.496   Time stamp of our file: 2026-04-30 03:08:32.000
2026-06-25 16:43:34.496   Dest file exists.
2026-06-25 16:43:34.496   Time stamp of existing file: 2026-04-30 03:08:32.000
2026-06-25 16:43:34.496   Installing the file.
2026-06-25 16:43:34.542   Successfully installed the file.
2026-06-25 16:43:34.542   -- File entry --
2026-06-25 16:43:34.542   Dest filename: C:\Program Files\SamaHesab\server\System.Security.Cryptography.Encoding.dll
2026-06-25 16:43:34.542   Time stamp of our file: 2026-04-30 03:02:46.000
2026-06-25 16:43:34.542   Dest file exists.
2026-06-25 16:43:34.542   Time stamp of existing file: 2026-04-30 03:02:46.000
2026-06-25 16:43:34.542   Installing the file.
2026-06-25 16:43:34.543   Successfully installed the file.
2026-06-25 16:43:34.543   -- File entry --
2026-06-25 16:43:34.543   Dest filename: C:\Program Files\SamaHesab\server\System.Security.Cryptography.OpenSsl.dll
2026-06-25 16:43:34.544   Time stamp of our file: 2026-04-30 03:02:52.000
2026-06-25 16:43:34.544   Dest file exists.
2026-06-25 16:43:34.544   Time stamp of existing file: 2026-04-30 03:02:52.000
2026-06-25 16:43:34.544   Installing the file.
2026-06-25 16:43:34.545   Successfully installed the file.
2026-06-25 16:43:34.545   -- File entry --
2026-06-25 16:43:34.545   Dest filename: C:\Program Files\SamaHesab\server\System.Security.Cryptography.Pkcs.dll
2026-06-25 16:43:34.545   Time stamp of our file: 2026-04-30 13:56:52.000
2026-06-25 16:43:34.545   Dest file exists.
2026-06-25 16:43:34.545   Time stamp of existing file: 2026-04-30 13:56:52.000
2026-06-25 16:43:34.545   Installing the file.
2026-06-25 16:43:34.560   Successfully installed the file.
2026-06-25 16:43:34.560   -- File entry --
2026-06-25 16:43:34.560   Dest filename: C:\Program Files\SamaHesab\server\System.Security.Cryptography.Primitives.dll
2026-06-25 16:43:34.562   Time stamp of our file: 2026-04-30 03:02:46.000
2026-06-25 16:43:34.562   Dest file exists.
2026-06-25 16:43:34.562   Time stamp of existing file: 2026-04-30 03:02:46.000
2026-06-25 16:43:34.562   Installing the file.
2026-06-25 16:43:34.563   Successfully installed the file.
2026-06-25 16:43:34.563   -- File entry --
2026-06-25 16:43:34.563   Dest filename: C:\Program Files\SamaHesab\server\System.Security.Cryptography.ProtectedData.dll
2026-06-25 16:43:34.563   Time stamp of our file: 2023-10-31 18:29:04.000
2026-06-25 16:43:34.563   Dest file exists.
2026-06-25 16:43:34.563   Time stamp of existing file: 2023-10-31 18:29:04.000
2026-06-25 16:43:34.563   Installing the file.
2026-06-25 16:43:34.564   Successfully installed the file.
2026-06-25 16:43:34.564   -- File entry --
2026-06-25 16:43:34.564   Dest filename: C:\Program Files\SamaHesab\server\System.Security.Cryptography.X509Certificates.dll
2026-06-25 16:43:34.564   Time stamp of our file: 2026-04-30 03:02:46.000
2026-06-25 16:43:34.564   Dest file exists.
2026-06-25 16:43:34.564   Time stamp of existing file: 2026-04-30 03:02:46.000
2026-06-25 16:43:34.564   Installing the file.
2026-06-25 16:43:34.565   Successfully installed the file.
2026-06-25 16:43:34.565   -- File entry --
2026-06-25 16:43:34.565   Dest filename: C:\Program Files\SamaHesab\server\System.Security.Cryptography.Xml.dll
2026-06-25 16:43:34.565   Time stamp of our file: 2026-04-30 13:56:52.000
2026-06-25 16:43:34.565   Dest file exists.
2026-06-25 16:43:34.565   Time stamp of existing file: 2026-04-30 13:56:52.000
2026-06-25 16:43:34.566   Installing the file.
2026-06-25 16:43:34.576   Successfully installed the file.
2026-06-25 16:43:34.576   -- File entry --
2026-06-25 16:43:34.576   Dest filename: C:\Program Files\SamaHesab\server\System.Security.dll
2026-06-25 16:43:34.576   Time stamp of our file: 2026-04-30 03:03:36.000
2026-06-25 16:43:34.576   Dest file exists.
2026-06-25 16:43:34.576   Time stamp of existing file: 2026-04-30 03:03:36.000
2026-06-25 16:43:34.576   Installing the file.
2026-06-25 16:43:34.577   Successfully installed the file.
2026-06-25 16:43:34.577   -- File entry --
2026-06-25 16:43:34.577   Dest filename: C:\Program Files\SamaHesab\server\System.Security.Principal.dll
2026-06-25 16:43:34.577   Time stamp of our file: 2026-04-30 03:02:40.000
2026-06-25 16:43:34.577   Dest file exists.
2026-06-25 16:43:34.577   Time stamp of existing file: 2026-04-30 03:02:40.000
2026-06-25 16:43:34.577   Installing the file.
2026-06-25 16:43:34.579   Successfully installed the file.
2026-06-25 16:43:34.579   -- File entry --
2026-06-25 16:43:34.579   Dest filename: C:\Program Files\SamaHesab\server\System.Security.Principal.Windows.dll
2026-06-25 16:43:34.579   Time stamp of our file: 2026-04-30 03:08:32.000
2026-06-25 16:43:34.580   Dest file exists.
2026-06-25 16:43:34.580   Time stamp of existing file: 2026-04-30 03:08:32.000
2026-06-25 16:43:34.580   Installing the file.
2026-06-25 16:43:34.584   Successfully installed the file.
2026-06-25 16:43:34.584   -- File entry --
2026-06-25 16:43:34.584   Dest filename: C:\Program Files\SamaHesab\server\System.Security.SecureString.dll
2026-06-25 16:43:34.584   Time stamp of our file: 2026-04-30 03:03:24.000
2026-06-25 16:43:34.584   Dest file exists.
2026-06-25 16:43:34.584   Time stamp of existing file: 2026-04-30 03:03:24.000
2026-06-25 16:43:34.584   Installing the file.
2026-06-25 16:43:34.585   Successfully installed the file.
2026-06-25 16:43:34.585   -- File entry --
2026-06-25 16:43:34.585   Dest filename: C:\Program Files\SamaHesab\server\System.ServiceModel.Web.dll
2026-06-25 16:43:34.585   Time stamp of our file: 2026-04-30 03:03:30.000
2026-06-25 16:43:34.585   Dest file exists.
2026-06-25 16:43:34.586   Time stamp of existing file: 2026-04-30 03:03:30.000
2026-06-25 16:43:34.586   Installing the file.
2026-06-25 16:43:34.586   Successfully installed the file.
2026-06-25 16:43:34.586   -- File entry --
2026-06-25 16:43:34.586   Dest filename: C:\Program Files\SamaHesab\server\System.ServiceProcess.dll
2026-06-25 16:43:34.587   Time stamp of our file: 2026-04-30 03:03:32.000
2026-06-25 16:43:34.587   Dest file exists.
2026-06-25 16:43:34.587   Time stamp of existing file: 2026-04-30 03:03:32.000
2026-06-25 16:43:34.587   Installing the file.
2026-06-25 16:43:34.587   Successfully installed the file.
2026-06-25 16:43:34.587   -- File entry --
2026-06-25 16:43:34.588   Dest filename: C:\Program Files\SamaHesab\server\System.ServiceProcess.ServiceController.dll
2026-06-25 16:43:34.588   Time stamp of our file: 2024-10-29 06:09:20.000
2026-06-25 16:43:34.588   Dest file exists.
2026-06-25 16:43:34.588   Time stamp of existing file: 2024-10-29 06:09:20.000
2026-06-25 16:43:34.588   Installing the file.
2026-06-25 16:43:34.590   Successfully installed the file.
2026-06-25 16:43:34.590   -- File entry --
2026-06-25 16:43:34.590   Dest filename: C:\Program Files\SamaHesab\server\System.Text.Encoding.CodePages.dll
2026-06-25 16:43:34.590   Time stamp of our file: 2026-04-30 03:08:34.000
2026-06-25 16:43:34.590   Dest file exists.
2026-06-25 16:43:34.590   Time stamp of existing file: 2026-04-30 03:08:34.000
2026-06-25 16:43:34.590   Installing the file.
2026-06-25 16:43:34.606   Successfully installed the file.
2026-06-25 16:43:34.607   -- File entry --
2026-06-25 16:43:34.607   Dest filename: C:\Program Files\SamaHesab\server\System.Text.Encoding.dll
2026-06-25 16:43:34.607   Time stamp of our file: 2026-04-30 03:02:42.000
2026-06-25 16:43:34.607   Dest file exists.
2026-06-25 16:43:34.607   Time stamp of existing file: 2026-04-30 03:02:42.000
2026-06-25 16:43:34.607   Installing the file.
2026-06-25 16:43:34.607   Successfully installed the file.
2026-06-25 16:43:34.607   -- File entry --
2026-06-25 16:43:34.607   Dest filename: C:\Program Files\SamaHesab\server\System.Text.Encoding.Extensions.dll
2026-06-25 16:43:34.608   Time stamp of our file: 2026-04-30 03:02:44.000
2026-06-25 16:43:34.608   Dest file exists.
2026-06-25 16:43:34.608   Time stamp of existing file: 2026-04-30 03:02:44.000
2026-06-25 16:43:34.608   Installing the file.
2026-06-25 16:43:34.608   Successfully installed the file.
2026-06-25 16:43:34.610   -- File entry --
2026-06-25 16:43:34.610   Dest filename: C:\Program Files\SamaHesab\server\System.Text.Encodings.Web.dll
2026-06-25 16:43:34.610   Time stamp of our file: 2026-04-30 03:08:36.000
2026-06-25 16:43:34.610   Dest file exists.
2026-06-25 16:43:34.610   Time stamp of existing file: 2026-04-30 03:08:36.000
2026-06-25 16:43:34.610   Installing the file.
2026-06-25 16:43:34.613   Successfully installed the file.
2026-06-25 16:43:34.613   -- File entry --
2026-06-25 16:43:34.613   Dest filename: C:\Program Files\SamaHesab\server\System.Text.Json.dll
2026-06-25 16:43:34.614   Time stamp of our file: 2026-04-30 03:08:38.000
2026-06-25 16:43:34.614   Dest file exists.
2026-06-25 16:43:34.614   Time stamp of existing file: 2026-04-30 03:08:38.000
2026-06-25 16:43:34.614   Installing the file.
2026-06-25 16:43:34.652   Successfully installed the file.
2026-06-25 16:43:34.652   -- File entry --
2026-06-25 16:43:34.652   Dest filename: C:\Program Files\SamaHesab\server\System.Text.RegularExpressions.dll
2026-06-25 16:43:34.652   Time stamp of our file: 2026-04-30 03:08:40.000
2026-06-25 16:43:34.652   Dest file exists.
2026-06-25 16:43:34.652   Time stamp of existing file: 2026-04-30 03:08:40.000
2026-06-25 16:43:34.652   Installing the file.
2026-06-25 16:43:34.677   Successfully installed the file.
2026-06-25 16:43:34.677   -- File entry --
2026-06-25 16:43:34.677   Dest filename: C:\Program Files\SamaHesab\server\System.Threading.Channels.dll
2026-06-25 16:43:34.678   Time stamp of our file: 2026-04-30 03:08:40.000
2026-06-25 16:43:34.678   Dest file exists.
2026-06-25 16:43:34.678   Time stamp of existing file: 2026-04-30 03:08:40.000
2026-06-25 16:43:34.678   Installing the file.
2026-06-25 16:43:34.681   Successfully installed the file.
2026-06-25 16:43:34.681   -- File entry --
2026-06-25 16:43:34.681   Dest filename: C:\Program Files\SamaHesab\server\System.Threading.dll
2026-06-25 16:43:34.681   Time stamp of our file: 2026-04-30 03:08:42.000
2026-06-25 16:43:34.681   Dest file exists.
2026-06-25 16:43:34.682   Time stamp of existing file: 2026-04-30 03:08:42.000
2026-06-25 16:43:34.682   Installing the file.
2026-06-25 16:43:34.683   Successfully installed the file.
2026-06-25 16:43:34.683   -- File entry --
2026-06-25 16:43:34.683   Dest filename: C:\Program Files\SamaHesab\server\System.Threading.Overlapped.dll
2026-06-25 16:43:34.684   Time stamp of our file: 2026-04-30 03:02:52.000
2026-06-25 16:43:34.684   Dest file exists.
2026-06-25 16:43:34.684   Time stamp of existing file: 2026-04-30 03:02:52.000
2026-06-25 16:43:34.684   Installing the file.
2026-06-25 16:43:34.684   Successfully installed the file.
2026-06-25 16:43:34.684   -- File entry --
2026-06-25 16:43:34.685   Dest filename: C:\Program Files\SamaHesab\server\System.Threading.RateLimiting.dll
2026-06-25 16:43:34.685   Time stamp of our file: 2026-04-30 13:56:52.000
2026-06-25 16:43:34.685   Dest file exists.
2026-06-25 16:43:34.685   Time stamp of existing file: 2026-04-30 13:56:52.000
2026-06-25 16:43:34.685   Installing the file.
2026-06-25 16:43:34.689   Successfully installed the file.
2026-06-25 16:43:34.690   -- File entry --
2026-06-25 16:43:34.690   Dest filename: C:\Program Files\SamaHesab\server\System.Threading.Tasks.Dataflow.dll
2026-06-25 16:43:34.690   Time stamp of our file: 2026-04-30 03:08:44.000
2026-06-25 16:43:34.690   Dest file exists.
2026-06-25 16:43:34.690   Time stamp of existing file: 2026-04-30 03:08:44.000
2026-06-25 16:43:34.690   Installing the file.
2026-06-25 16:43:34.701   Successfully installed the file.
2026-06-25 16:43:34.701   -- File entry --
2026-06-25 16:43:34.701   Dest filename: C:\Program Files\SamaHesab\server\System.Threading.Tasks.dll
2026-06-25 16:43:34.701   Time stamp of our file: 2026-04-30 03:02:38.000
2026-06-25 16:43:34.701   Dest file exists.
2026-06-25 16:43:34.701   Time stamp of existing file: 2026-04-30 03:02:38.000
2026-06-25 16:43:34.701   Installing the file.
2026-06-25 16:43:34.702   Successfully installed the file.
2026-06-25 16:43:34.702   -- File entry --
2026-06-25 16:43:34.702   Dest filename: C:\Program Files\SamaHesab\server\System.Threading.Tasks.Extensions.dll
2026-06-25 16:43:34.703   Time stamp of our file: 2026-04-30 03:02:38.000
2026-06-25 16:43:34.703   Dest file exists.
2026-06-25 16:43:34.703   Time stamp of existing file: 2026-04-30 03:02:38.000
2026-06-25 16:43:34.703   Installing the file.
2026-06-25 16:43:34.704   Successfully installed the file.
2026-06-25 16:43:34.704   -- File entry --
2026-06-25 16:43:34.704   Dest filename: C:\Program Files\SamaHesab\server\System.Threading.Tasks.Parallel.dll
2026-06-25 16:43:34.704   Time stamp of our file: 2026-04-30 03:08:46.000
2026-06-25 16:43:34.704   Dest file exists.
2026-06-25 16:43:34.704   Time stamp of existing file: 2026-04-30 03:08:46.000
2026-06-25 16:43:34.704   Installing the file.
2026-06-25 16:43:34.707   Successfully installed the file.
2026-06-25 16:43:34.707   -- File entry --
2026-06-25 16:43:34.707   Dest filename: C:\Program Files\SamaHesab\server\System.Threading.Thread.dll
2026-06-25 16:43:34.708   Time stamp of our file: 2026-04-30 03:01:38.000
2026-06-25 16:43:34.708   Dest file exists.
2026-06-25 16:43:34.708   Time stamp of existing file: 2026-04-30 03:01:38.000
2026-06-25 16:43:34.708   Installing the file.
2026-06-25 16:43:34.710   Successfully installed the file.
2026-06-25 16:43:34.710   -- File entry --
2026-06-25 16:43:34.710   Dest filename: C:\Program Files\SamaHesab\server\System.Threading.ThreadPool.dll
2026-06-25 16:43:34.710   Time stamp of our file: 2026-04-30 03:02:52.000
2026-06-25 16:43:34.710   Dest file exists.
2026-06-25 16:43:34.710   Time stamp of existing file: 2026-04-30 03:02:52.000
2026-06-25 16:43:34.710   Installing the file.
2026-06-25 16:43:34.711   Successfully installed the file.
2026-06-25 16:43:34.711   -- File entry --
2026-06-25 16:43:34.711   Dest filename: C:\Program Files\SamaHesab\server\System.Threading.Timer.dll
2026-06-25 16:43:34.711   Time stamp of our file: 2026-04-30 03:02:48.000
2026-06-25 16:43:34.711   Dest file exists.
2026-06-25 16:43:34.711   Time stamp of existing file: 2026-04-30 03:02:48.000
2026-06-25 16:43:34.712   Installing the file.
2026-06-25 16:43:34.712   Successfully installed the file.
2026-06-25 16:43:34.712   -- File entry --
2026-06-25 16:43:34.712   Dest filename: C:\Program Files\SamaHesab\server\System.Transactions.dll
2026-06-25 16:43:34.713   Time stamp of our file: 2026-04-30 03:03:24.000
2026-06-25 16:43:34.713   Dest file exists.
2026-06-25 16:43:34.713   Time stamp of existing file: 2026-04-30 03:03:24.000
2026-06-25 16:43:34.713   Installing the file.
2026-06-25 16:43:34.713   Successfully installed the file.
2026-06-25 16:43:34.714   -- File entry --
2026-06-25 16:43:34.714   Dest filename: C:\Program Files\SamaHesab\server\System.Transactions.Local.dll
2026-06-25 16:43:34.714   Time stamp of our file: 2026-04-30 03:08:46.000
2026-06-25 16:43:34.714   Dest file exists.
2026-06-25 16:43:34.714   Time stamp of existing file: 2026-04-30 03:08:46.000
2026-06-25 16:43:34.714   Installing the file.
2026-06-25 16:43:34.728   Successfully installed the file.
2026-06-25 16:43:34.728   -- File entry --
2026-06-25 16:43:34.728   Dest filename: C:\Program Files\SamaHesab\server\System.ValueTuple.dll
2026-06-25 16:43:34.728   Time stamp of our file: 2026-04-30 03:02:42.000
2026-06-25 16:43:34.728   Dest file exists.
2026-06-25 16:43:34.728   Time stamp of existing file: 2026-04-30 03:02:42.000
2026-06-25 16:43:34.728   Installing the file.
2026-06-25 16:43:34.729   Successfully installed the file.
2026-06-25 16:43:34.729   -- File entry --
2026-06-25 16:43:34.729   Dest filename: C:\Program Files\SamaHesab\server\System.Web.dll
2026-06-25 16:43:34.729   Time stamp of our file: 2026-04-30 03:02:56.000
2026-06-25 16:43:34.729   Dest file exists.
2026-06-25 16:43:34.729   Time stamp of existing file: 2026-04-30 03:02:56.000
2026-06-25 16:43:34.729   Installing the file.
2026-06-25 16:43:34.729   Successfully installed the file.
2026-06-25 16:43:34.729   -- File entry --
2026-06-25 16:43:34.729   Dest filename: C:\Program Files\SamaHesab\server\System.Web.HttpUtility.dll
2026-06-25 16:43:34.731   Time stamp of our file: 2026-04-30 03:08:48.000
2026-06-25 16:43:34.731   Dest file exists.
2026-06-25 16:43:34.731   Time stamp of existing file: 2026-04-30 03:08:48.000
2026-06-25 16:43:34.731   Installing the file.
2026-06-25 16:43:34.732   Successfully installed the file.
2026-06-25 16:43:34.732   -- File entry --
2026-06-25 16:43:34.733   Dest filename: C:\Program Files\SamaHesab\server\System.Windows.dll
2026-06-25 16:43:34.733   Time stamp of our file: 2026-04-30 03:02:42.000
2026-06-25 16:43:34.733   Dest file exists.
2026-06-25 16:43:34.733   Time stamp of existing file: 2026-04-30 03:02:42.000
2026-06-25 16:43:34.733   Installing the file.
2026-06-25 16:43:34.734   Successfully installed the file.
2026-06-25 16:43:34.734   -- File entry --
2026-06-25 16:43:34.734   Dest filename: C:\Program Files\SamaHesab\server\System.Xml.dll
2026-06-25 16:43:34.734   Time stamp of our file: 2026-04-30 03:02:42.000
2026-06-25 16:43:34.734   Dest file exists.
2026-06-25 16:43:34.734   Time stamp of existing file: 2026-04-30 03:02:42.000
2026-06-25 16:43:34.734   Installing the file.
2026-06-25 16:43:34.735   Successfully installed the file.
2026-06-25 16:43:34.735   -- File entry --
2026-06-25 16:43:34.735   Dest filename: C:\Program Files\SamaHesab\server\System.Xml.Linq.dll
2026-06-25 16:43:34.735   Time stamp of our file: 2026-04-30 03:02:58.000
2026-06-25 16:43:34.735   Dest file exists.
2026-06-25 16:43:34.735   Time stamp of existing file: 2026-04-30 03:02:58.000
2026-06-25 16:43:34.735   Installing the file.
2026-06-25 16:43:34.736   Successfully installed the file.
2026-06-25 16:43:34.736   -- File entry --
2026-06-25 16:43:34.736   Dest filename: C:\Program Files\SamaHesab\server\System.Xml.ReaderWriter.dll
2026-06-25 16:43:34.736   Time stamp of our file: 2026-04-30 03:02:18.000
2026-06-25 16:43:34.736   Dest file exists.
2026-06-25 16:43:34.736   Time stamp of existing file: 2026-04-30 03:02:18.000
2026-06-25 16:43:34.736   Installing the file.
2026-06-25 16:43:34.737   Successfully installed the file.
2026-06-25 16:43:34.737   -- File entry --
2026-06-25 16:43:34.737   Dest filename: C:\Program Files\SamaHesab\server\System.Xml.Serialization.dll
2026-06-25 16:43:34.737   Time stamp of our file: 2026-04-30 03:02:58.000
2026-06-25 16:43:34.738   Dest file exists.
2026-06-25 16:43:34.738   Time stamp of existing file: 2026-04-30 03:02:58.000
2026-06-25 16:43:34.738   Installing the file.
2026-06-25 16:43:34.738   Successfully installed the file.
2026-06-25 16:43:34.738   -- File entry --
2026-06-25 16:43:34.738   Dest filename: C:\Program Files\SamaHesab\server\System.Xml.XDocument.dll
2026-06-25 16:43:34.739   Time stamp of our file: 2026-04-30 03:02:58.000
2026-06-25 16:43:34.739   Dest file exists.
2026-06-25 16:43:34.739   Time stamp of existing file: 2026-04-30 03:02:58.000
2026-06-25 16:43:34.739   Installing the file.
2026-06-25 16:43:34.739   Successfully installed the file.
2026-06-25 16:43:34.739   -- File entry --
2026-06-25 16:43:34.739   Dest filename: C:\Program Files\SamaHesab\server\System.Xml.XmlDocument.dll
2026-06-25 16:43:34.740   Time stamp of our file: 2026-04-30 03:02:42.000
2026-06-25 16:43:34.740   Dest file exists.
2026-06-25 16:43:34.740   Time stamp of existing file: 2026-04-30 03:02:42.000
2026-06-25 16:43:34.740   Installing the file.
2026-06-25 16:43:34.740   Successfully installed the file.
2026-06-25 16:43:34.740   -- File entry --
2026-06-25 16:43:34.741   Dest filename: C:\Program Files\SamaHesab\server\System.Xml.XmlSerializer.dll
2026-06-25 16:43:34.741   Time stamp of our file: 2026-04-30 03:02:16.000
2026-06-25 16:43:34.741   Dest file exists.
2026-06-25 16:43:34.741   Time stamp of existing file: 2026-04-30 03:02:16.000
2026-06-25 16:43:34.741   Installing the file.
2026-06-25 16:43:34.741   Successfully installed the file.
2026-06-25 16:43:34.741   -- File entry --
2026-06-25 16:43:34.741   Dest filename: C:\Program Files\SamaHesab\server\System.Xml.XPath.dll
2026-06-25 16:43:34.741   Time stamp of our file: 2026-04-30 03:02:14.000
2026-06-25 16:43:34.741   Dest file exists.
2026-06-25 16:43:34.741   Time stamp of existing file: 2026-04-30 03:02:14.000
2026-06-25 16:43:34.741   Installing the file.
2026-06-25 16:43:34.743   Successfully installed the file.
2026-06-25 16:43:34.743   -- File entry --
2026-06-25 16:43:34.743   Dest filename: C:\Program Files\SamaHesab\server\System.Xml.XPath.XDocument.dll
2026-06-25 16:43:34.743   Time stamp of our file: 2026-04-30 03:08:50.000
2026-06-25 16:43:34.743   Dest file exists.
2026-06-25 16:43:34.743   Time stamp of existing file: 2026-04-30 03:08:50.000
2026-06-25 16:43:34.743   Installing the file.
2026-06-25 16:43:34.744   Successfully installed the file.
2026-06-25 16:43:34.744   -- File entry --
2026-06-25 16:43:34.744   Dest filename: C:\Program Files\SamaHesab\server\web.config
2026-06-25 16:43:34.745   Time stamp of our file: 2026-06-25 16:40:18.000
2026-06-25 16:43:34.745   Dest file exists.
2026-06-25 16:43:34.745   Time stamp of existing file: 2026-06-24 18:34:10.000
2026-06-25 16:43:34.745   Installing the file.
2026-06-25 16:43:34.745   Successfully installed the file.
2026-06-25 16:43:34.746   -- File entry --
2026-06-25 16:43:34.746   Dest filename: C:\Program Files\SamaHesab\server\WindowsBase.dll
2026-06-25 16:43:34.746   Time stamp of our file: 2026-04-30 03:03:28.000
2026-06-25 16:43:34.746   Dest file exists.
2026-06-25 16:43:34.746   Time stamp of existing file: 2026-04-30 03:03:28.000
2026-06-25 16:43:34.746   Installing the file.
2026-06-25 16:43:34.747   Successfully installed the file.
2026-06-25 16:43:34.747   -- File entry --
2026-06-25 16:43:34.747   Dest filename: C:\Program Files\SamaHesab\server\de\Microsoft.Data.SqlClient.resources.dll
2026-06-25 16:43:34.747   Time stamp of our file: 2024-08-27 22:16:52.000
2026-06-25 16:43:34.747   Dest file exists.
2026-06-25 16:43:34.747   Time stamp of existing file: 2024-08-27 22:16:52.000
2026-06-25 16:43:34.747   Installing the file.
2026-06-25 16:43:34.752   Successfully installed the file.
2026-06-25 16:43:34.752   -- File entry --
2026-06-25 16:43:34.752   Dest filename: C:\Program Files\SamaHesab\server\de\PdfSharpCore.resources.dll
2026-06-25 16:43:34.752   Time stamp of our file: 2024-07-13 19:34:32.000
2026-06-25 16:43:34.752   Dest file exists.
2026-06-25 16:43:34.752   Time stamp of existing file: 2024-07-13 19:34:32.000
2026-06-25 16:43:34.752   Installing the file.
2026-06-25 16:43:34.753   Successfully installed the file.
2026-06-25 16:43:34.753   -- File entry --
2026-06-25 16:43:34.753   Dest filename: C:\Program Files\SamaHesab\server\es\Microsoft.Data.SqlClient.resources.dll
2026-06-25 16:43:34.753   Time stamp of our file: 2024-08-27 22:16:52.000
2026-06-25 16:43:34.753   Dest file exists.
2026-06-25 16:43:34.753   Time stamp of existing file: 2024-08-27 22:16:52.000
2026-06-25 16:43:34.753   Installing the file.
2026-06-25 16:43:34.757   Successfully installed the file.
2026-06-25 16:43:34.757   -- File entry --
2026-06-25 16:43:34.757   Dest filename: C:\Program Files\SamaHesab\server\fr\Microsoft.Data.SqlClient.resources.dll
2026-06-25 16:43:34.757   Time stamp of our file: 2024-08-27 22:16:50.000
2026-06-25 16:43:34.757   Dest file exists.
2026-06-25 16:43:34.758   Time stamp of existing file: 2024-08-27 22:16:50.000
2026-06-25 16:43:34.758   Installing the file.
2026-06-25 16:43:34.761   Successfully installed the file.
2026-06-25 16:43:34.761   -- File entry --
2026-06-25 16:43:34.761   Dest filename: C:\Program Files\SamaHesab\server\it\Microsoft.Data.SqlClient.resources.dll
2026-06-25 16:43:34.761   Time stamp of our file: 2024-08-27 22:17:06.000
2026-06-25 16:43:34.761   Dest file exists.
2026-06-25 16:43:34.761   Time stamp of existing file: 2024-08-27 22:17:06.000
2026-06-25 16:43:34.761   Installing the file.
2026-06-25 16:43:34.766   Successfully installed the file.
2026-06-25 16:43:34.766   -- File entry --
2026-06-25 16:43:34.766   Dest filename: C:\Program Files\SamaHesab\server\ja\Microsoft.Data.SqlClient.resources.dll
2026-06-25 16:43:34.766   Time stamp of our file: 2024-08-27 22:17:06.000
2026-06-25 16:43:34.766   Dest file exists.
2026-06-25 16:43:34.766   Time stamp of existing file: 2024-08-27 22:17:06.000
2026-06-25 16:43:34.766   Installing the file.
2026-06-25 16:43:34.770   Successfully installed the file.
2026-06-25 16:43:34.771   -- File entry --
2026-06-25 16:43:34.771   Dest filename: C:\Program Files\SamaHesab\server\ko\Microsoft.Data.SqlClient.resources.dll
2026-06-25 16:43:34.771   Time stamp of our file: 2024-08-27 22:17:06.000
2026-06-25 16:43:34.771   Dest file exists.
2026-06-25 16:43:34.771   Time stamp of existing file: 2024-08-27 22:17:06.000
2026-06-25 16:43:34.771   Installing the file.
2026-06-25 16:43:34.774   Successfully installed the file.
2026-06-25 16:43:34.774   -- File entry --
2026-06-25 16:43:34.774   Dest filename: C:\Program Files\SamaHesab\server\LatoFont\Lato-Black.ttf
2026-06-25 16:43:34.774   Time stamp of our file: 2026-06-10 18:30:48.000
2026-06-25 16:43:34.774   Dest file exists.
2026-06-25 16:43:34.774   Time stamp of existing file: 2026-06-10 18:30:48.000
2026-06-25 16:43:34.776   Installing the file.
2026-06-25 16:43:34.790   Successfully installed the file.
2026-06-25 16:43:34.790   -- File entry --
2026-06-25 16:43:34.790   Dest filename: C:\Program Files\SamaHesab\server\LatoFont\Lato-BlackItalic.ttf
2026-06-25 16:43:34.791   Time stamp of our file: 2026-06-10 18:30:48.000
2026-06-25 16:43:34.791   Dest file exists.
2026-06-25 16:43:34.791   Time stamp of existing file: 2026-06-10 18:30:48.000
2026-06-25 16:43:34.791   Installing the file.
2026-06-25 16:43:34.805   Successfully installed the file.
2026-06-25 16:43:34.805   -- File entry --
2026-06-25 16:43:34.805   Dest filename: C:\Program Files\SamaHesab\server\LatoFont\Lato-Bold.ttf
2026-06-25 16:43:34.805   Time stamp of our file: 2026-06-10 18:30:48.000
2026-06-25 16:43:34.805   Dest file exists.
2026-06-25 16:43:34.805   Time stamp of existing file: 2026-06-10 18:30:48.000
2026-06-25 16:43:34.805   Installing the file.
2026-06-25 16:43:34.817   Successfully installed the file.
2026-06-25 16:43:34.817   -- File entry --
2026-06-25 16:43:34.818   Dest filename: C:\Program Files\SamaHesab\server\LatoFont\Lato-BoldItalic.ttf
2026-06-25 16:43:34.818   Time stamp of our file: 2026-06-10 18:30:48.000
2026-06-25 16:43:34.818   Dest file exists.
2026-06-25 16:43:34.818   Time stamp of existing file: 2026-06-10 18:30:48.000
2026-06-25 16:43:34.818   Installing the file.
2026-06-25 16:43:34.828   Successfully installed the file.
2026-06-25 16:43:34.830   -- File entry --
2026-06-25 16:43:34.830   Dest filename: C:\Program Files\SamaHesab\server\LatoFont\Lato-ExtraBold.ttf
2026-06-25 16:43:34.830   Time stamp of our file: 2026-06-10 18:30:48.000
2026-06-25 16:43:34.830   Dest file exists.
2026-06-25 16:43:34.830   Time stamp of existing file: 2026-06-10 18:30:48.000
2026-06-25 16:43:34.830   Installing the file.
2026-06-25 16:43:34.839   Successfully installed the file.
2026-06-25 16:43:34.839   -- File entry --
2026-06-25 16:43:34.841   Dest filename: C:\Program Files\SamaHesab\server\LatoFont\Lato-ExtraBoldItalic.ttf
2026-06-25 16:43:34.841   Time stamp of our file: 2026-06-10 18:30:48.000
2026-06-25 16:43:34.841   Dest file exists.
2026-06-25 16:43:34.841   Time stamp of existing file: 2026-06-10 18:30:48.000
2026-06-25 16:43:34.841   Installing the file.
2026-06-25 16:43:34.852   Successfully installed the file.
2026-06-25 16:43:34.853   -- File entry --
2026-06-25 16:43:34.853   Dest filename: C:\Program Files\SamaHesab\server\LatoFont\Lato-ExtraLight.ttf
2026-06-25 16:43:34.853   Time stamp of our file: 2026-06-10 18:30:48.000
2026-06-25 16:43:34.853   Dest file exists.
2026-06-25 16:43:34.853   Time stamp of existing file: 2026-06-10 18:30:48.000
2026-06-25 16:43:34.853   Installing the file.
2026-06-25 16:43:34.865   Successfully installed the file.
2026-06-25 16:43:34.865   -- File entry --
2026-06-25 16:43:34.865   Dest filename: C:\Program Files\SamaHesab\server\LatoFont\Lato-ExtraLightItalic.ttf
2026-06-25 16:43:34.865   Time stamp of our file: 2026-06-10 18:30:48.000
2026-06-25 16:43:34.865   Dest file exists.
2026-06-25 16:43:34.865   Time stamp of existing file: 2026-06-10 18:30:48.000
2026-06-25 16:43:34.865   Installing the file.
2026-06-25 16:43:34.878   Successfully installed the file.
2026-06-25 16:43:34.878   -- File entry --
2026-06-25 16:43:34.878   Dest filename: C:\Program Files\SamaHesab\server\LatoFont\Lato-Italic.ttf
2026-06-25 16:43:34.878   Time stamp of our file: 2026-06-10 18:30:48.000
2026-06-25 16:43:34.878   Dest file exists.
2026-06-25 16:43:34.878   Time stamp of existing file: 2026-06-10 18:30:48.000
2026-06-25 16:43:34.878   Installing the file.
2026-06-25 16:43:34.891   Successfully installed the file.
2026-06-25 16:43:34.891   -- File entry --
2026-06-25 16:43:34.891   Dest filename: C:\Program Files\SamaHesab\server\LatoFont\Lato-Light.ttf
2026-06-25 16:43:34.891   Time stamp of our file: 2026-06-10 18:30:48.000
2026-06-25 16:43:34.891   Dest file exists.
2026-06-25 16:43:34.891   Time stamp of existing file: 2026-06-10 18:30:48.000
2026-06-25 16:43:34.891   Installing the file.
2026-06-25 16:43:34.903   Successfully installed the file.
2026-06-25 16:43:34.903   -- File entry --
2026-06-25 16:43:34.903   Dest filename: C:\Program Files\SamaHesab\server\LatoFont\Lato-LightItalic.ttf
2026-06-25 16:43:34.903   Time stamp of our file: 2026-06-10 18:30:48.000
2026-06-25 16:43:34.903   Dest file exists.
2026-06-25 16:43:34.903   Time stamp of existing file: 2026-06-10 18:30:48.000
2026-06-25 16:43:34.903   Installing the file.
2026-06-25 16:43:34.915   Successfully installed the file.
2026-06-25 16:43:34.915   -- File entry --
2026-06-25 16:43:34.915   Dest filename: C:\Program Files\SamaHesab\server\LatoFont\Lato-Medium.ttf
2026-06-25 16:43:34.915   Time stamp of our file: 2026-06-10 18:30:48.000
2026-06-25 16:43:34.915   Dest file exists.
2026-06-25 16:43:34.915   Time stamp of existing file: 2026-06-10 18:30:48.000
2026-06-25 16:43:34.915   Installing the file.
2026-06-25 16:43:34.926   Successfully installed the file.
2026-06-25 16:43:34.926   -- File entry --
2026-06-25 16:43:34.926   Dest filename: C:\Program Files\SamaHesab\server\LatoFont\Lato-MediumItalic.ttf
2026-06-25 16:43:34.926   Time stamp of our file: 2026-06-10 18:30:48.000
2026-06-25 16:43:34.926   Dest file exists.
2026-06-25 16:43:34.926   Time stamp of existing file: 2026-06-10 18:30:48.000
2026-06-25 16:43:34.927   Installing the file.
2026-06-25 16:43:34.938   Successfully installed the file.
2026-06-25 16:43:34.938   -- File entry --
2026-06-25 16:43:34.938   Dest filename: C:\Program Files\SamaHesab\server\LatoFont\Lato-Regular.ttf
2026-06-25 16:43:34.938   Time stamp of our file: 2026-06-10 18:30:48.000
2026-06-25 16:43:34.938   Dest file exists.
2026-06-25 16:43:34.939   Time stamp of existing file: 2026-06-10 18:30:48.000
2026-06-25 16:43:34.939   Installing the file.
2026-06-25 16:43:34.950   Successfully installed the file.
2026-06-25 16:43:34.950   -- File entry --
2026-06-25 16:43:34.950   Dest filename: C:\Program Files\SamaHesab\server\LatoFont\Lato-SemiBold.ttf
2026-06-25 16:43:34.950   Time stamp of our file: 2026-06-10 18:30:48.000
2026-06-25 16:43:34.950   Dest file exists.
2026-06-25 16:43:34.950   Time stamp of existing file: 2026-06-10 18:30:48.000
2026-06-25 16:43:34.950   Installing the file.
2026-06-25 16:43:34.960   Successfully installed the file.
2026-06-25 16:43:34.960   -- File entry --
2026-06-25 16:43:34.960   Dest filename: C:\Program Files\SamaHesab\server\LatoFont\Lato-SemiBoldItalic.ttf
2026-06-25 16:43:34.960   Time stamp of our file: 2026-06-10 18:30:48.000
2026-06-25 16:43:34.960   Dest file exists.
2026-06-25 16:43:34.960   Time stamp of existing file: 2026-06-10 18:30:48.000
2026-06-25 16:43:34.960   Installing the file.
2026-06-25 16:43:34.971   Successfully installed the file.
2026-06-25 16:43:34.971   -- File entry --
2026-06-25 16:43:34.971   Dest filename: C:\Program Files\SamaHesab\server\LatoFont\Lato-Thin.ttf
2026-06-25 16:43:34.973   Time stamp of our file: 2026-06-10 18:30:48.000
2026-06-25 16:43:34.973   Dest file exists.
2026-06-25 16:43:34.973   Time stamp of existing file: 2026-06-10 18:30:48.000
2026-06-25 16:43:34.973   Installing the file.
2026-06-25 16:43:34.984   Successfully installed the file.
2026-06-25 16:43:34.984   -- File entry --
2026-06-25 16:43:34.984   Dest filename: C:\Program Files\SamaHesab\server\LatoFont\Lato-ThinItalic.ttf
2026-06-25 16:43:34.984   Time stamp of our file: 2026-06-10 18:30:48.000
2026-06-25 16:43:34.984   Dest file exists.
2026-06-25 16:43:34.984   Time stamp of existing file: 2026-06-10 18:30:48.000
2026-06-25 16:43:34.984   Installing the file.
2026-06-25 16:43:34.994   Successfully installed the file.
2026-06-25 16:43:34.994   -- File entry --
2026-06-25 16:43:34.995   Dest filename: C:\Program Files\SamaHesab\server\LatoFont\OFL.txt
2026-06-25 16:43:34.995   Time stamp of our file: 2026-06-10 18:30:48.000
2026-06-25 16:43:34.995   Dest file exists.
2026-06-25 16:43:34.995   Time stamp of existing file: 2026-06-10 18:30:48.000
2026-06-25 16:43:34.995   Installing the file.
2026-06-25 16:43:34.995   Successfully installed the file.
2026-06-25 16:43:34.995   -- File entry --
2026-06-25 16:43:34.995   Dest filename: C:\Program Files\SamaHesab\server\pt-BR\Microsoft.Data.SqlClient.resources.dll
2026-06-25 16:43:34.997   Time stamp of our file: 2024-08-27 22:16:52.000
2026-06-25 16:43:34.997   Dest file exists.
2026-06-25 16:43:34.997   Time stamp of existing file: 2024-08-27 22:16:52.000
2026-06-25 16:43:34.997   Installing the file.
2026-06-25 16:43:35.000   Successfully installed the file.
2026-06-25 16:43:35.001   -- File entry --
2026-06-25 16:43:35.001   Dest filename: C:\Program Files\SamaHesab\server\ru\Microsoft.Data.SqlClient.resources.dll
2026-06-25 16:43:35.001   Time stamp of our file: 2024-08-27 22:16:52.000
2026-06-25 16:43:35.001   Dest file exists.
2026-06-25 16:43:35.001   Time stamp of existing file: 2024-08-27 22:16:52.000
2026-06-25 16:43:35.001   Installing the file.
2026-06-25 16:43:35.005   Successfully installed the file.
2026-06-25 16:43:35.005   -- File entry --
2026-06-25 16:43:35.005   Dest filename: C:\Program Files\SamaHesab\server\wwwroot\app\app.js
2026-06-25 16:43:35.006   Time stamp of our file: 2026-06-20 12:30:38.000
2026-06-25 16:43:35.006   Dest file exists.
2026-06-25 16:43:35.006   Time stamp of existing file: 2026-06-20 12:30:38.000
2026-06-25 16:43:35.006   Installing the file.
2026-06-25 16:43:35.007   Successfully installed the file.
2026-06-25 16:43:35.007   -- File entry --
2026-06-25 16:43:35.007   Dest filename: C:\Program Files\SamaHesab\server\wwwroot\app\app.js.br
2026-06-25 16:43:35.007   Time stamp of our file: 2026-06-21 11:45:24.000
2026-06-25 16:43:35.007   Dest file exists.
2026-06-25 16:43:35.007   Time stamp of existing file: 2026-06-21 11:45:24.000
2026-06-25 16:43:35.007   Installing the file.
2026-06-25 16:43:35.008   Successfully installed the file.
2026-06-25 16:43:35.008   -- File entry --
2026-06-25 16:43:35.008   Dest filename: C:\Program Files\SamaHesab\server\wwwroot\app\app.js.gz
2026-06-25 16:43:35.008   Time stamp of our file: 2026-06-21 11:45:22.000
2026-06-25 16:43:35.008   Dest file exists.
2026-06-25 16:43:35.008   Time stamp of existing file: 2026-06-21 11:45:22.000
2026-06-25 16:43:35.008   Installing the file.
2026-06-25 16:43:35.009   Successfully installed the file.
2026-06-25 16:43:35.009   -- File entry --
2026-06-25 16:43:35.009   Dest filename: C:\Program Files\SamaHesab\server\wwwroot\app\icon.svg
2026-06-25 16:43:35.010   Time stamp of our file: 2026-06-20 12:30:38.000
2026-06-25 16:43:35.010   Dest file exists.
2026-06-25 16:43:35.010   Time stamp of existing file: 2026-06-20 12:30:38.000
2026-06-25 16:43:35.010   Installing the file.
2026-06-25 16:43:35.010   Successfully installed the file.
2026-06-25 16:43:35.010   -- File entry --
2026-06-25 16:43:35.010   Dest filename: C:\Program Files\SamaHesab\server\wwwroot\app\icon.svg.br
2026-06-25 16:43:35.012   Time stamp of our file: 2026-06-21 11:45:24.000
2026-06-25 16:43:35.012   Dest file exists.
2026-06-25 16:43:35.012   Time stamp of existing file: 2026-06-21 11:45:24.000
2026-06-25 16:43:35.012   Installing the file.
2026-06-25 16:43:35.012   Successfully installed the file.
2026-06-25 16:43:35.012   -- File entry --
2026-06-25 16:43:35.012   Dest filename: C:\Program Files\SamaHesab\server\wwwroot\app\icon.svg.gz
2026-06-25 16:43:35.012   Time stamp of our file: 2026-06-21 11:45:22.000
2026-06-25 16:43:35.012   Dest file exists.
2026-06-25 16:43:35.012   Time stamp of existing file: 2026-06-21 11:45:22.000
2026-06-25 16:43:35.012   Installing the file.
2026-06-25 16:43:35.013   Successfully installed the file.
2026-06-25 16:43:35.013   -- File entry --
2026-06-25 16:43:35.013   Dest filename: C:\Program Files\SamaHesab\server\wwwroot\app\index.html
2026-06-25 16:43:35.013   Time stamp of our file: 2026-06-20 12:30:38.000
2026-06-25 16:43:35.013   Dest file exists.
2026-06-25 16:43:35.013   Time stamp of existing file: 2026-06-20 12:30:38.000
2026-06-25 16:43:35.013   Installing the file.
2026-06-25 16:43:35.015   Successfully installed the file.
2026-06-25 16:43:35.015   -- File entry --
2026-06-25 16:43:35.015   Dest filename: C:\Program Files\SamaHesab\server\wwwroot\app\index.html.br
2026-06-25 16:43:35.015   Time stamp of our file: 2026-06-21 11:45:24.000
2026-06-25 16:43:35.015   Dest file exists.
2026-06-25 16:43:35.015   Time stamp of existing file: 2026-06-21 11:45:24.000
2026-06-25 16:43:35.015   Installing the file.
2026-06-25 16:43:35.016   Successfully installed the file.
2026-06-25 16:43:35.016   -- File entry --
2026-06-25 16:43:35.016   Dest filename: C:\Program Files\SamaHesab\server\wwwroot\app\index.html.gz
2026-06-25 16:43:35.016   Time stamp of our file: 2026-06-21 11:45:22.000
2026-06-25 16:43:35.016   Dest file exists.
2026-06-25 16:43:35.016   Time stamp of existing file: 2026-06-21 11:45:22.000
2026-06-25 16:43:35.016   Installing the file.
2026-06-25 16:43:35.017   Successfully installed the file.
2026-06-25 16:43:35.017   -- File entry --
2026-06-25 16:43:35.017   Dest filename: C:\Program Files\SamaHesab\server\wwwroot\app\manifest.webmanifest
2026-06-25 16:43:35.017   Time stamp of our file: 2026-06-20 12:30:38.000
2026-06-25 16:43:35.017   Dest file exists.
2026-06-25 16:43:35.017   Time stamp of existing file: 2026-06-20 12:30:38.000
2026-06-25 16:43:35.017   Installing the file.
2026-06-25 16:43:35.018   Successfully installed the file.
2026-06-25 16:43:35.018   -- File entry --
2026-06-25 16:43:35.018   Dest filename: C:\Program Files\SamaHesab\server\wwwroot\app\manifest.webmanifest.br
2026-06-25 16:43:35.018   Time stamp of our file: 2026-06-21 11:45:24.000
2026-06-25 16:43:35.018   Dest file exists.
2026-06-25 16:43:35.018   Time stamp of existing file: 2026-06-21 11:45:24.000
2026-06-25 16:43:35.018   Installing the file.
2026-06-25 16:43:35.019   Successfully installed the file.
2026-06-25 16:43:35.019   -- File entry --
2026-06-25 16:43:35.019   Dest filename: C:\Program Files\SamaHesab\server\wwwroot\app\manifest.webmanifest.gz
2026-06-25 16:43:35.019   Time stamp of our file: 2026-06-21 11:45:22.000
2026-06-25 16:43:35.019   Dest file exists.
2026-06-25 16:43:35.019   Time stamp of existing file: 2026-06-21 11:45:22.000
2026-06-25 16:43:35.019   Installing the file.
2026-06-25 16:43:35.020   Successfully installed the file.
2026-06-25 16:43:35.020   -- File entry --
2026-06-25 16:43:35.020   Dest filename: C:\Program Files\SamaHesab\server\wwwroot\app\styles.css
2026-06-25 16:43:35.020   Time stamp of our file: 2026-06-20 12:30:38.000
2026-06-25 16:43:35.020   Dest file exists.
2026-06-25 16:43:35.020   Time stamp of existing file: 2026-06-20 12:30:38.000
2026-06-25 16:43:35.020   Installing the file.
2026-06-25 16:43:35.021   Successfully installed the file.
2026-06-25 16:43:35.021   -- File entry --
2026-06-25 16:43:35.021   Dest filename: C:\Program Files\SamaHesab\server\wwwroot\app\styles.css.br
2026-06-25 16:43:35.021   Time stamp of our file: 2026-06-21 11:45:24.000
2026-06-25 16:43:35.021   Dest file exists.
2026-06-25 16:43:35.021   Time stamp of existing file: 2026-06-21 11:45:24.000
2026-06-25 16:43:35.021   Installing the file.
2026-06-25 16:43:35.022   Successfully installed the file.
2026-06-25 16:43:35.022   -- File entry --
2026-06-25 16:43:35.022   Dest filename: C:\Program Files\SamaHesab\server\wwwroot\app\styles.css.gz
2026-06-25 16:43:35.022   Time stamp of our file: 2026-06-21 11:45:22.000
2026-06-25 16:43:35.022   Dest file exists.
2026-06-25 16:43:35.022   Time stamp of existing file: 2026-06-21 11:45:22.000
2026-06-25 16:43:35.022   Installing the file.
2026-06-25 16:43:35.023   Successfully installed the file.
2026-06-25 16:43:35.023   -- File entry --
2026-06-25 16:43:35.023   Dest filename: C:\Program Files\SamaHesab\server\wwwroot\app\sw.js
2026-06-25 16:43:35.023   Time stamp of our file: 2026-06-20 12:30:38.000
2026-06-25 16:43:35.023   Dest file exists.
2026-06-25 16:43:35.023   Time stamp of existing file: 2026-06-20 12:30:38.000
2026-06-25 16:43:35.023   Installing the file.
2026-06-25 16:43:35.024   Successfully installed the file.
2026-06-25 16:43:35.024   -- File entry --
2026-06-25 16:43:35.024   Dest filename: C:\Program Files\SamaHesab\server\wwwroot\app\sw.js.br
2026-06-25 16:43:35.024   Time stamp of our file: 2026-06-21 11:45:24.000
2026-06-25 16:43:35.024   Dest file exists.
2026-06-25 16:43:35.024   Time stamp of existing file: 2026-06-21 11:45:24.000
2026-06-25 16:43:35.024   Installing the file.
2026-06-25 16:43:35.025   Successfully installed the file.
2026-06-25 16:43:35.025   -- File entry --
2026-06-25 16:43:35.025   Dest filename: C:\Program Files\SamaHesab\server\wwwroot\app\sw.js.gz
2026-06-25 16:43:35.025   Time stamp of our file: 2026-06-21 11:45:22.000
2026-06-25 16:43:35.025   Dest file exists.
2026-06-25 16:43:35.025   Time stamp of existing file: 2026-06-21 11:45:22.000
2026-06-25 16:43:35.025   Installing the file.
2026-06-25 16:43:35.026   Successfully installed the file.
2026-06-25 16:43:35.026   -- File entry --
2026-06-25 16:43:35.026   Dest filename: C:\Program Files\SamaHesab\server\zh-Hans\Microsoft.Data.SqlClient.resources.dll
2026-06-25 16:43:35.026   Time stamp of our file: 2024-08-27 22:16:52.000
2026-06-25 16:43:35.026   Dest file exists.
2026-06-25 16:43:35.026   Time stamp of existing file: 2024-08-27 22:16:52.000
2026-06-25 16:43:35.026   Installing the file.
2026-06-25 16:43:35.030   Successfully installed the file.
2026-06-25 16:43:35.030   -- File entry --
2026-06-25 16:43:35.030   Dest filename: C:\Program Files\SamaHesab\server\zh-Hant\Microsoft.Data.SqlClient.resources.dll
2026-06-25 16:43:35.030   Time stamp of our file: 2024-08-27 22:16:52.000
2026-06-25 16:43:35.030   Dest file exists.
2026-06-25 16:43:35.030   Time stamp of existing file: 2024-08-27 22:16:52.000
2026-06-25 16:43:35.030   Installing the file.
2026-06-25 16:43:35.034   Successfully installed the file.
2026-06-25 16:43:35.034   -- File entry --
2026-06-25 16:43:35.034   Dest filename: C:\Program Files\SamaHesab\docs\UserGuide.pdf
2026-06-25 16:43:35.034   Time stamp of our file: 2026-06-20 12:30:38.000
2026-06-25 16:43:35.034   Dest file exists.
2026-06-25 16:43:35.034   Time stamp of existing file: 2026-06-20 12:30:38.000
2026-06-25 16:43:35.034   Installing the file.
2026-06-25 16:43:35.039   Successfully installed the file.
2026-06-25 16:43:35.039   -- File entry --
2026-06-25 16:43:35.039   Dest filename: C:\Program Files\SamaHesab\docs\Tutorial.pdf
2026-06-25 16:43:35.039   Time stamp of our file: 2026-06-20 12:30:38.000
2026-06-25 16:43:35.039   Dest file exists.
2026-06-25 16:43:35.039   Time stamp of existing file: 2026-06-20 12:30:38.000
2026-06-25 16:43:35.039   Installing the file.
2026-06-25 16:43:35.045   Successfully installed the file.
2026-06-25 16:43:35.046   -- File entry --
2026-06-25 16:43:35.046   Dest filename: C:\Program Files\SamaHesab\database\01_CreateDatabase.sql
2026-06-25 16:43:35.046   Time stamp of our file: 2026-06-20 12:30:38.000
2026-06-25 16:43:35.046   Dest file exists.
2026-06-25 16:43:35.046   Time stamp of existing file: 2026-06-20 12:30:38.000
2026-06-25 16:43:35.046   Installing the file.
2026-06-25 16:43:35.047   Successfully installed the file.
2026-06-25 16:43:35.047   -- File entry --
2026-06-25 16:43:35.047   Dest filename: C:\Program Files\SamaHesab\database\02_CreateTables.sql
2026-06-25 16:43:35.047   Time stamp of our file: 2026-06-20 12:30:38.000
2026-06-25 16:43:35.047   Dest file exists.
2026-06-25 16:43:35.047   Time stamp of existing file: 2026-06-20 12:30:38.000
2026-06-25 16:43:35.047   Installing the file.
2026-06-25 16:43:35.048   Successfully installed the file.
2026-06-25 16:43:35.048   -- File entry --
2026-06-25 16:43:35.048   Dest filename: C:\Program Files\SamaHesab\database\03_CreateIndexes.sql
2026-06-25 16:43:35.048   Time stamp of our file: 2026-06-20 12:30:38.000
2026-06-25 16:43:35.048   Dest file exists.
2026-06-25 16:43:35.048   Time stamp of existing file: 2026-06-20 12:30:38.000
2026-06-25 16:43:35.048   Installing the file.
2026-06-25 16:43:35.049   Successfully installed the file.
2026-06-25 16:43:35.049   -- File entry --
2026-06-25 16:43:35.049   Dest filename: C:\Program Files\SamaHesab\database\04_CreateViews.sql
2026-06-25 16:43:35.049   Time stamp of our file: 2026-06-20 12:30:38.000
2026-06-25 16:43:35.049   Dest file exists.
2026-06-25 16:43:35.049   Time stamp of existing file: 2026-06-20 12:30:38.000
2026-06-25 16:43:35.049   Installing the file.
2026-06-25 16:43:35.050   Successfully installed the file.
2026-06-25 16:43:35.050   -- File entry --
2026-06-25 16:43:35.050   Dest filename: C:\Program Files\SamaHesab\database\05_StoredProcedures.sql
2026-06-25 16:43:35.050   Time stamp of our file: 2026-06-20 12:30:38.000
2026-06-25 16:43:35.050   Dest file exists.
2026-06-25 16:43:35.050   Time stamp of existing file: 2026-06-20 12:30:38.000
2026-06-25 16:43:35.050   Installing the file.
2026-06-25 16:43:35.051   Successfully installed the file.
2026-06-25 16:43:35.051   -- File entry --
2026-06-25 16:43:35.051   Dest filename: C:\Program Files\SamaHesab\database\06_SeedData.sql
2026-06-25 16:43:35.051   Time stamp of our file: 2026-06-20 12:30:38.000
2026-06-25 16:43:35.051   Dest file exists.
2026-06-25 16:43:35.051   Time stamp of existing file: 2026-06-20 12:30:38.000
2026-06-25 16:43:35.051   Installing the file.
2026-06-25 16:43:35.053   Successfully installed the file.
2026-06-25 16:43:35.053   -- File entry --
2026-06-25 16:43:35.053   Dest filename: C:\Program Files\SamaHesab\database\07_DefaultChartOfAccounts.sql
2026-06-25 16:43:35.053   Time stamp of our file: 2026-06-20 12:30:38.000
2026-06-25 16:43:35.053   Dest file exists.
2026-06-25 16:43:35.053   Time stamp of existing file: 2026-06-20 12:30:38.000
2026-06-25 16:43:35.053   Installing the file.
2026-06-25 16:43:35.054   Successfully installed the file.
2026-06-25 16:43:35.054   -- File entry --
2026-06-25 16:43:35.054   Dest filename: C:\Program Files\SamaHesab\database\08_DemoData.sql
2026-06-25 16:43:35.054   Time stamp of our file: 2026-06-20 12:30:38.000
2026-06-25 16:43:35.054   Dest file exists.
2026-06-25 16:43:35.054   Time stamp of existing file: 2026-06-20 12:30:38.000
2026-06-25 16:43:35.054   Installing the file.
2026-06-25 16:43:35.055   Successfully installed the file.
2026-06-25 16:43:35.055   -- File entry --
2026-06-25 16:43:35.055   Dest filename: C:\Program Files\SamaHesab\database\08_RunAll.sql
2026-06-25 16:43:35.055   Time stamp of our file: 2026-06-20 12:30:38.000
2026-06-25 16:43:35.055   Dest file exists.
2026-06-25 16:43:35.055   Time stamp of existing file: 2026-06-20 12:30:38.000
2026-06-25 16:43:35.055   Installing the file.
2026-06-25 16:43:35.056   Successfully installed the file.
2026-06-25 16:43:35.056   -- File entry --
2026-06-25 16:43:35.056   Dest filename: C:\Program Files\SamaHesab\database\09_Restaurant.sql
2026-06-25 16:43:35.056   Time stamp of our file: 2026-06-20 12:30:38.000
2026-06-25 16:43:35.056   Dest file exists.
2026-06-25 16:43:35.056   Time stamp of existing file: 2026-06-20 12:30:38.000
2026-06-25 16:43:35.056   Installing the file.
2026-06-25 16:43:35.057   Successfully installed the file.
2026-06-25 16:43:35.057   -- File entry --
2026-06-25 16:43:35.057   Dest filename: C:\Program Files\SamaHesab\database\11_VoucherTemplates.sql
2026-06-25 16:43:35.057   Time stamp of our file: 2026-06-20 12:30:38.000
2026-06-25 16:43:35.057   Dest file exists.
2026-06-25 16:43:35.057   Time stamp of existing file: 2026-06-20 12:30:38.000
2026-06-25 16:43:35.057   Installing the file.
2026-06-25 16:43:35.058   Successfully installed the file.
2026-06-25 16:43:35.058   -- File entry --
2026-06-25 16:43:35.058   Dest filename: C:\Program Files\SamaHesab\database\12_RecurringVouchers.sql
2026-06-25 16:43:35.058   Time stamp of our file: 2026-06-20 12:30:38.000
2026-06-25 16:43:35.058   Dest file exists.
2026-06-25 16:43:35.058   Time stamp of existing file: 2026-06-20 12:30:38.000
2026-06-25 16:43:35.058   Installing the file.
2026-06-25 16:43:35.059   Successfully installed the file.
2026-06-25 16:43:35.059   -- File entry --
2026-06-25 16:43:35.059   Dest filename: C:\Program Files\SamaHesab\database\13_UserItemRefs.sql
2026-06-25 16:43:35.059   Time stamp of our file: 2026-06-20 12:30:38.000
2026-06-25 16:43:35.059   Dest file exists.
2026-06-25 16:43:35.059   Time stamp of existing file: 2026-06-20 12:30:38.000
2026-06-25 16:43:35.059   Installing the file.
2026-06-25 16:43:35.060   Successfully installed the file.
2026-06-25 16:43:35.060   -- File entry --
2026-06-25 16:43:35.060   Dest filename: C:\Program Files\SamaHesab\database\14_StockCount.sql
2026-06-25 16:43:35.060   Time stamp of our file: 2026-06-20 12:30:38.000
2026-06-25 16:43:35.060   Dest file exists.
2026-06-25 16:43:35.060   Time stamp of existing file: 2026-06-20 12:30:38.000
2026-06-25 16:43:35.060   Installing the file.
2026-06-25 16:43:35.061   Successfully installed the file.
2026-06-25 16:43:35.061   -- File entry --
2026-06-25 16:43:35.061   Dest filename: C:\Program Files\SamaHesab\database\15_PurchaseOrders.sql
2026-06-25 16:43:35.061   Time stamp of our file: 2026-06-23 22:35:24.000
2026-06-25 16:43:35.061   Dest file exists.
2026-06-25 16:43:35.061   Time stamp of existing file: 2026-06-23 22:35:24.000
2026-06-25 16:43:35.061   Installing the file.
2026-06-25 16:43:35.063   Successfully installed the file.
2026-06-25 16:43:35.063   -- File entry --
2026-06-25 16:43:35.063   Dest filename: C:\Program Files\SamaHesab\database\16_CashShifts.sql
2026-06-25 16:43:35.063   Time stamp of our file: 2026-06-20 12:30:38.000
2026-06-25 16:43:35.063   Dest file exists.
2026-06-25 16:43:35.063   Time stamp of existing file: 2026-06-20 12:30:38.000
2026-06-25 16:43:35.063   Installing the file.
2026-06-25 16:43:35.064   Successfully installed the file.
2026-06-25 16:43:35.064   -- File entry --
2026-06-25 16:43:35.064   Dest filename: C:\Program Files\SamaHesab\database\17_HeldSales.sql
2026-06-25 16:43:35.064   Time stamp of our file: 2026-06-20 12:30:38.000
2026-06-25 16:43:35.064   Dest file exists.
2026-06-25 16:43:35.064   Time stamp of existing file: 2026-06-20 12:30:38.000
2026-06-25 16:43:35.064   Installing the file.
2026-06-25 16:43:35.065   Successfully installed the file.
2026-06-25 16:43:35.065   -- File entry --
2026-06-25 16:43:35.065   Dest filename: C:\Program Files\SamaHesab\database\18_RecurringInvoices.sql
2026-06-25 16:43:35.065   Time stamp of our file: 2026-06-20 12:30:38.000
2026-06-25 16:43:35.065   Dest file exists.
2026-06-25 16:43:35.065   Time stamp of existing file: 2026-06-20 12:30:38.000
2026-06-25 16:43:35.065   Installing the file.
2026-06-25 16:43:35.066   Successfully installed the file.
2026-06-25 16:43:35.066   -- File entry --
2026-06-25 16:43:35.066   Dest filename: C:\Program Files\SamaHesab\database\19_AccountingDimensions.sql
2026-06-25 16:43:35.066   Time stamp of our file: 2026-06-20 12:30:38.000
2026-06-25 16:43:35.066   Dest file exists.
2026-06-25 16:43:35.066   Time stamp of existing file: 2026-06-20 12:30:38.000
2026-06-25 16:43:35.066   Installing the file.
2026-06-25 16:43:35.067   Successfully installed the file.
2026-06-25 16:43:35.067   -- File entry --
2026-06-25 16:43:35.067   Dest filename: C:\Program Files\SamaHesab\database\20_Security_Rbac.sql
2026-06-25 16:43:35.067   Time stamp of our file: 2026-06-20 12:30:38.000
2026-06-25 16:43:35.067   Dest file exists.
2026-06-25 16:43:35.067   Time stamp of existing file: 2026-06-20 12:30:38.000
2026-06-25 16:43:35.067   Installing the file.
2026-06-25 16:43:35.068   Successfully installed the file.
2026-06-25 16:43:35.068   -- File entry --
2026-06-25 16:43:35.068   Dest filename: C:\Program Files\SamaHesab\database\21_CustomerContactFields.sql
2026-06-25 16:43:35.068   Time stamp of our file: 2026-06-20 12:30:38.000
2026-06-25 16:43:35.068   Dest file exists.
2026-06-25 16:43:35.068   Time stamp of existing file: 2026-06-20 12:30:38.000
2026-06-25 16:43:35.068   Installing the file.
2026-06-25 16:43:35.069   Successfully installed the file.
2026-06-25 16:43:35.069   -- File entry --
2026-06-25 16:43:35.069   Dest filename: C:\Program Files\SamaHesab\database\22_CustomerAttachments.sql
2026-06-25 16:43:35.069   Time stamp of our file: 2026-06-20 12:30:38.000
2026-06-25 16:43:35.069   Dest file exists.
2026-06-25 16:43:35.069   Time stamp of existing file: 2026-06-20 12:30:38.000
2026-06-25 16:43:35.069   Installing the file.
2026-06-25 16:43:35.070   Successfully installed the file.
2026-06-25 16:43:35.070   -- File entry --
2026-06-25 16:43:35.070   Dest filename: C:\Program Files\SamaHesab\database\23_ProductDiscountTiers.sql
2026-06-25 16:43:35.070   Time stamp of our file: 2026-06-20 12:30:38.000
2026-06-25 16:43:35.070   Dest file exists.
2026-06-25 16:43:35.070   Time stamp of existing file: 2026-06-20 12:30:38.000
2026-06-25 16:43:35.070   Installing the file.
2026-06-25 16:43:35.071   Successfully installed the file.
2026-06-25 16:43:35.071   -- File entry --
2026-06-25 16:43:35.071   Dest filename: C:\Program Files\SamaHesab\database\24_FixDimensionAuditColumns.sql
2026-06-25 16:43:35.071   Time stamp of our file: 2026-06-20 12:30:38.000
2026-06-25 16:43:35.071   Dest file exists.
2026-06-25 16:43:35.071   Time stamp of existing file: 2026-06-20 12:30:38.000
2026-06-25 16:43:35.071   Installing the file.
2026-06-25 16:43:35.072   Successfully installed the file.
2026-06-25 16:43:35.072   -- File entry --
2026-06-25 16:43:35.072   Dest filename: C:\Program Files\SamaHesab\database\25_InterBranchAccount.sql
2026-06-25 16:43:35.072   Time stamp of our file: 2026-06-20 12:30:38.000
2026-06-25 16:43:35.072   Dest file exists.
2026-06-25 16:43:35.072   Time stamp of existing file: 2026-06-20 12:30:38.000
2026-06-25 16:43:35.072   Installing the file.
2026-06-25 16:43:35.073   Successfully installed the file.
2026-06-25 16:43:35.073   -- File entry --
2026-06-25 16:43:35.073   Dest filename: C:\Program Files\SamaHesab\database\26_CashVarianceAccounts.sql
2026-06-25 16:43:35.073   Time stamp of our file: 2026-06-20 12:30:38.000
2026-06-25 16:43:35.073   Dest file exists.
2026-06-25 16:43:35.073   Time stamp of existing file: 2026-06-20 12:30:38.000
2026-06-25 16:43:35.073   Installing the file.
2026-06-25 16:43:35.074   Successfully installed the file.
2026-06-25 16:43:35.074   -- File entry --
2026-06-25 16:43:35.074   Dest filename: C:\Program Files\SamaHesab\database\27_VoucherApproval.sql
2026-06-25 16:43:35.074   Time stamp of our file: 2026-06-20 12:30:38.000
2026-06-25 16:43:35.074   Dest file exists.
2026-06-25 16:43:35.074   Time stamp of existing file: 2026-06-20 12:30:38.000
2026-06-25 16:43:35.074   Installing the file.
2026-06-25 16:43:35.075   Successfully installed the file.
2026-06-25 16:43:35.075   -- File entry --
2026-06-25 16:43:35.075   Dest filename: C:\Program Files\SamaHesab\database\28_DocumentTemplates.sql
2026-06-25 16:43:35.075   Time stamp of our file: 2026-06-20 12:30:38.000
2026-06-25 16:43:35.075   Dest file exists.
2026-06-25 16:43:35.075   Time stamp of existing file: 2026-06-20 12:30:38.000
2026-06-25 16:43:35.075   Installing the file.
2026-06-25 16:43:35.076   Successfully installed the file.
2026-06-25 16:43:35.076   -- File entry --
2026-06-25 16:43:35.076   Dest filename: C:\Program Files\SamaHesab\database\29_PayrollAccounts.sql
2026-06-25 16:43:35.076   Time stamp of our file: 2026-06-20 12:30:38.000
2026-06-25 16:43:35.076   Dest file exists.
2026-06-25 16:43:35.076   Time stamp of existing file: 2026-06-20 12:30:38.000
2026-06-25 16:43:35.076   Installing the file.
2026-06-25 16:43:35.077   Successfully installed the file.
2026-06-25 16:43:35.077   -- File entry --
2026-06-25 16:43:35.077   Dest filename: C:\Program Files\SamaHesab\database\30_FixTemplateNames.sql
2026-06-25 16:43:35.078   Time stamp of our file: 2026-06-20 12:30:38.000
2026-06-25 16:43:35.078   Dest file exists.
2026-06-25 16:43:35.078   Time stamp of existing file: 2026-06-20 12:30:38.000
2026-06-25 16:43:35.078   Installing the file.
2026-06-25 16:43:35.078   Successfully installed the file.
2026-06-25 16:43:35.078   -- File entry --
2026-06-25 16:43:35.078   Dest filename: C:\Program Files\SamaHesab\database\31_PerformanceIndexes.sql
2026-06-25 16:43:35.078   Time stamp of our file: 2026-06-20 12:30:38.000
2026-06-25 16:43:35.078   Dest file exists.
2026-06-25 16:43:35.078   Time stamp of existing file: 2026-06-20 12:30:38.000
2026-06-25 16:43:35.079   Installing the file.
2026-06-25 16:43:35.079   Successfully installed the file.
2026-06-25 16:43:35.079   -- File entry --
2026-06-25 16:43:35.079   Dest filename: C:\Program Files\SamaHesab\database\32_SupportCenter.sql
2026-06-25 16:43:35.079   Time stamp of our file: 2026-06-20 12:30:38.000
2026-06-25 16:43:35.079   Dest file exists.
2026-06-25 16:43:35.079   Time stamp of existing file: 2026-06-20 12:30:38.000
2026-06-25 16:43:35.079   Installing the file.
2026-06-25 16:43:35.081   Successfully installed the file.
2026-06-25 16:43:35.081   -- File entry --
2026-06-25 16:43:35.081   Dest filename: C:\Program Files\SamaHesab\database\33_RemoteSupportConnect.sql
2026-06-25 16:43:35.081   Time stamp of our file: 2026-06-20 12:30:38.000
2026-06-25 16:43:35.081   Dest file exists.
2026-06-25 16:43:35.081   Time stamp of existing file: 2026-06-20 12:30:38.000
2026-06-25 16:43:35.081   Installing the file.
2026-06-25 16:43:35.082   Successfully installed the file.
2026-06-25 16:43:35.082   -- File entry --
2026-06-25 16:43:35.082   Dest filename: C:\Program Files\SamaHesab\database\33_SalesInvoiceHeaderFields.sql
2026-06-25 16:43:35.082   Time stamp of our file: 2026-06-20 12:30:38.000
2026-06-25 16:43:35.082   Dest file exists.
2026-06-25 16:43:35.082   Time stamp of existing file: 2026-06-20 12:30:38.000
2026-06-25 16:43:35.082   Installing the file.
2026-06-25 16:43:35.083   Successfully installed the file.
2026-06-25 16:43:35.083   -- File entry --
2026-06-25 16:43:35.083   Dest filename: C:\Program Files\SamaHesab\database\34_DropOrphanTables.sql
2026-06-25 16:43:35.083   Time stamp of our file: 2026-06-20 12:30:38.000
2026-06-25 16:43:35.083   Dest file exists.
2026-06-25 16:43:35.083   Time stamp of existing file: 2026-06-20 12:30:38.000
2026-06-25 16:43:35.083   Installing the file.
2026-06-25 16:43:35.084   Successfully installed the file.
2026-06-25 16:43:35.084   -- File entry --
2026-06-25 16:43:35.084   Dest filename: C:\Program Files\SamaHesab\database\35_PartyUnification.sql
2026-06-25 16:43:35.084   Time stamp of our file: 2026-06-20 12:30:38.000
2026-06-25 16:43:35.084   Dest file exists.
2026-06-25 16:43:35.084   Time stamp of existing file: 2026-06-20 12:30:38.000
2026-06-25 16:43:35.084   Installing the file.
2026-06-25 16:43:35.085   Successfully installed the file.
2026-06-25 16:43:35.085   -- File entry --
2026-06-25 16:43:35.085   Dest filename: C:\Program Files\SamaHesab\database\36_PartyMergeByCode.sql
2026-06-25 16:43:35.085   Time stamp of our file: 2026-06-20 12:30:38.000
2026-06-25 16:43:35.085   Dest file exists.
2026-06-25 16:43:35.085   Time stamp of existing file: 2026-06-20 12:30:38.000
2026-06-25 16:43:35.085   Installing the file.
2026-06-25 16:43:35.086   Successfully installed the file.
2026-06-25 16:43:35.086   -- File entry --
2026-06-25 16:43:35.086   Dest filename: C:\Program Files\SamaHesab\database\37_PartyCutover.sql
2026-06-25 16:43:35.086   Time stamp of our file: 2026-06-20 12:30:38.000
2026-06-25 16:43:35.086   Dest file exists.
2026-06-25 16:43:35.086   Time stamp of existing file: 2026-06-20 12:30:38.000
2026-06-25 16:43:35.086   Installing the file.
2026-06-25 16:43:35.087   Successfully installed the file.
2026-06-25 16:43:35.087   -- File entry --
2026-06-25 16:43:35.087   Dest filename: C:\Program Files\SamaHesab\database\38_PartyGroupBirthDate.sql
2026-06-25 16:43:35.087   Time stamp of our file: 2026-06-21 05:02:40.000
2026-06-25 16:43:35.087   Dest file exists.
2026-06-25 16:43:35.087   Time stamp of existing file: 2026-06-21 05:02:40.000
2026-06-25 16:43:35.087   Installing the file.
2026-06-25 16:43:35.088   Successfully installed the file.
2026-06-25 16:43:35.088   -- File entry --
2026-06-25 16:43:35.088   Dest filename: C:\Program Files\SamaHesab\database\39_PayrollFullSchema.sql
2026-06-25 16:43:35.088   Time stamp of our file: 2026-06-22 00:40:42.000
2026-06-25 16:43:35.088   Dest file exists.
2026-06-25 16:43:35.088   Time stamp of existing file: 2026-06-22 00:40:42.000
2026-06-25 16:43:35.088   Installing the file.
2026-06-25 16:43:35.089   Successfully installed the file.
2026-06-25 16:43:35.089   -- File entry --
2026-06-25 16:43:35.089   Dest filename: C:\Program Files\SamaHesab\database\40_PayrollSettings.sql
2026-06-25 16:43:35.089   Time stamp of our file: 2026-06-22 15:08:04.000
2026-06-25 16:43:35.089   Dest file exists.
2026-06-25 16:43:35.089   Time stamp of existing file: 2026-06-22 15:08:04.000
2026-06-25 16:43:35.089   Installing the file.
2026-06-25 16:43:35.090   Successfully installed the file.
2026-06-25 16:43:35.090   -- File entry --
2026-06-25 16:43:35.090   Dest filename: C:\Program Files\SamaHesab\database\41_AttendanceSchema.sql
2026-06-25 16:43:35.090   Time stamp of our file: 2026-06-22 15:08:04.000
2026-06-25 16:43:35.090   Dest file exists.
2026-06-25 16:43:35.090   Time stamp of existing file: 2026-06-22 15:08:04.000
2026-06-25 16:43:35.090   Installing the file.
2026-06-25 16:43:35.091   Successfully installed the file.
2026-06-25 16:43:35.091   -- File entry --
2026-06-25 16:43:35.091   Dest filename: C:\Program Files\SamaHesab\database\42_Tourism.sql
2026-06-25 16:43:35.091   Time stamp of our file: 2026-06-22 15:08:04.000
2026-06-25 16:43:35.091   Dest file exists.
2026-06-25 16:43:35.091   Time stamp of existing file: 2026-06-22 15:08:04.000
2026-06-25 16:43:35.091   Installing the file.
2026-06-25 16:43:35.092   Successfully installed the file.
2026-06-25 16:43:35.093   -- File entry --
2026-06-25 16:43:35.093   Dest filename: C:\Program Files\SamaHesab\database\43_Contracting.sql
2026-06-25 16:43:35.093   Time stamp of our file: 2026-06-22 16:09:02.000
2026-06-25 16:43:35.093   Dest file exists.
2026-06-25 16:43:35.093   Time stamp of existing file: 2026-06-22 16:09:02.000
2026-06-25 16:43:35.093   Installing the file.
2026-06-25 16:43:35.094   Successfully installed the file.
2026-06-25 16:43:35.094   -- File entry --
2026-06-25 16:43:35.094   Dest filename: C:\Program Files\SamaHesab\database\43_DemoData_Tourism.sql
2026-06-25 16:43:35.094   Time stamp of our file: 2026-06-22 16:09:02.000
2026-06-25 16:43:35.094   Dest file exists.
2026-06-25 16:43:35.094   Time stamp of existing file: 2026-06-22 16:09:02.000
2026-06-25 16:43:35.094   Installing the file.
2026-06-25 16:43:35.095   Successfully installed the file.
2026-06-25 16:43:35.095   -- File entry --
2026-06-25 16:43:35.095   Dest filename: C:\Program Files\SamaHesab\database\44_DemoData_Contracting.sql
2026-06-25 16:43:35.095   Time stamp of our file: 2026-06-23 01:33:52.000
2026-06-25 16:43:35.095   Dest file exists.
2026-06-25 16:43:35.095   Time stamp of existing file: 2026-06-23 01:33:52.000
2026-06-25 16:43:35.095   Installing the file.
2026-06-25 16:43:35.096   Successfully installed the file.
2026-06-25 16:43:35.096   -- File entry --
2026-06-25 16:43:35.096   Dest filename: C:\Program Files\SamaHesab\database\45_AttendanceDevices.sql
2026-06-25 16:43:35.096   Time stamp of our file: 2026-06-23 01:59:48.000
2026-06-25 16:43:35.096   Dest file exists.
2026-06-25 16:43:35.096   Time stamp of existing file: 2026-06-23 01:59:48.000
2026-06-25 16:43:35.096   Installing the file.
2026-06-25 16:43:35.097   Successfully installed the file.
2026-06-25 16:43:35.097   -- File entry --
2026-06-25 16:43:35.097   Dest filename: C:\Program Files\SamaHesab\database\46_CompanySettings.sql
2026-06-25 16:43:35.097   Time stamp of our file: 2026-06-23 10:05:06.000
2026-06-25 16:43:35.097   Dest file exists.
2026-06-25 16:43:35.097   Time stamp of existing file: 2026-06-23 10:05:06.000
2026-06-25 16:43:35.097   Installing the file.
2026-06-25 16:43:35.097   Successfully installed the file.
2026-06-25 16:43:35.097   -- File entry --
2026-06-25 16:43:35.097   Dest filename: C:\Program Files\SamaHesab\database\47_Pms.sql
2026-06-25 16:43:35.098   Time stamp of our file: 2026-06-23 22:35:24.000
2026-06-25 16:43:35.098   Dest file exists.
2026-06-25 16:43:35.098   Time stamp of existing file: 2026-06-23 22:35:24.000
2026-06-25 16:43:35.098   Installing the file.
2026-06-25 16:43:35.098   Successfully installed the file.
2026-06-25 16:43:35.098   -- File entry --
2026-06-25 16:43:35.098   Dest filename: C:\Program Files\SamaHesab\database\48_TourismCapacity.sql
2026-06-25 16:43:35.098   Time stamp of our file: 2026-06-24 01:43:08.000
2026-06-25 16:43:35.098   Dest file exists.
2026-06-25 16:43:35.098   Time stamp of existing file: 2026-06-24 01:43:08.000
2026-06-25 16:43:35.098   Installing the file.
2026-06-25 16:43:35.099   Successfully installed the file.
2026-06-25 16:43:35.099   -- File entry --
2026-06-25 16:43:35.099   Dest filename: C:\Program Files\SamaHesab\database\49_TourismTravelDate.sql
2026-06-25 16:43:35.099   Time stamp of our file: 2026-06-24 01:59:18.000
2026-06-25 16:43:35.099   Dest file exists.
2026-06-25 16:43:35.099   Time stamp of existing file: 2026-06-24 01:59:18.000
2026-06-25 16:43:35.099   Installing the file.
2026-06-25 16:43:35.099   Successfully installed the file.
2026-06-25 16:43:35.099   -- File entry --
2026-06-25 16:43:35.099   Dest filename: C:\Program Files\SamaHesab\database\_win_01_create.sql
2026-06-25 16:43:35.101   Time stamp of our file: 2026-06-20 12:30:38.000
2026-06-25 16:43:35.101   Dest file exists.
2026-06-25 16:43:35.101   Time stamp of existing file: 2026-06-20 12:30:38.000
2026-06-25 16:43:35.101   Installing the file.
2026-06-25 16:43:35.101   Successfully installed the file.
2026-06-25 16:43:35.101   -- Icon entry --
2026-06-25 16:43:35.101   Dest filename: C:\ProgramData\Microsoft\Windows\Start Menu\Programs\سما حساب\سما حساب.lnk
2026-06-25 16:43:35.102   Creating the icon.
2026-06-25 16:43:35.160   Successfully created the icon.
2026-06-25 16:43:35.171   -- Icon entry --
2026-06-25 16:43:35.171   Dest filename: C:\ProgramData\Microsoft\Windows\Start Menu\Programs\سما حساب\صندوقِ فروش (POS).lnk
2026-06-25 16:43:35.172   Creating the icon.
2026-06-25 16:43:35.201   Successfully created the icon.
2026-06-25 16:43:35.206   -- Icon entry --
2026-06-25 16:43:35.206   Dest filename: C:\ProgramData\Microsoft\Windows\Start Menu\Programs\سما حساب\رستوران.lnk
2026-06-25 16:43:35.208   Creating the icon.
2026-06-25 16:43:35.231   Successfully created the icon.
2026-06-25 16:43:35.237   -- Icon entry --
2026-06-25 16:43:35.237   Dest filename: C:\ProgramData\Microsoft\Windows\Start Menu\Programs\سما حساب\گارسون.lnk
2026-06-25 16:43:35.237   Creating the icon.
2026-06-25 16:43:35.261   Successfully created the icon.
2026-06-25 16:43:35.266   -- Icon entry --
2026-06-25 16:43:35.266   Dest filename: C:\ProgramData\Microsoft\Windows\Start Menu\Programs\سما حساب\آشپزخانه.lnk
2026-06-25 16:43:35.266   Creating the icon.
2026-06-25 16:43:35.293   Successfully created the icon.
2026-06-25 16:43:35.300   -- Icon entry --
2026-06-25 16:43:35.300   Dest filename: C:\ProgramData\Microsoft\Windows\Start Menu\Programs\سما حساب\انبار.lnk
2026-06-25 16:43:35.300   Creating the icon.
2026-06-25 16:43:35.323   Successfully created the icon.
2026-06-25 16:43:35.328   -- Icon entry --
2026-06-25 16:43:35.328   Dest filename: C:\ProgramData\Microsoft\Windows\Start Menu\Programs\سما حساب\حضور و غیاب.lnk
2026-06-25 16:43:35.329   Creating the icon.
2026-06-25 16:43:35.353   Successfully created the icon.
2026-06-25 16:43:35.358   -- Icon entry --
2026-06-25 16:43:35.358   Dest filename: C:\ProgramData\Microsoft\Windows\Start Menu\Programs\سما حساب\سرورِ سما حساب (API).lnk
2026-06-25 16:43:35.358   Creating the icon.
2026-06-25 16:43:35.381   Successfully created the icon.
2026-06-25 16:43:35.386   -- Icon entry --
2026-06-25 16:43:35.386   Dest filename: C:\ProgramData\Microsoft\Windows\Start Menu\Programs\سما حساب\ابزارِ مهاجرت داده.lnk
2026-06-25 16:43:35.388   Creating the icon.
2026-06-25 16:43:35.410   Successfully created the icon.
2026-06-25 16:43:35.415   -- Icon entry --
2026-06-25 16:43:35.415   Dest filename: C:\ProgramData\Microsoft\Windows\Start Menu\Programs\سما حساب\خودآموزِ گام‌به‌گام.lnk
2026-06-25 16:43:35.416   Creating the icon.
2026-06-25 16:43:35.417   Successfully created the icon.
2026-06-25 16:43:35.423   -- Icon entry --
2026-06-25 16:43:35.423   Dest filename: C:\ProgramData\Microsoft\Windows\Start Menu\Programs\سما حساب\راهنمای کاربر.lnk
2026-06-25 16:43:35.424   Creating the icon.
2026-06-25 16:43:35.426   Successfully created the icon.
2026-06-25 16:43:35.431   -- Icon entry --
2026-06-25 16:43:35.431   Dest filename: C:\ProgramData\Microsoft\Windows\Start Menu\Programs\سما حساب\حذف سما حساب.lnk
2026-06-25 16:43:35.431   Creating the icon.
2026-06-25 16:43:35.434   Successfully created the icon.
2026-06-25 16:43:35.439   -- Icon entry --
2026-06-25 16:43:35.439   Dest filename: C:\Users\Public\Desktop\سما حساب.lnk
2026-06-25 16:43:35.440   Creating the icon.
2026-06-25 16:43:35.442   Successfully created the icon.
2026-06-25 16:43:35.451   -- Icon entry --
2026-06-25 16:43:35.451   Dest filename: C:\Users\Public\Desktop\صندوقِ فروشِ سما حساب.lnk
2026-06-25 16:43:35.451   Creating the icon.
2026-06-25 16:43:35.454   Successfully created the icon.
2026-06-25 16:43:35.460   -- Icon entry --
2026-06-25 16:43:35.460   Dest filename: C:\Users\Public\Desktop\رستورانِ سما حساب.lnk
2026-06-25 16:43:35.460   Creating the icon.
2026-06-25 16:43:35.463   Successfully created the icon.
2026-06-25 16:43:35.468   -- Icon entry --
2026-06-25 16:43:35.468   Dest filename: C:\Users\Public\Desktop\گارسونِ سما حساب.lnk
2026-06-25 16:43:35.468   Creating the icon.
2026-06-25 16:43:35.470   Successfully created the icon.
2026-06-25 16:43:35.490   -- Icon entry --
2026-06-25 16:43:35.490   Dest filename: C:\Users\Public\Desktop\آشپزخانهٔ سما حساب.lnk
2026-06-25 16:43:35.490   Creating the icon.
2026-06-25 16:43:35.492   Successfully created the icon.
2026-06-25 16:43:35.497   -- Icon entry --
2026-06-25 16:43:35.497   Dest filename: C:\Users\Public\Desktop\انبارِ سما حساب.lnk
2026-06-25 16:43:35.498   Creating the icon.
2026-06-25 16:43:35.499   Successfully created the icon.
2026-06-25 16:43:35.518   -- Icon entry --
2026-06-25 16:43:35.518   Dest filename: C:\Users\Public\Desktop\ابزارِ مهاجرتِ سما حساب.lnk
2026-06-25 16:43:35.519   Creating the icon.
2026-06-25 16:43:35.520   Successfully created the icon.
2026-06-25 16:43:35.526   -- Icon entry --
2026-06-25 16:43:35.526   Dest filename: C:\Users\Public\Desktop\سرورِ سما حساب (API).lnk
2026-06-25 16:43:35.526   Creating the icon.
2026-06-25 16:43:35.529   Successfully created the icon.
2026-06-25 16:43:35.547   -- Icon entry --
2026-06-25 16:43:35.547   Dest filename: C:\Users\Public\Desktop\گردشگری — سما حساب.lnk
2026-06-25 16:43:35.547   Creating the icon.
2026-06-25 16:43:35.551   Successfully created the icon.
2026-06-25 16:43:35.556   -- Icon entry --
2026-06-25 16:43:35.556   Dest filename: C:\Users\Public\Desktop\حقوق و دستمزد — سما حساب.lnk
2026-06-25 16:43:35.556   Creating the icon.
2026-06-25 16:43:35.558   Successfully created the icon.
2026-06-25 16:43:35.575   -- Icon entry --
2026-06-25 16:43:35.575   Dest filename: C:\Users\Public\Desktop\حضور و غیاب — سما حساب.lnk
2026-06-25 16:43:35.576   Creating the icon.
2026-06-25 16:43:35.578   Successfully created the icon.
2026-06-25 16:43:35.584   -- Icon entry --
2026-06-25 16:43:35.584   Dest filename: C:\Users\Public\Desktop\پیمانکاری — سما حساب.lnk
2026-06-25 16:43:35.584   Creating the icon.
2026-06-25 16:43:35.586   Successfully created the icon.
2026-06-25 16:43:35.606   -- Registry entry --
2026-06-25 16:43:35.606   Key: HKEY_LOCAL_MACHINE\SOFTWARE\SamaNarmAfzar\SamaHesab
2026-06-25 16:43:35.606   Value name: InstallPath
2026-06-25 16:43:35.606   Creating or opening the key.
2026-06-25 16:43:35.606   Creating or setting the value.
2026-06-25 16:43:35.606   Successfully created or set the value.
2026-06-25 16:43:35.606   -- Registry entry --
2026-06-25 16:43:35.606   Key: HKEY_LOCAL_MACHINE\SOFTWARE\SamaNarmAfzar\SamaHesab
2026-06-25 16:43:35.606   Value name: Version
2026-06-25 16:43:35.606   Creating or opening the key.
2026-06-25 16:43:35.606   Creating or setting the value.
2026-06-25 16:43:35.606   Successfully created or set the value.
2026-06-25 16:43:35.606   -- Registry entry --
2026-06-25 16:43:35.606   Key: HKEY_CLASSES_ROOT\.shbak
2026-06-25 16:43:35.606   Creating or opening the key.
2026-06-25 16:43:35.606   Creating or setting the value.
2026-06-25 16:43:35.606   Successfully created or set the value.
2026-06-25 16:43:35.606   -- Registry entry --
2026-06-25 16:43:35.606   Key: HKEY_CLASSES_ROOT\SamaHesab.Backup
2026-06-25 16:43:35.606   Creating or opening the key.
2026-06-25 16:43:35.607   Creating or setting the value.
2026-06-25 16:43:35.607   Successfully created or set the value.
2026-06-25 16:43:35.607   -- Registry entry --
2026-06-25 16:43:35.607   Key: HKEY_CLASSES_ROOT\SamaHesab.Backup\DefaultIcon
2026-06-25 16:43:35.607   Creating or opening the key.
2026-06-25 16:43:35.607   Creating or setting the value.
2026-06-25 16:43:35.607   Successfully created or set the value.
2026-06-25 16:43:35.607   Saving uninstall information.
2026-06-25 16:43:35.607   Renaming uninstaller.
2026-06-25 16:43:35.607   Deleting uninstall key left over from previous administrative 64-bit install.
2026-06-25 16:43:35.611   Creating new uninstall key: HKEY_LOCAL_MACHINE\Software\Microsoft\Windows\CurrentVersion\Uninstall\{A1B2C3D4-E5F6-7890-ABCD-EF1234567890}_is1
2026-06-25 16:43:35.611   Writing uninstall key values.
2026-06-25 16:43:35.611   Detected previous non administrative install? No
2026-06-25 16:43:35.611   Detected previous administrative 32-bit install? No
2026-06-25 16:43:35.615   Installation process succeeded.
2026-06-25 16:43:35.615   Need to restart Windows? No
2026-06-25 16:43:35.623   -- Run entry --
2026-06-25 16:43:35.623   Run as: Original user
2026-06-25 16:43:35.623   Type: Exec
2026-06-25 16:43:35.623   Filename: C:\Program Files\SamaHesab\SamaHesab.exe
2026-06-25 16:43:35.650   Deinitializing Setup.
2026-06-25 16:43:35.664   Log closed.
